Kit NSN,Kit Name,Item NSN,Description,Quantity,Unit of Measure,Source,Unit Price,Extended Price,Accountability Code,Is Sub-Kit
6545-21-111-8439,FIRST AID KIT GENERAL PURPOSE NO.1 FOR 1 TO 9 PERSONS,6510-00-786-3736,PAD ISOPROPYL ALCOHOL,0.05,BX,WHSE,2.07,0.1,C,
6545-21-111-8439,FIRST AID KIT GENERAL PURPOSE NO.1 FOR 1 TO 9 PERSONS,6510-21-116-0179,BANDAGE TRIANGLE KHAKI,2,PG,WHSE,1.95,3.9,C,
6545-21-111-8439,FIRST AID KIT GENERAL PURPOSE NO.1 FOR 1 TO 9 PERSONS,6510-21-845-2239,BANDAGE 100'S,1,BX,WHSE,2,2,C,
6545-21-111-8439,FIRST AID KIT GENERAL PURPOSE NO.1 FOR 1 TO 9 PERSONS,6510-21-846-1218,TAPE ADH WHITE 2.5CMX9M,1,SL,WHSE,1.53,1.53,C,
6545-21-111-8439,FIRST AID KIT GENERAL PURPOSE NO.1 FOR 1 TO 9 PERSONS,6510-21-851-4200,BANDAGE COMPRESS 4 X 4IN,3,EA,WHSE,0.34,1.02,C,
6545-21-111-8439,FIRST AID KIT GENERAL PURPOSE NO.1 FOR 1 TO 9 PERSONS,6515-00-337-2400,"FORCEPS SPLINTER 4""(10CM)LG",1,EA,WHSE,1.1,1.1,D,
6545-21-111-8439,FIRST AID KIT GENERAL PURPOSE NO.1 FOR 1 TO 9 PERSONS,6515-21-896-0917,BANDAGE SCISSORS 14.6CM,1,EA,WHSE,1.21,1.21,C,
6545-21-111-8439,FIRST AID KIT GENERAL PURPOSE NO.1 FOR 1 TO 9 PERSONS,6515-CF-001-8628,DEPRESSOR TONGUE IND WRP,4,EA,WHSE,0.04,0.16,C,
6545-21-111-8439,FIRST AID KIT GENERAL PURPOSE NO.1 FOR 1 TO 9 PERSONS,6515-CF-003-0008,APPLICATOR DISPOSABLE,0.1,BX,WHSE,13.05,1.31,C,
6545-21-111-8439,FIRST AID KIT GENERAL PURPOSE NO.1 FOR 1 TO 9 PERSONS,6515-CF-005-0609,"GLOVE, EXAM NITRILE NON-STERILE CHEMO TESTED LARGE",0.04,BX,WHSE,22.28,0.89,C,
6545-21-111-8439,FIRST AID KIT GENERAL PURPOSE NO.1 FOR 1 TO 9 PERSONS,6515-CF-005-1464,"MASK, CPR FACESHIELD WITH ONE-WAY VALVE",0.04,BG,WHSE,96.65,3.87,C,
6545-21-111-8439,FIRST AID KIT GENERAL PURPOSE NO.1 FOR 1 TO 9 PERSONS,6545-CF-002-8272,CASE EMPTY FAK 26CMX18CM,1,EA,WHSE,5.86,5.86,C,
6545-21-111-8439,FIRST AID KIT GENERAL PURPOSE NO.1 FOR 1 TO 9 PERSONS,7530-21-921-2933,"FORM, FIRST AID TREATMENT REGISTER, 3.25IN X 6IN",1,BK,ExternalRqn,0,0,C,
6545-21-111-8439,FIRST AID KIT GENERAL PURPOSE NO.1 FOR 1 TO 9 PERSONS,CARD2,CARD KIT LIST,1,,ExternalRqn,0.08,0.08,,
6545-CF-005-0860,"KIT, FIRST AID, TCCC, ALL SERVICE MEMBERS (ASM), MARITIME VARIANT",6515-CF-005-1328,"POUCH, TT TAC POUCH, 8.1 HIP BAG, W/ REMOVABLE WAIST BELT, BLACK",1,EA,WHSE,76.79,76.79,C,
6545-CF-005-0860,"KIT, FIRST AID, TCCC, ALL SERVICE MEMBERS (ASM), MARITIME VARIANT",6545-CF-005-0858,"KIT, FIRST AID, TCCC, ALL SERVICE MEMBERS (ASM), CONTENTS ONLY",1,KT,WHSE,0,0,D,
6545-CF-005-0438,"KIT, MARITIME R1 MTF, MASCAL, EVACUATION, TRAUMA",4240-20-011-8588,"BLANKET,SURVIVAL. FOIL/MYLAR W142CM x L203CM",10,EA,WHSE,1.39,13.9,C,
6545-CF-005-0438,"KIT, MARITIME R1 MTF, MASCAL, EVACUATION, TRAUMA",5340-01-682-0499,"CAP-PLUG,PROTECTIVE,DUST AND MOISTURE SEAL",5,EA,WHSE,0.12,0.6,C,
6545-CF-005-0438,"KIT, MARITIME R1 MTF, MASCAL, EVACUATION, TRAUMA",6135-21-892-7266,"BATTERY, C CELL",4,EA,ExternalRqn,1.44,5.76,C,
6545-CF-005-0438,"KIT, MARITIME R1 MTF, MASCAL, EVACUATION, TRAUMA",6135-21-892-7267,BATTERY 1.5V TYPE AA,4,EA,ExternalRqn,0.48,1.92,C,
6545-CF-005-0438,"KIT, MARITIME R1 MTF, MASCAL, EVACUATION, TRAUMA",6135-21-892-7268,BATTERY 1.5V TYPE D,4,EA,ExternalRqn,1.16,4.64,D,
6545-CF-005-0438,"KIT, MARITIME R1 MTF, MASCAL, EVACUATION, TRAUMA",6230-00-125-5528,FLASHLIGHT DISP 11CM LG,1,EA,WHSE,3.02,3.02,C,
6545-CF-005-0438,"KIT, MARITIME R1 MTF, MASCAL, EVACUATION, TRAUMA",6230-00-161-6422,"FLASHLIGHT, CFSS ITEM - CONTAINED IN MEDICAL KITS/SETS; 2 CELL, WITHOUT BATTERIES",1,EA,ExternalRqn,0,0,C,
6545-CF-005-0438,"KIT, MARITIME R1 MTF, MASCAL, EVACUATION, TRAUMA",6240-CF-002-8108,LAMP HALO 3.5V MACROVIEW,1,EA,WHSE,23.94,23.94,C,
6545-CF-005-0438,"KIT, MARITIME R1 MTF, MASCAL, EVACUATION, TRAUMA",6505-20-002-1827,DIPHENH INJ 50MG/ML-1ML,20,EA,WHSE,4.04,80.8,C,
6545-CF-005-0438,"KIT, MARITIME R1 MTF, MASCAL, EVACUATION, TRAUMA",6505-20-010-9611,"IRRIGATION SOLUTION, OPTHALMIC, 120ML",1,BT,WHSE,4.41,4.41,C,
6545-CF-005-0438,"KIT, MARITIME R1 MTF, MASCAL, EVACUATION, TRAUMA",6505-20-011-4598,POLYMYXIN B SULFATE AND GRAMICIDIN OPHTHALMIC SOLN 10000 UNITS AND 25UG/ML IN 10-15ML DROPPER BOTTLE,1,BT,WHSE,14.26,14.26,,
6545-CF-005-0438,"KIT, MARITIME R1 MTF, MASCAL, EVACUATION, TRAUMA",6505-20-012-4826,"LUBRICATING GEL, SURGICAL",1,TU,WHSE,1.85,1.85,C,
6545-CF-005-0438,"KIT, MARITIME R1 MTF, MASCAL, EVACUATION, TRAUMA",6505-21-843-5826,BACITRACIN ZINC OINT,2,TU,WHSE,4.95,9.9,C,
6545-CF-005-0438,"KIT, MARITIME R1 MTF, MASCAL, EVACUATION, TRAUMA",6505-21-855-3742,"LACTATED RINGER'S, FOR INJECTION, 1000ML, IV BAG",30,BG,WHSE,4,120,C,
6545-CF-005-0438,"KIT, MARITIME R1 MTF, MASCAL, EVACUATION, TRAUMA",6505-21-870-8370,FUROSEM INJ 10MG/ML-2ML,3,EA,WHSE,1.74,5.22,D,
6545-CF-005-0438,"KIT, MARITIME R1 MTF, MASCAL, EVACUATION, TRAUMA",6505-21-872-2053,SALBUTAMOL INHLR 100MCG,3,CN,WHSE,5,15,D,
6545-CF-005-0438,"KIT, MARITIME R1 MTF, MASCAL, EVACUATION, TRAUMA",6505-21-913-6604,CHLORHEX GLUCO 4%-450ML,1,EA,WHSE,6.53,6.53,C,
6545-CF-005-0438,"KIT, MARITIME R1 MTF, MASCAL, EVACUATION, TRAUMA",6505-CF-002-6068,SODIUM BICARB 8.4% INJ,3,VI,WHSE,18.22,54.66,C,
6545-CF-005-0438,"KIT, MARITIME R1 MTF, MASCAL, EVACUATION, TRAUMA",6505-CF-002-7857,DEX 50% INJ PRE-SYR 50ML,2,EA,WHSE,38.12,76.24,C,
6545-CF-005-0438,"KIT, MARITIME R1 MTF, MASCAL, EVACUATION, TRAUMA",6505-CF-005-0634,"EPINEPHRINE, 0.1MG/ML, ADULT, 10ML PREFILL SYRINGE, WITHOUT NEEDLE",2,EA,WHSE,38.06,76.12,C,
6545-CF-005-0438,"KIT, MARITIME R1 MTF, MASCAL, EVACUATION, TRAUMA",6510-00-203-4510,TAPE ADHES 5CM X 4.5M,4,SL,WHSE,3.06,12.24,C,
6545-CF-005-0438,"KIT, MARITIME R1 MTF, MASCAL, EVACUATION, TRAUMA",6510-00-786-3736,PAD ISOPROPYL ALCOHOL,1,BX,WHSE,2.07,2.07,C,
6545-CF-005-0438,"KIT, MARITIME R1 MTF, MASCAL, EVACUATION, TRAUMA",6510-01-558-3342,DRSSNG MODULAR 4IN NLTX,30,EA,WHSE,11.76,352.8,C,
6545-CF-005-0438,"KIT, MARITIME R1 MTF, MASCAL, EVACUATION, TRAUMA",6510-01-558-3443,DRSSNG MODULAR 6IN(15CM) NLTX,30,EA,WHSE,13.44,403.2,C,
6545-CF-005-0438,"KIT, MARITIME R1 MTF, MASCAL, EVACUATION, TRAUMA",6510-01-562-3325,GAUZE HEMOSTATIC 7.5CM,4,EA,WHSE,56.33,225.32,C,
6545-CF-005-0438,"KIT, MARITIME R1 MTF, MASCAL, EVACUATION, TRAUMA",6510-01-586-4314,BANDAGE TRAUMA 20IN X 20IN(50.8CM X 50.8CM),4,EA,WHSE,15.03,60.12,C,
6545-CF-005-0438,"KIT, MARITIME R1 MTF, MASCAL, EVACUATION, TRAUMA",6510-01-621-1129,"DRESSING, CHEST WOUND SEAL, NON-VALVED",2,PG,WHSE,36.59,73.18,C,
6545-CF-005-0438,"KIT, MARITIME R1 MTF, MASCAL, EVACUATION, TRAUMA",6510-01-658-7745,CHEST SEAL W/VALVE 2.0 NO PAD OR CAP,3,EA,WHSE,31.82,95.46,C,
6545-CF-005-0438,"KIT, MARITIME R1 MTF, MASCAL, EVACUATION, TRAUMA",6510-20-013-4808,"DRESSING, ADHESIVE, NON-STERILE, BREATHABLE",1,BX,WHSE,29.53,29.53,C,
6545-CF-005-0438,"KIT, MARITIME R1 MTF, MASCAL, EVACUATION, TRAUMA",6510-21-116-0141,APPLICATOR TUBULAR NO.1,1,EA,WHSE,39.24,39.24,C,
6545-CF-005-0438,"KIT, MARITIME R1 MTF, MASCAL, EVACUATION, TRAUMA",6510-21-116-0142,APPLICATOR TUBULAR NO.2,1,EA,WHSE,43.16,43.16,C,
6545-CF-005-0438,"KIT, MARITIME R1 MTF, MASCAL, EVACUATION, TRAUMA",6510-21-116-0149,BANDAGE TENSOR 6IN X5YDS,3,EA,WHSE,1.01,3.03,C,
6545-CF-005-0438,"KIT, MARITIME R1 MTF, MASCAL, EVACUATION, TRAUMA",6510-21-116-0150,BANDAGE CREPE 3IN X 5YDS,12,EA,WHSE,3.78,45.36,C,
6545-CF-005-0438,"KIT, MARITIME R1 MTF, MASCAL, EVACUATION, TRAUMA",6510-21-116-0154,"BANDAGE ELASTIC ADHESIVE BACK 7.5CM X 4.6M ROLLED, SKIN COLOUR, ONE SIDE COATED WITH ADHESIVE BACKING",6,EA,WHSE,9.58,57.48,C,
6545-CF-005-0438,"KIT, MARITIME R1 MTF, MASCAL, EVACUATION, TRAUMA",6510-21-116-0177,BANDAGE GZ TUB 1.6CMX20M,2,EA,WHSE,6.24,12.48,C,
6545-CF-005-0438,"KIT, MARITIME R1 MTF, MASCAL, EVACUATION, TRAUMA",6510-21-116-0178,BANDAGE GAUZE TUBULAR 2.5CM W X 20M LG WHITE NONSTERILE W/O APPLICATOR ROLLED FORM IN DISPENSING PACKAGE (SIZE 2),2,EA,WHSE,6.76,13.52,C,
6545-CF-005-0438,"KIT, MARITIME R1 MTF, MASCAL, EVACUATION, TRAUMA",6510-21-116-0179,BANDAGE TRIANGLE KHAKI,300,PG,WHSE,1.95,585,C,
6545-CF-005-0438,"KIT, MARITIME R1 MTF, MASCAL, EVACUATION, TRAUMA",6510-21-116-0202,PAD NONADHERENT 7.5X10CM,25,EA,WHSE,0.11,2.75,C,
6545-CF-005-0438,"KIT, MARITIME R1 MTF, MASCAL, EVACUATION, TRAUMA",6510-21-845-2189,PAD COTTON (EYE) OVAL,6,EA,WHSE,0.16,0.96,C,
6545-CF-005-0438,"KIT, MARITIME R1 MTF, MASCAL, EVACUATION, TRAUMA",6510-21-845-2200,"BANDAGE, STRETCH GAUZE, WHITE 7.6CM W X 4.5M LG, ROLL, NONSTERILE, LATEX-FREE",12,RO,WHSE,0.2,2.4,C,
6545-CF-005-0438,"KIT, MARITIME R1 MTF, MASCAL, EVACUATION, TRAUMA",6510-21-845-2201,BANDGE GZ WHITE 4IN X5YD,12,EA,WHSE,0.66,7.92,C,
6545-CF-005-0438,"KIT, MARITIME R1 MTF, MASCAL, EVACUATION, TRAUMA",6510-21-845-2239,BANDAGE 100'S,1,BX,WHSE,2,2,C,
6545-CF-005-0438,"KIT, MARITIME R1 MTF, MASCAL, EVACUATION, TRAUMA",6510-21-846-1217,TAPE X-RAY TRANSPARENT,6,SL,WHSE,1.19,7.14,C,
6545-CF-005-0438,"KIT, MARITIME R1 MTF, MASCAL, EVACUATION, TRAUMA",6510-21-846-1218,TAPE ADH WHITE 2.5CMX9M,12,SL,WHSE,1.53,18.36,C,
6545-CF-005-0438,"KIT, MARITIME R1 MTF, MASCAL, EVACUATION, TRAUMA",6510-21-860-8463,SKIN CLOSURE 3 X 75MM,1,BX,WHSE,43.27,43.27,C,
6545-CF-005-0438,"KIT, MARITIME R1 MTF, MASCAL, EVACUATION, TRAUMA",6510-21-860-8464,SKIN CLOSURE 6 X 75MM,1,BX,WHSE,44.55,44.55,C,
6545-CF-005-0438,"KIT, MARITIME R1 MTF, MASCAL, EVACUATION, TRAUMA",6510-21-890-0883,SPONGE 4-P STER 10X10CM,50,PG,WHSE,0.1,5,C,
6545-CF-005-0438,"KIT, MARITIME R1 MTF, MASCAL, EVACUATION, TRAUMA",6510-21-891-0089,SPONGE SURG 4PLY 5 X 5CM,1,PG,WHSE,1.24,1.24,C,
6545-CF-005-0438,"KIT, MARITIME R1 MTF, MASCAL, EVACUATION, TRAUMA",6510-21-891-0091,SPONGE 4-P N-ST 10X10CM,1,PG,WHSE,4.83,4.83,C,
6545-CF-005-0438,"KIT, MARITIME R1 MTF, MASCAL, EVACUATION, TRAUMA",6510-21-907-7341,SPONGE 8-P N-ST 7X 7CM,1,PG,WHSE,3.27,3.27,C,
6545-CF-005-0438,"KIT, MARITIME R1 MTF, MASCAL, EVACUATION, TRAUMA",6510-21-909-0875,"BANDAGE, POST-OP, ADHESIVE, HIGHLY ABSORBENT, NON-STICK, WATERPROOF WITH BACTERIAL BARRIER, 15.5CM X 8.5CM",1,BX,WHSE,54.58,54.58,C,
6545-CF-005-0438,"KIT, MARITIME R1 MTF, MASCAL, EVACUATION, TRAUMA",6510-CF-001-7793,DRESSING STRIP 4CM X 5M,1,EA,WHSE,17.64,17.64,C,
6545-CF-005-0438,"KIT, MARITIME R1 MTF, MASCAL, EVACUATION, TRAUMA",6510-CF-001-9229,PAD ABDOMINAL 8IN X 10IN,4,BX,WHSE,7.85,31.4,C,
6545-CF-005-0438,"KIT, MARITIME R1 MTF, MASCAL, EVACUATION, TRAUMA",6510-CF-002-0797,"DRESSING, BURN, DRY, 10CM X 20CM, ACTICOAT, ANTIMICROBIAL SILVER COATED",12,EA,WHSE,14.67,176.04,C,
6545-CF-005-0438,"KIT, MARITIME R1 MTF, MASCAL, EVACUATION, TRAUMA",6510-CF-002-0798,"DRESSING, BURN, DRY, 20CM X 40CM, ACTICOAT, ANTIMICROBIAL SILVER COATED",6,EA,WHSE,80.33,481.98,C,
6545-CF-005-0438,"KIT, MARITIME R1 MTF, MASCAL, EVACUATION, TRAUMA",6510-CF-002-7935,BANDAGE TENSOR LF 10CM,12,EA,WHSE,0.8,9.6,C,
6545-CF-005-0438,"KIT, MARITIME R1 MTF, MASCAL, EVACUATION, TRAUMA",6515-00-363-8800,"SCISS BAND LISTER 5.5""",1,EA,WHSE,3.53,3.53,D,
6545-CF-005-0438,"KIT, MARITIME R1 MTF, MASCAL, EVACUATION, TRAUMA",6515-00-363-8840,SCISS BAND LISTER 7IN,1,EA,WHSE,18.42,18.42,D,
6545-CF-005-0438,"KIT, MARITIME R1 MTF, MASCAL, EVACUATION, TRAUMA",6515-00-367-0420,SHIELD EYE PATCH W/CORD,6,EA,WHSE,5.87,35.22,C,
6545-CF-005-0438,"KIT, MARITIME R1 MTF, MASCAL, EVACUATION, TRAUMA",6515-01-008-3338,PEN SKIN MARKING,3,EA,WHSE,0.89,2.67,C,
6545-CF-005-0438,"KIT, MARITIME R1 MTF, MASCAL, EVACUATION, TRAUMA",6515-01-158-8010,SPECULUM OTOSCOPE 2.75MM,1,BG,WHSE,32.48,32.48,C,
6545-CF-005-0438,"KIT, MARITIME R1 MTF, MASCAL, EVACUATION, TRAUMA",6515-01-225-4681,"SPLINT, UNIVERSAL.LIGHTWEIGHT; RADIOLUCENT; GRAY; 4-1/2 BY 36 INCH (10.8 BY 92.2 CM);FOR IMMOBILIZATION OF INJURED EXTREMITIES",2,EA,WHSE,11.13,22.26,C,
6545-CF-005-0438,"KIT, MARITIME R1 MTF, MASCAL, EVACUATION, TRAUMA",6515-01-257-6384,TUBE TRACH 6.5MM CUFFED,1,EA,WHSE,2.59,2.59,C,
6545-CF-005-0438,"KIT, MARITIME R1 MTF, MASCAL, EVACUATION, TRAUMA",6515-01-269-1792,AIRWAY NASOPHARYNG 28FR,1,EA,WHSE,9.12,9.12,C,
6545-CF-005-0438,"KIT, MARITIME R1 MTF, MASCAL, EVACUATION, TRAUMA",6515-01-318-3468,SPHYGMOMANOMETER W/CASE,1,EA,WHSE,117,117,D,
6545-CF-005-0438,"KIT, MARITIME R1 MTF, MASCAL, EVACUATION, TRAUMA",6515-01-357-5932,SYR HYPO PLS/DBL-SC 6CC,3,EA,WHSE,0.19,0.57,C,
6545-CF-005-0438,"KIT, MARITIME R1 MTF, MASCAL, EVACUATION, TRAUMA",6515-01-390-9654,"CATHETER, I.V., SAFETY VERSION, 18G X 1.25IN",25,EA,WHSE,1.8,45,C,
6545-CF-005-0438,"KIT, MARITIME R1 MTF, MASCAL, EVACUATION, TRAUMA",6515-01-509-6866,SPLINT PELVIC SAM,2,EA,WHSE,87.22,174.44,D,
6545-CF-005-0438,"KIT, MARITIME R1 MTF, MASCAL, EVACUATION, TRAUMA",6515-01-521-7976,"TOURNIQUET, COMBAT APPLICATION, HEMORRHAGE CONTROL, C-A-T, BLACK",4,EA,WHSE,32.98,131.92,C,
6545-CF-005-0438,"KIT, MARITIME R1 MTF, MASCAL, EVACUATION, TRAUMA",6515-01-525-0236,SPECULUM OTOSCOPE 4.25MM,1,BG,WHSE,35.19,35.19,C,
6545-CF-005-0438,"KIT, MARITIME R1 MTF, MASCAL, EVACUATION, TRAUMA",6515-01-583-0475,"SYRINGE,HYPODERMIC. CAPACITY 50 ML",1,EA,WHSE,0.99,0.99,C,
6545-CF-005-0438,"KIT, MARITIME R1 MTF, MASCAL, EVACUATION, TRAUMA",6515-01-618-6471,"SYRINGE, HYPODERMIC 3ML",6,EA,WHSE,0.13,0.78,C,
6545-CF-005-0438,"KIT, MARITIME R1 MTF, MASCAL, EVACUATION, TRAUMA",6515-01-618-8278,"PACK, AIRWAY SUPRAGLOTTIC, ADULT, SIZE 4 COMES WITH LUBRICANT AND AIRWAY SUPPORT STRAP",2,EA,WHSE,35,70,C,
6545-CF-005-0438,"KIT, MARITIME R1 MTF, MASCAL, EVACUATION, TRAUMA",6515-01-621-2401,"PACK, AIRWAY SUPRAGLOTTIC, ADULT, SIZE 5 COMES WITH LUBRICANT AND AIRWAY SUPPORT STRAP",4,EA,WHSE,35,140,C,
6545-CF-005-0438,"KIT, MARITIME R1 MTF, MASCAL, EVACUATION, TRAUMA",6515-01-673-1021,"CATHETER, I.V., SAFETY VERSION, 16G X 1.25IN",25,EA,WHSE,1.8,45,C,
6545-CF-005-0438,"KIT, MARITIME R1 MTF, MASCAL, EVACUATION, TRAUMA",6515-01-673-7560,STETHOSCOPE,3,EA,WHSE,131.24,393.72,D,
6545-CF-005-0438,"KIT, MARITIME R1 MTF, MASCAL, EVACUATION, TRAUMA",6515-01-685-3762,"SOLUTION SET, NON-VENTED, 10 DROPS/ML, 112IN (2.8M)",15,EA,WHSE,6.02,90.3,C,
6545-CF-005-0438,"KIT, MARITIME R1 MTF, MASCAL, EVACUATION, TRAUMA",6515-01-695-8358,"CATHETER, I.V. SAFETY VERSION, 20G X 1.25IN",25,EA,WHSE,1.8,45,C,
6545-CF-005-0438,"KIT, MARITIME R1 MTF, MASCAL, EVACUATION, TRAUMA",6515-20-011-2559,"TRAY, TACTICAL VASCULAR",4,SE,WHSE,46.78,187.12,D,
6545-CF-005-0438,"KIT, MARITIME R1 MTF, MASCAL, EVACUATION, TRAUMA",6515-20-011-4681,SET AIRWAY SURGICAL STER,4,EA,WHSE,50.83,203.32,C,
6545-CF-005-0438,"KIT, MARITIME R1 MTF, MASCAL, EVACUATION, TRAUMA",6515-21-113-1540,HAMMER REFLEX TESTING,1,EA,WHSE,3.94,3.94,D,
6545-CF-005-0438,"KIT, MARITIME R1 MTF, MASCAL, EVACUATION, TRAUMA",6515-21-113-1564,SPHYGMOMANO POCKET TYPE,1,EA,WHSE,23.28,23.28,D,
6545-CF-005-0438,"KIT, MARITIME R1 MTF, MASCAL, EVACUATION, TRAUMA",6515-21-116-0445,TUBING LATEX 3/16IN X 1/16IN X 50FT/RL,4,RO,WHSE,17.2,68.8,C,
6545-CF-005-0438,"KIT, MARITIME R1 MTF, MASCAL, EVACUATION, TRAUMA",6515-21-116-3551,PLUG CATHETER SMALL,2,EA,WHSE,0.81,1.62,C,
6545-CF-005-0438,"KIT, MARITIME R1 MTF, MASCAL, EVACUATION, TRAUMA",6515-21-116-3555,CATH URET 14FR/30C FOLEY,2,EA,WHSE,17.57,35.14,C,
6545-CF-005-0438,"KIT, MARITIME R1 MTF, MASCAL, EVACUATION, TRAUMA",6515-21-116-3556,CATH URET 16FR/30C FOLEY,2,EA,WHSE,17.57,35.14,C,
6545-CF-005-0438,"KIT, MARITIME R1 MTF, MASCAL, EVACUATION, TRAUMA",6515-21-848-2730,TUBE DUODENAL 16FR,1,EA,WHSE,1.15,1.15,C,
6545-CF-005-0438,"KIT, MARITIME R1 MTF, MASCAL, EVACUATION, TRAUMA",6515-21-878-1123,AIRWAY PHARYNGEAL SZ 6,2,EA,WHSE,4.04,8.08,C,
6545-CF-005-0438,"KIT, MARITIME R1 MTF, MASCAL, EVACUATION, TRAUMA",6515-21-878-1957,SCISSORS UNIVERSAL,1,EA,WHSE,2.94,2.94,D,
6545-CF-005-0438,"KIT, MARITIME R1 MTF, MASCAL, EVACUATION, TRAUMA",6515-21-896-3208,TOURNIQUET QUICK-RELEASE,1,EA,WHSE,18.8,18.8,C,
6545-CF-005-0438,"KIT, MARITIME R1 MTF, MASCAL, EVACUATION, TRAUMA",6515-21-897-9278,"LARYNGOSCOPE, BLADE, MACINTOSH, SIZE 3, FIBEROPTIC, REUSABLE, CLOSED SYSTEM",1,EA,WHSE,384.22,384.22,D,
6545-CF-005-0438,"KIT, MARITIME R1 MTF, MASCAL, EVACUATION, TRAUMA",6515-21-897-9449,HANDLE LARYNGOSCOPE,1,EA,WHSE,229.24,229.24,D,
6545-CF-005-0438,"KIT, MARITIME R1 MTF, MASCAL, EVACUATION, TRAUMA",6515-22-121-0337,RESUSCITATOR (AMBU),1,EA,WHSE,694.33,694.33,C,
6545-CF-005-0438,"KIT, MARITIME R1 MTF, MASCAL, EVACUATION, TRAUMA",6515-CF-001-6515,VALVE ONE-WAY RESUS,30,EA,WHSE,2.44,73.2,D,
6545-CF-005-0438,"KIT, MARITIME R1 MTF, MASCAL, EVACUATION, TRAUMA",6515-CF-001-8628,DEPRESSOR TONGUE IND WRP,50,EA,WHSE,0.04,2,C,
6545-CF-005-0438,"KIT, MARITIME R1 MTF, MASCAL, EVACUATION, TRAUMA",6515-CF-002-0794,CATHETER IV TFL ORG 14G,5,EA,WHSE,7.33,36.65,C,
6545-CF-005-0438,"KIT, MARITIME R1 MTF, MASCAL, EVACUATION, TRAUMA",6515-CF-002-7226,"GLOVES, SURGICAL, STERILE, CARDINAL HEALTH, POLYISPRENE, SIZE 8.5, CREAM",2,PR,WHSE,1.97,3.94,C,
6545-CF-005-0438,"KIT, MARITIME R1 MTF, MASCAL, EVACUATION, TRAUMA",6515-CF-002-7228,"GLOVES, SURGICAL, STERILE, CARDINAL HEALTH, POLYISPRENE, SIZE 9, CREAM",2,PR,WHSE,1.97,3.94,C,
6545-CF-005-0438,"KIT, MARITIME R1 MTF, MASCAL, EVACUATION, TRAUMA",6515-CF-002-7246,"GLOVES, SURGICAL, STERILE, CARDINAL HEALTH, SYNTHETIC NEOPRENE, SIZE 7.5, CREAM",2,PR,WHSE,1.86,3.72,C,
6545-CF-005-0438,"KIT, MARITIME R1 MTF, MASCAL, EVACUATION, TRAUMA",6515-CF-002-7247,"GLOVES, SURGICAL, STERILE, CARDINAL HEALTH, SYNTHETIC NEOPRENE, SIZE 8, CREAM",2,PR,WHSE,1.86,3.72,C,
6545-CF-005-0438,"KIT, MARITIME R1 MTF, MASCAL, EVACUATION, TRAUMA",6515-CF-002-8058,BLADE MILLER SZ 3 DISPOS,1,EA,WHSE,6.88,6.88,C,
6545-CF-005-0438,"KIT, MARITIME R1 MTF, MASCAL, EVACUATION, TRAUMA",6515-CF-002-8059,BLADE MILLER SZ 4 DISPOS,1,EA,WHSE,8.28,8.28,C,
6545-CF-005-0438,"KIT, MARITIME R1 MTF, MASCAL, EVACUATION, TRAUMA",6515-CF-002-8062,BLADE MAC SZ 3 DISPOS,1,EA,WHSE,5.4,5.4,C,
6545-CF-005-0438,"KIT, MARITIME R1 MTF, MASCAL, EVACUATION, TRAUMA",6515-CF-002-8063,BLADE MAC SZ 4 DISPOS,1,EA,WHSE,8.05,8.05,C,
6545-CF-005-0438,"KIT, MARITIME R1 MTF, MASCAL, EVACUATION, TRAUMA",6515-CF-002-8064,HANDLE LARYNGOSCOPE DISP,1,EA,WHSE,19.85,19.85,D,
6545-CF-005-0438,"KIT, MARITIME R1 MTF, MASCAL, EVACUATION, TRAUMA",6515-CF-002-8065,"LARYNGOSCOPE HANDLE, USED WITH 6515-CF-002-8065, PART OF LARYNGOSCOPE EMERG SET 6515-CF-002-8054",1,EA,WHSE,176.71,176.71,C,
6545-CF-005-0438,"KIT, MARITIME R1 MTF, MASCAL, EVACUATION, TRAUMA",6515-CF-002-8513,"OTOSCOPE HEAD, 3.5V, FIBER OPTIC, MACROVIEW",1,EA,WHSE,340.88,340.88,C,
6545-CF-005-0438,"KIT, MARITIME R1 MTF, MASCAL, EVACUATION, TRAUMA",6515-CF-002-8619,"PADS, HEAT, OXYGEN ACTIVATED, SET OF 4 USED WITH BLANKET 6532-CF-003-0369",5,SE,WHSE,107.85,539.25,C,
6545-CF-005-0438,"KIT, MARITIME R1 MTF, MASCAL, EVACUATION, TRAUMA",6515-CF-002-8692,NEEDLE HYP SAFETY 18G X 1.5IN,5,EA,WHSE,0.2,1,C,
6545-CF-005-0438,"KIT, MARITIME R1 MTF, MASCAL, EVACUATION, TRAUMA",6515-CF-002-8693,NEEDLE HYP SAFETY 21G X 1.5IN,25,EA,WHSE,0.13,3.25,C,
6545-CF-005-0438,"KIT, MARITIME R1 MTF, MASCAL, EVACUATION, TRAUMA",6515-CF-002-8695,NEEDLE HYP SAFETY 22G X 1IN,10,EA,WHSE,0.21,2.1,C,
6545-CF-005-0438,"KIT, MARITIME R1 MTF, MASCAL, EVACUATION, TRAUMA",6515-CF-002-8696,NEEDLE HYP SAFETY 27G X 0.5IN,50,EA,WHSE,0.26,13,C,
6545-CF-005-0438,"KIT, MARITIME R1 MTF, MASCAL, EVACUATION, TRAUMA",6515-CF-002-8710,CATHETER IV DUAL PORT SAFETY 18G X 1.25IN,20,EA,WHSE,6.15,123,C,
6545-CF-005-0438,"KIT, MARITIME R1 MTF, MASCAL, EVACUATION, TRAUMA",6515-CF-002-8785,"BINDER, PELVIC, PELVIS TRAUMA ORTHOTIC DEVICE, ORANGE",2,EA,WHSE,168,336,C,
6545-CF-005-0438,"KIT, MARITIME R1 MTF, MASCAL, EVACUATION, TRAUMA",6515-CF-003-0008,APPLICATOR DISPOSABLE,0.3,BX,WHSE,13.05,3.92,C,
6545-CF-005-0438,"KIT, MARITIME R1 MTF, MASCAL, EVACUATION, TRAUMA",6515-CF-005-0029,"MANUAL SUCTION UNIT, STARTER KIT",1,EA,WHSE,116.83,116.83,C,
6545-CF-005-0438,"KIT, MARITIME R1 MTF, MASCAL, EVACUATION, TRAUMA",6515-CF-005-0608,"GLOVE, EXAM NITRILE NON-STERILE CHEMO TESTED MEDIUM",2,BX,WHSE,22.28,44.56,C,
6545-CF-005-0438,"KIT, MARITIME R1 MTF, MASCAL, EVACUATION, TRAUMA",6515-CF-005-0609,"GLOVE, EXAM NITRILE NON-STERILE CHEMO TESTED LARGE",2,BX,WHSE,22.28,44.56,C,
6545-CF-005-0438,"KIT, MARITIME R1 MTF, MASCAL, EVACUATION, TRAUMA",6515-CF-005-0610,"GLOVE, EXAM NITRILE NON-STERILE CHEMO TESTED XLARGE",2,BX,WHSE,19.31,38.62,C,
6545-CF-005-0438,"KIT, MARITIME R1 MTF, MASCAL, EVACUATION, TRAUMA",6515-CF-005-1470,"CPR MASK, POCKET VENTILLATOR, W/HEADSTRAP, ONE-WAY VALVE AND OXYGEN INLET",4,EA,WHSE,5.4,21.6,C,
6545-CF-005-0438,"KIT, MARITIME R1 MTF, MASCAL, EVACUATION, TRAUMA",6530-20-001-2849,COVER PROBE THERMOMETER,1,PG,WHSE,3.93,3.93,C,
6545-CF-005-0438,"KIT, MARITIME R1 MTF, MASCAL, EVACUATION, TRAUMA",6530-20-012-7761,ASSORTED SAFETY PINS,1,PG,WHSE,0.75,0.75,C,
6545-CF-005-0438,"KIT, MARITIME R1 MTF, MASCAL, EVACUATION, TRAUMA",6532-01-665-6728,"BLANKET, SELF-HEATING, READY-HEAT",10,EA,WHSE,54,540,D,
6545-CF-005-0438,"KIT, MARITIME R1 MTF, MASCAL, EVACUATION, TRAUMA",6532-CF-003-0369,BLANKET CASUALTY HYPOTHERMIA WITH 4 HEAT PADS,5,EA,WHSE,205,1025,D,
6545-CF-005-0438,"KIT, MARITIME R1 MTF, MASCAL, EVACUATION, TRAUMA",6545-01-522-1031,"BAG, MEDICAL COVERAGE",1,EA,WHSE,270.4,270.4,D,
6545-CF-005-0438,"KIT, MARITIME R1 MTF, MASCAL, EVACUATION, TRAUMA",6545-20-011-8366,"HOLSTER, SHEATH, SCISSORS, BELT",3,EA,WHSE,25.38,76.14,C,
6545-CF-005-0438,"KIT, MARITIME R1 MTF, MASCAL, EVACUATION, TRAUMA",6545-CF-002-0552,INJECTION SET I.V. (FIELD USE) W/O FILTER CHAMBER DISPOSABLE STERILE,2,KT,WHSE,11.12,22.24,C,
6545-CF-005-0438,"KIT, MARITIME R1 MTF, MASCAL, EVACUATION, TRAUMA",6630-00-404-2220,HOLDER BLOOD TUBE 16MM,2,EA,WHSE,0.32,0.64,C,
6545-CF-005-0438,"KIT, MARITIME R1 MTF, MASCAL, EVACUATION, TRAUMA",6630-CF-001-9151,TUBE BLOOD RED 10ML,25,EA,WHSE,0.33,8.25,C,
6545-CF-005-0438,"KIT, MARITIME R1 MTF, MASCAL, EVACUATION, TRAUMA",6640-01-378-0086,TUBE BLOOD LAVENDER 4ML,25,EA,WHSE,0.2,5,C,
6545-CF-005-0438,"KIT, MARITIME R1 MTF, MASCAL, EVACUATION, TRAUMA",6685-20-001-2846,THERMOMETER SELF INDICAT,2,EA,WHSE,10.2,20.4,C,
6545-CF-005-0438,"KIT, MARITIME R1 MTF, MASCAL, EVACUATION, TRAUMA",7510-21-561-5126,PENCIL COPYING INDELIBLE,0.08,,ExternalRqn,,,C,
6545-CF-005-0438,"KIT, MARITIME R1 MTF, MASCAL, EVACUATION, TRAUMA",7530-21-901-0569,"FORM PRINTED (FIELD)5X8""",10,EA,ExternalRqn,0,0,C,
6545-CF-005-0438,"KIT, MARITIME R1 MTF, MASCAL, EVACUATION, TRAUMA",7530-21-903-1240,ENVELOPE WALLET FIELD,10,EA,ExternalRqn,2.95,29.5,C,
6545-CF-005-0438,"KIT, MARITIME R1 MTF, MASCAL, EVACUATION, TRAUMA",8145-01-582-0735,"TRANSPORT CASE, PELICAN WITH FOAM AND WHEELS. MODEL 1630",1,EA,WHSE,533.36,533.36,D,
6545-CF-005-0438,"KIT, MARITIME R1 MTF, MASCAL, EVACUATION, TRAUMA",8145-01-682-0894,"SHIPPING AND STORAGE CONTAINER,MISCELLANEOUS EQUIPMENT",5,EA,WHSE,0.81,4.05,C,
6545-CF-005-0438,"KIT, MARITIME R1 MTF, MASCAL, EVACUATION, TRAUMA",8145-20-004-2639,"CASE, PELICAN NO 1630 WITH WHEELS - NO FOAM.",1,EA,WHSE,478.25,478.25,D,
6545-CF-005-0438,"KIT, MARITIME R1 MTF, MASCAL, EVACUATION, TRAUMA",8465-01-600-7837,"POUCH, LONG POCKET, COYOTE BROWN, 5.75IN H X 10.25IN W X 2IN D",1,EA,WHSE,94.5,94.5,C,
6545-CF-005-0438,"KIT, MARITIME R1 MTF, MASCAL, EVACUATION, TRAUMA",9330-21-859-2658,"PLASTIC WRAP, ROLL, POLYVINYL CHLORIDE, 29.5CM WIDE, 90M LONG",4,EA,ExternalRqn,3.99,15.96,C,
6545-CF-005-0438,"KIT, MARITIME R1 MTF, MASCAL, EVACUATION, TRAUMA",BOOK40,MILIARY FIRST AID (F/A BOOK - UTILIZED ON COURSES) 0500-70-PTO-01,1,,ExternalRqn,19.95,19.95,,
6545-20-A0M-1006,"KIT, MEDICAL, C.A.F. DIVE TEAM",6510-01-558-3342,DRSSNG MODULAR 4IN NLTX,3,EA,WHSE,11.76,35.28,C,
6545-20-A0M-1006,"KIT, MEDICAL, C.A.F. DIVE TEAM",6510-01-586-4314,BANDAGE TRAUMA 20IN X 20IN(50.8CM X 50.8CM),1,EA,WHSE,15.03,15.03,C,
6545-20-A0M-1006,"KIT, MEDICAL, C.A.F. DIVE TEAM",6510-01-621-1129,"DRESSING, CHEST WOUND SEAL, NON-VALVED",2,PG,WHSE,36.59,73.18,C,
6545-20-A0M-1006,"KIT, MEDICAL, C.A.F. DIVE TEAM",6510-01-658-7745,CHEST SEAL W/VALVE 2.0 NO PAD OR CAP,2,EA,WHSE,31.82,63.64,C,
6545-20-A0M-1006,"KIT, MEDICAL, C.A.F. DIVE TEAM",6510-21-116-0154,"BANDAGE ELASTIC ADHESIVE BACK 7.5CM X 4.6M ROLLED, SKIN COLOUR, ONE SIDE COATED WITH ADHESIVE BACKING",1,EA,WHSE,9.58,9.58,C,
6545-20-A0M-1006,"KIT, MEDICAL, C.A.F. DIVE TEAM",6510-21-116-0202,PAD NONADHERENT 7.5X10CM,10,EA,WHSE,0.11,1.1,C,
6545-20-A0M-1006,"KIT, MEDICAL, C.A.F. DIVE TEAM",6510-21-849-8650,BANDAGE KNUCKLE 3X7CM(L),0.25,BX,WHSE,17.05,4.26,C,
6545-20-A0M-1006,"KIT, MEDICAL, C.A.F. DIVE TEAM",6510-21-851-4200,BANDAGE COMPRESS 4 X 4IN,3,EA,WHSE,0.34,1.02,C,
6545-20-A0M-1006,"KIT, MEDICAL, C.A.F. DIVE TEAM",6510-21-860-8464,SKIN CLOSURE 6 X 75MM,1,BX,WHSE,44.55,44.55,C,
6545-20-A0M-1006,"KIT, MEDICAL, C.A.F. DIVE TEAM",6510-21-899-4382,DRESSING BLISTER KIT,1,PG,WHSE,11.33,11.33,C,
6545-20-A0M-1006,"KIT, MEDICAL, C.A.F. DIVE TEAM",6510-CF-001-7793,DRESSING STRIP 4CM X 5M,1,EA,WHSE,17.64,17.64,C,
6545-20-A0M-1006,"KIT, MEDICAL, C.A.F. DIVE TEAM",6510-CF-001-9836,PAD CHLORHEXIDINE 0.5%,0.5,BX,WHSE,14.24,7.12,C,
6545-20-A0M-1006,"KIT, MEDICAL, C.A.F. DIVE TEAM",6510-CF-002-0901,BANDAGE BLISTER PROTECT,5,EA,WHSE,1.99,9.95,C,
6545-20-A0M-1006,"KIT, MEDICAL, C.A.F. DIVE TEAM",6515-00-337-2400,"FORCEPS SPLINTER 4""(10CM)LG",1,EA,WHSE,1.1,1.1,D,
6545-20-A0M-1006,"KIT, MEDICAL, C.A.F. DIVE TEAM",6515-01-217-1236,SPLINT UNIVERSAL. FOLDED,2,EA,WHSE,10.08,20.16,C,
6545-20-A0M-1006,"KIT, MEDICAL, C.A.F. DIVE TEAM",6515-01-452-5833,CONNECTOR 22MM OD TUBING,1,EA,WHSE,0.48,0.48,C,
6545-20-A0M-1006,"KIT, MEDICAL, C.A.F. DIVE TEAM",6515-20-011-1758,SCALPEL DISP 11 SAFETY SHIELD,2,EA,WHSE,2.89,5.78,C,
6545-20-A0M-1006,"KIT, MEDICAL, C.A.F. DIVE TEAM",6515-21-877-1517,TUBING ASSY OXYGEN 7FT,1,EA,WHSE,0.85,0.85,C,
6545-20-A0M-1006,"KIT, MEDICAL, C.A.F. DIVE TEAM",6515-21-878-1120,AIRWAY PHARYNGEAL SZ 2,1,EA,WHSE,0.83,0.83,C,
6545-20-A0M-1006,"KIT, MEDICAL, C.A.F. DIVE TEAM",6515-21-878-1122,AIRWAY PHARYNG SZ4/90MM,1,EA,WHSE,3.12,3.12,C,
6545-20-A0M-1006,"KIT, MEDICAL, C.A.F. DIVE TEAM",6515-21-878-1957,SCISSORS UNIVERSAL,2,EA,WHSE,2.94,5.88,D,
6545-20-A0M-1006,"KIT, MEDICAL, C.A.F. DIVE TEAM",6515-21-884-3180,AIRWAY PHARYNGEAL SZ 3,1,EA,WHSE,0.83,0.83,C,
6545-20-A0M-1006,"KIT, MEDICAL, C.A.F. DIVE TEAM",6515-21-884-3181,AIRWAY PHARYNGEAL SZ 1,1,EA,WHSE,1.5,1.5,C,
6545-20-A0M-1006,"KIT, MEDICAL, C.A.F. DIVE TEAM",6515-21-884-3182,AIRWAY PHARYNG SZ5/100MM,1,EA,WHSE,2.35,2.35,C,
6545-20-A0M-1006,"KIT, MEDICAL, C.A.F. DIVE TEAM",6515-CF-001-6515,VALVE ONE-WAY RESUS,1,EA,WHSE,2.44,2.44,D,
6545-20-A0M-1006,"KIT, MEDICAL, C.A.F. DIVE TEAM",6515-CF-002-1607,MASK OXYGEN ADULT VENT,1,EA,WHSE,1.78,1.78,C,
6545-20-A0M-1006,"KIT, MEDICAL, C.A.F. DIVE TEAM",6515-CF-002-6004,POUCH EMPTY NYLON WINDOW,1,EA,WHSE,23.62,23.62,C,
6545-20-A0M-1006,"KIT, MEDICAL, C.A.F. DIVE TEAM",6515-CF-002-7539,SUCTION DVC TACT AIRWAY,2,EA,WHSE,59.28,118.56,C,
6545-20-A0M-1006,"KIT, MEDICAL, C.A.F. DIVE TEAM",6515-CF-002-7569,CANNULA NASAL 7FT O2,1,EA,WHSE,0.7,0.7,C,
6545-20-A0M-1006,"KIT, MEDICAL, C.A.F. DIVE TEAM",6515-CF-002-8539,"KIT, TEMPERATURE MONITORING, CONSTANT",1,EA,WHSE,694.73,694.73,C,
6545-20-A0M-1006,"KIT, MEDICAL, C.A.F. DIVE TEAM",6515-CF-002-8619,"PADS, HEAT, OXYGEN ACTIVATED, SET OF 4 USED WITH BLANKET 6532-CF-003-0369",1,SE,WHSE,107.85,107.85,C,
6545-20-A0M-1006,"KIT, MEDICAL, C.A.F. DIVE TEAM",6515-CF-005-0609,"GLOVE, EXAM NITRILE NON-STERILE CHEMO TESTED LARGE",0.4,BX,WHSE,22.28,8.91,C,
6545-20-A0M-1006,"KIT, MEDICAL, C.A.F. DIVE TEAM",6515-CF-005-0650,"OXIMETER, FINGER PULSE, EDAN",1,EA,WHSE,36,36,C,
6545-20-A0M-1006,"KIT, MEDICAL, C.A.F. DIVE TEAM",6515-CF-005-0805,"RESUSCITATOR, BVM ADULT, SPUR II, WITH MEDIUM MASK, PEEP VALVE",1,EA,WHSE,0,0,C,
6545-20-A0M-1006,"KIT, MEDICAL, C.A.F. DIVE TEAM",6515-CF-005-1470,"CPR MASK, POCKET VENTILLATOR, W/HEADSTRAP, ONE-WAY VALVE AND OXYGEN INLET",2,EA,WHSE,5.4,10.8,C,
6545-20-A0M-1006,"KIT, MEDICAL, C.A.F. DIVE TEAM",6532-CF-003-0369,BLANKET CASUALTY HYPOTHERMIA WITH 4 HEAT PADS,1,EA,WHSE,205,205,D,
6545-20-A0M-1006,"KIT, MEDICAL, C.A.F. DIVE TEAM",6545-20-A0M-1004,"KIT, TMT, C.A.F. DIVE TEAM C-SPINE IMMOBILIZATION",1,KT,WHSE,655.45,655.45,D,Y
6545-20-A0M-1006,"KIT, MEDICAL, C.A.F. DIVE TEAM",6545-CF-002-0271,KIT 8 AIRWAYS (OPA'S),1,KT,WHSE,20.01,20.01,C,
6545-20-A0M-1006,"KIT, MEDICAL, C.A.F. DIVE TEAM",6760-01-491-2710,"CASE, PELICAN 1550, ORANGE WITH FOAM, 18.4IN X 14IN X 7.6IN",1,EA,WHSE,712.05,712.05,D,
6545-CF-005-0890,"KIT, R1, DENTAL EMERGENCY, PA/MO",6505-21-114-6763,(D)ANESTHETIC LIDOCAINE,0.2,BX,WHSE,9.4,1.88,C,
6545-CF-005-0890,"KIT, R1, DENTAL EMERGENCY, PA/MO",6505-21-847-0131,(D)TRIAMCINOL .1% 7.5GR,1,TU,WHSE,11.71,11.71,D,
6545-CF-005-0890,"KIT, R1, DENTAL EMERGENCY, PA/MO",6505-CF-001-6733,CHLORH GLUC ORAL .12%,1,BT,WHSE,12.48,12.48,D,
6545-CF-005-0890,"KIT, R1, DENTAL EMERGENCY, PA/MO",6505-CF-001-8962,ANESTHETIC BUPIVACAIN,0.2,BX,WHSE,120.23,24.05,C,
6545-CF-005-0890,"KIT, R1, DENTAL EMERGENCY, PA/MO",6505-CF-002-6027,BENZOCNE 10% GEL 5.3G TU,1,TU,WHSE,5.42,5.42,C,
6545-CF-005-0890,"KIT, R1, DENTAL EMERGENCY, PA/MO",6510-21-890-0883,SPONGE 4-P STER 10X10CM,3,PG,WHSE,0.1,0.3,C,
6545-CF-005-0890,"KIT, R1, DENTAL EMERGENCY, PA/MO",6515-20-006-8681,COTTON TIP APPLICATOR. PLASTIC,0.05,BX,WHSE,5.3,0.27,C,
6545-CF-005-0890,"KIT, R1, DENTAL EMERGENCY, PA/MO",6515-21-845-2882,(D)SYRINGE ASPI HARPOON,3,EA,WHSE,33.32,99.96,C,
6545-CF-005-0890,"KIT, R1, DENTAL EMERGENCY, PA/MO",6515-CF-001-7899,(D)NEEDLE 30G SHORT MTL,0.05,BX,WHSE,29.95,1.5,C,
6545-CF-005-0890,"KIT, R1, DENTAL EMERGENCY, PA/MO",6515-CF-001-8134,(D)SYRINGE IRRIGTN 12CC,5,EA,WHSE,0.87,4.35,C,
6545-CF-005-0890,"KIT, R1, DENTAL EMERGENCY, PA/MO",6515-CF-002-8556,SCALPEL DISP 15 SAFETY SHIELD,3,EA,WHSE,2.89,8.67,C,
6545-CF-005-0890,"KIT, R1, DENTAL EMERGENCY, PA/MO",6520-CF-001-9218,(D)NEEDLE 27 GAUGE LONG,0.05,BX,WHSE,19.1,0.96,C,
6545-CF-005-0890,"KIT, R1, DENTAL EMERGENCY, PA/MO",6520-CF-003-0064,ORTHODONTIC WAX,3,EA,WHSE,1.57,4.71,C,
6545-CF-005-0890,"KIT, R1, DENTAL EMERGENCY, PA/MO",6520-CF-005-0592,EXAM SET-UP 4-IN-1 BUNDLE ASSORTMENT DISPOSABLE,3,EA,WHSE,2.46,7.38,C,
6545-CF-005-0890,"KIT, R1, DENTAL EMERGENCY, PA/MO",6520-CF-005-1129,"FORM, MANAGEMENT OF DENTAL EMERGENCIES, FLOWCHART, CFHS, 8.5"" x 11""",1,EA,WHSE,0,0,C,
6545-CF-005-0890,"KIT, R1, DENTAL EMERGENCY, PA/MO",6520-CF-005-1409,FLOSS WAXED 200 YARDS,1,EA,WHSE,0,0,C,
6545-CF-005-0890,"KIT, R1, DENTAL EMERGENCY, PA/MO",6545-CF-005-1452,"BAG, TRAUMA RESPONDER II, 9""W(23CM) x 17""L(43CM) x 15.5""H(39CM), MODEL 5103",1,EA,WHSE,0,0,C,
6545-20-A0U-7793,"KIT, TMT CRASH CART, MAJOR WARSHIP, MEDICAL TREATMENT FACILITY",5340-01-682-0499,"CAP-PLUG,PROTECTIVE,DUST AND MOISTURE SEAL",5,EA,WHSE,0.12,0.6,C,
6545-20-A0U-7793,"KIT, TMT CRASH CART, MAJOR WARSHIP, MEDICAL TREATMENT FACILITY",6135-21-892-7266,"BATTERY, C CELL",4,EA,ExternalRqn,1.44,5.76,C,
6545-20-A0U-7793,"KIT, TMT CRASH CART, MAJOR WARSHIP, MEDICAL TREATMENT FACILITY",6230-00-125-5528,FLASHLIGHT DISP 11CM LG,10,EA,WHSE,3.02,30.2,C,
6545-20-A0U-7793,"KIT, TMT CRASH CART, MAJOR WARSHIP, MEDICAL TREATMENT FACILITY",6505-00-299-8614,PROCAINAM 100MG/ML-10ML,20,BT,WHSE,84.63,1692.6,D,
6545-20-A0U-7793,"KIT, TMT CRASH CART, MAJOR WARSHIP, MEDICAL TREATMENT FACILITY",6505-00-584-3131,LIDOCAINE 2% JELLY 30ML,6,TU,WHSE,21.11,126.66,C,
6545-20-A0U-7793,"KIT, TMT CRASH CART, MAJOR WARSHIP, MEDICAL TREATMENT FACILITY",6505-01-063-9993,LUBRICANT SURGICAL 3.5G,100,EA,WHSE,0.17,17,C,
6545-20-A0U-7793,"KIT, TMT CRASH CART, MAJOR WARSHIP, MEDICAL TREATMENT FACILITY",6505-01-131-3855,VERAPAMIL INJ 5MG/2ML,5,EA,WHSE,33.37,166.85,D,
6545-20-A0U-7793,"KIT, TMT CRASH CART, MAJOR WARSHIP, MEDICAL TREATMENT FACILITY",6505-01-236-8880,ENALAPRIL MALEATE 5MG,100,EA,WHSE,0.09,9,D,
6545-20-A0U-7793,"KIT, TMT CRASH CART, MAJOR WARSHIP, MEDICAL TREATMENT FACILITY",6505-01-534-2779,"DEXTROSE 5%, FOR INJECTION, 500ML, IV BAG",2,EA,WHSE,6.13,12.26,C,
6545-20-A0U-7793,"KIT, TMT CRASH CART, MAJOR WARSHIP, MEDICAL TREATMENT FACILITY",6505-20-002-1827,DIPHENH INJ 50MG/ML-1ML,30,EA,WHSE,4.04,121.2,C,
6545-20-A0U-7793,"KIT, TMT CRASH CART, MAJOR WARSHIP, MEDICAL TREATMENT FACILITY",6505-20-002-2214,METOPROLOL TARTR 1MG/ML,5,EA,WHSE,6.37,31.85,D,
6545-20-A0U-7793,"KIT, TMT CRASH CART, MAJOR WARSHIP, MEDICAL TREATMENT FACILITY",6505-20-002-2285,AMIODARONE 50MG/ML,10,VI,WHSE,53.35,533.5,D,
6545-20-A0U-7793,"KIT, TMT CRASH CART, MAJOR WARSHIP, MEDICAL TREATMENT FACILITY",6505-20-002-2287,LIDOCAINE SOLN 10MG/DOSE,3,EA,WHSE,82.02,246.06,C,
6545-20-A0U-7793,"KIT, TMT CRASH CART, MAJOR WARSHIP, MEDICAL TREATMENT FACILITY",6505-20-012-4826,"LUBRICATING GEL, SURGICAL",2,TU,WHSE,1.85,3.7,C,
6545-20-A0U-7793,"KIT, TMT CRASH CART, MAJOR WARSHIP, MEDICAL TREATMENT FACILITY",6505-20-012-6991,SALBUTAMOL SULFATE 1MG/ML 2.5ML NEBULE INHALATION SOLUTION,20,PG,WHSE,7.23,144.6,C,
6545-20-A0U-7793,"KIT, TMT CRASH CART, MAJOR WARSHIP, MEDICAL TREATMENT FACILITY",6505-21-114-6675,CALCIUM GLUCON 10% INJ,2,EA,WHSE,20.23,40.46,C,
6545-20-A0U-7793,"KIT, TMT CRASH CART, MAJOR WARSHIP, MEDICAL TREATMENT FACILITY",6505-21-114-6714,"DIPHENHYDRAMINE HCL, 50MG, CAPSULES OR TABLETS",200,EA,WHSE,0.13,26,C,
6545-20-A0U-7793,"KIT, TMT CRASH CART, MAJOR WARSHIP, MEDICAL TREATMENT FACILITY",6505-21-114-6715,PHENYTOIN CP-SR 100MG,100,EA,WHSE,0.11,11,D,
6545-20-A0U-7793,"KIT, TMT CRASH CART, MAJOR WARSHIP, MEDICAL TREATMENT FACILITY",6505-21-114-6722,EPINEPHRINE 1 MG/ML INJ,10,AM,WHSE,1.67,16.7,C,
6545-20-A0U-7793,"KIT, TMT CRASH CART, MAJOR WARSHIP, MEDICAL TREATMENT FACILITY",6505-21-843-7900,NOREPINEPHRINE 1MG/ML,10,EA,WHSE,7.83,78.3,C,
6545-20-A0U-7793,"KIT, TMT CRASH CART, MAJOR WARSHIP, MEDICAL TREATMENT FACILITY",6505-21-844-6131,MORPH SULF 10MG/ML-1ML,10,EA,WHSE,2.31,23.1,D,
6545-20-A0U-7793,"KIT, TMT CRASH CART, MAJOR WARSHIP, MEDICAL TREATMENT FACILITY",6505-21-846-1276,DIAZEPAM N-CHW TB-SC 5MG,100,EA,WHSE,0.17,17,D,
6545-20-A0U-7793,"KIT, TMT CRASH CART, MAJOR WARSHIP, MEDICAL TREATMENT FACILITY",6505-21-866-7943,DIAZEPAM INJ 5MG/ML-2ML,10,EA,WHSE,5.44,54.4,D,
6545-20-A0U-7793,"KIT, TMT CRASH CART, MAJOR WARSHIP, MEDICAL TREATMENT FACILITY",6505-21-872-2053,SALBUTAMOL INHLR 100MCG,6,CN,WHSE,5,30,D,
6545-20-A0U-7793,"KIT, TMT CRASH CART, MAJOR WARSHIP, MEDICAL TREATMENT FACILITY",6505-21-877-0838,PHENYTOIN 50MG/ML-5ML,10,EA,WHSE,28.9,289,D,
6545-20-A0U-7793,"KIT, TMT CRASH CART, MAJOR WARSHIP, MEDICAL TREATMENT FACILITY",6505-21-880-6426,NALOXONE HCL 0.4MG/ML,10,EA,WHSE,13.75,137.5,D,
6545-20-A0U-7793,"KIT, TMT CRASH CART, MAJOR WARSHIP, MEDICAL TREATMENT FACILITY",6505-21-882-6566,METOPROLOL TART TBS 50MG,100,EA,WHSE,0.06,6,D,
6545-20-A0U-7793,"KIT, TMT CRASH CART, MAJOR WARSHIP, MEDICAL TREATMENT FACILITY",6505-21-883-3709,"DEXTROSE 5%, FOR INJECTION, 50ML, IV BAG",4,BG,WHSE,2.92,11.68,C,
6545-20-A0U-7793,"KIT, TMT CRASH CART, MAJOR WARSHIP, MEDICAL TREATMENT FACILITY",6505-21-883-3725,"SODIUM CHLORIDE 0.9%, FOR INJECTION, 50ML, IV BAG",4,BG,WHSE,2.69,10.76,C,
6545-20-A0U-7793,"KIT, TMT CRASH CART, MAJOR WARSHIP, MEDICAL TREATMENT FACILITY",6505-21-883-3726,"SODIUM CHLORIDE 0.9%, FOR INJECTION, 100ML, IV BAG",24,BG,WHSE,2.77,66.48,C,
6545-20-A0U-7793,"KIT, TMT CRASH CART, MAJOR WARSHIP, MEDICAL TREATMENT FACILITY",6505-21-893-3466,HYDROCORT SOD SUCC 500MG,5,VI,WHSE,18.33,91.65,D,
6545-20-A0U-7793,"KIT, TMT CRASH CART, MAJOR WARSHIP, MEDICAL TREATMENT FACILITY",6505-21-894-2130,HALOPERIDOL 5MG/ML (1ML),10,EA,WHSE,4.06,40.6,D,
6545-20-A0U-7793,"KIT, TMT CRASH CART, MAJOR WARSHIP, MEDICAL TREATMENT FACILITY",6505-21-896-0117,CLINDAMYCIN 150MG/ML-2ML,8,VI,WHSE,7.7,61.6,D,
6545-20-A0U-7793,"KIT, TMT CRASH CART, MAJOR WARSHIP, MEDICAL TREATMENT FACILITY",6505-21-896-0309,ACETYLCYST INJ 200MG/ML,72,EA,WHSE,27.5,1980,C,
6545-20-A0U-7793,"KIT, TMT CRASH CART, MAJOR WARSHIP, MEDICAL TREATMENT FACILITY",6505-21-902-2080,IPRATROPIUM ORAL INHALER,2,EA,WHSE,11.72,23.44,D,
6545-20-A0U-7793,"KIT, TMT CRASH CART, MAJOR WARSHIP, MEDICAL TREATMENT FACILITY",6505-21-902-2456,FENTANYL INJ 0.1MG/2ML,5,EA,WHSE,4.77,23.85,D,
6545-20-A0U-7793,"KIT, TMT CRASH CART, MAJOR WARSHIP, MEDICAL TREATMENT FACILITY",6505-21-902-2473,"CHARCOAL-ACTIVATED, AND SORBITOL SUSPENSION CHARCOAL / SORBITOL 50-50G/250ML ORAL SUSPENSION",12,BT,WHSE,21.43,257.16,C,
6545-20-A0U-7793,"KIT, TMT CRASH CART, MAJOR WARSHIP, MEDICAL TREATMENT FACILITY",6505-21-907-8031,VIT K1 10MG/ML INJ 1ML,5,EA,WHSE,6.24,31.2,D,
6545-20-A0U-7793,"KIT, TMT CRASH CART, MAJOR WARSHIP, MEDICAL TREATMENT FACILITY",6505-21-912-4939,IPRATROP INHL SOL .025%,4,EA,WHSE,6.12,24.48,D,
6545-20-A0U-7793,"KIT, TMT CRASH CART, MAJOR WARSHIP, MEDICAL TREATMENT FACILITY",6505-21-912-4940,KETAMINE HYDROCHLORIDE,5,EA,WHSE,28,140,D,
6545-20-A0U-7793,"KIT, TMT CRASH CART, MAJOR WARSHIP, MEDICAL TREATMENT FACILITY",6505-21-912-6210,CEFTRIAXONE SOD PWDR 2GM,20,EA,WHSE,19.31,386.2,D,
6545-20-A0U-7793,"KIT, TMT CRASH CART, MAJOR WARSHIP, MEDICAL TREATMENT FACILITY",6505-21-912-7265,FLUMAZENIL 0.1MG/ML-5ML,2,EA,WHSE,24.44,48.88,D,
6545-20-A0U-7793,"KIT, TMT CRASH CART, MAJOR WARSHIP, MEDICAL TREATMENT FACILITY",6505-21-912-7357,PHENYLEPH 10MG/ML - 1ML,10,EA,WHSE,4.13,41.3,C,
6545-20-A0U-7793,"KIT, TMT CRASH CART, MAJOR WARSHIP, MEDICAL TREATMENT FACILITY",6505-21-913-5273,MIDAZOLAM 1MG/ML - 10ML,5,EA,WHSE,5.68,28.4,D,
6545-20-A0U-7793,"KIT, TMT CRASH CART, MAJOR WARSHIP, MEDICAL TREATMENT FACILITY",6505-21-913-5285,ROCURON INJ 10MG/ML-5ML,10,EA,WHSE,5.18,51.8,D,
6545-20-A0U-7793,"KIT, TMT CRASH CART, MAJOR WARSHIP, MEDICAL TREATMENT FACILITY",6505-21-914-4258,EPINEPH 0.30MG AUTO-INJ,2,EA,WHSE,85.42,170.84,C,
6545-20-A0U-7793,"KIT, TMT CRASH CART, MAJOR WARSHIP, MEDICAL TREATMENT FACILITY",6505-21-914-4277,METHYLPREDNIS PWDR 1GM,10,EA,WHSE,73.69,736.9,D,
6545-20-A0U-7793,"KIT, TMT CRASH CART, MAJOR WARSHIP, MEDICAL TREATMENT FACILITY",6505-21-914-4293,ADENOS INJ 3MG/ML - 2ML,6,EA,WHSE,65.76,394.56,D,
6545-20-A0U-7793,"KIT, TMT CRASH CART, MAJOR WARSHIP, MEDICAL TREATMENT FACILITY",6505-21-914-4709,DILTIAZ INJ 5MG/ML-10ML,5,VI,WHSE,38.51,192.55,D,
6545-20-A0U-7793,"KIT, TMT CRASH CART, MAJOR WARSHIP, MEDICAL TREATMENT FACILITY",6505-21-920-2716,NITRO SUBLING 0.4MG/DOSE,2,BT,WHSE,14.93,29.86,C,
6545-20-A0U-7793,"KIT, TMT CRASH CART, MAJOR WARSHIP, MEDICAL TREATMENT FACILITY",6505-CF-001-0688,LORAZEPAM SUB-L TABS 1MG,100,EA,WHSE,0.17,17,D,
6545-20-A0U-7793,"KIT, TMT CRASH CART, MAJOR WARSHIP, MEDICAL TREATMENT FACILITY",6505-CF-001-3541,HYDROMORPHONE 10MG/ML,5,AM,WHSE,12.1,60.5,D,
6545-20-A0U-7793,"KIT, TMT CRASH CART, MAJOR WARSHIP, MEDICAL TREATMENT FACILITY",6505-CF-001-8243,"DOPAMINE 200MG & DEXTROSE 5%, FOR INJECTION, 250ML, IV BAG",10,EA,WHSE,35.85,358.5,D,
6545-20-A0U-7793,"KIT, TMT CRASH CART, MAJOR WARSHIP, MEDICAL TREATMENT FACILITY",6505-CF-002-0407,TENECTEPLASE 50MG,2,EA,WHSE,3295.38,6590.76,D,
6545-20-A0U-7793,"KIT, TMT CRASH CART, MAJOR WARSHIP, MEDICAL TREATMENT FACILITY",6505-CF-002-1954,"TRANEXAMIC ACID, LIQUID INJECTION, 100MG/ML, 10ML VIAL",8,EA,WHSE,30.18,241.44,D,
6545-20-A0U-7793,"KIT, TMT CRASH CART, MAJOR WARSHIP, MEDICAL TREATMENT FACILITY",6505-CF-002-6302,VASOPRESSIN INJECTION 20 UNITS/ML 5ML VIAL,10,EA,WHSE,91.58,915.8,D,
6545-20-A0U-7793,"KIT, TMT CRASH CART, MAJOR WARSHIP, MEDICAL TREATMENT FACILITY",6505-CF-002-7108,OXYCODONE HCL 10MG IR,60,EA,WHSE,0.42,25.2,D,
6545-20-A0U-7793,"KIT, TMT CRASH CART, MAJOR WARSHIP, MEDICAL TREATMENT FACILITY",6505-CF-002-7857,DEX 50% INJ PRE-SYR 50ML,3,EA,WHSE,38.12,114.36,C,
6545-20-A0U-7793,"KIT, TMT CRASH CART, MAJOR WARSHIP, MEDICAL TREATMENT FACILITY",6505-CF-002-8123,ASA 81MG CHEW TABS,2,BT,WHSE,9.5,19,C,
6545-20-A0U-7793,"KIT, TMT CRASH CART, MAJOR WARSHIP, MEDICAL TREATMENT FACILITY",6505-CF-002-8505,"GEL, GLUCOSE, DIETARY, 15G OF d-GLUCOSE, FRUIT PUNCH FLAVOUR",4,TU,WHSE,2.97,11.88,C,
6545-20-A0U-7793,"KIT, TMT CRASH CART, MAJOR WARSHIP, MEDICAL TREATMENT FACILITY",6505-CF-002-8629,"LIDOCAINE HCL 2%, 20MG/ML, INJECTION, PREFILLED SYRINGE WITH SAFETY NEEDLE",3,EA,WHSE,38.12,114.36,C,
6545-20-A0U-7793,"KIT, TMT CRASH CART, MAJOR WARSHIP, MEDICAL TREATMENT FACILITY",6505-CF-002-8648,"ATROPINE SULFATE PREFILL SYRINGE 1MG, 10ML",6,EA,WHSE,37.64,225.84,D,
6545-20-A0U-7793,"KIT, TMT CRASH CART, MAJOR WARSHIP, MEDICAL TREATMENT FACILITY",6505-CF-002-9861,ADENOSINE INJECTION 3MG/ML 4ML PRE-FILL SYRINGE,5,EA,WHSE,125.11,625.55,D,
6545-20-A0U-7793,"KIT, TMT CRASH CART, MAJOR WARSHIP, MEDICAL TREATMENT FACILITY",6505-CF-005-0253,"GLUCAGON, DRY POWDER, NASAL, 3MG PER SINGLE-USE DEVICE",4,EA,WHSE,160.22,640.88,C,
6545-20-A0U-7793,"KIT, TMT CRASH CART, MAJOR WARSHIP, MEDICAL TREATMENT FACILITY",6505-CF-005-0503,"FENTANYL CITRATE, 800 MCG, COMPRESSED LOZENGE, CYNRIL",10,EA,WHSE,49.88,498.8,C,
6545-20-A0U-7793,"KIT, TMT CRASH CART, MAJOR WARSHIP, MEDICAL TREATMENT FACILITY",6505-CF-005-0634,"EPINEPHRINE, 0.1MG/ML, ADULT, 10ML PREFILL SYRINGE, WITHOUT NEEDLE",10,EA,WHSE,38.06,380.6,C,
6545-20-A0U-7793,"KIT, TMT CRASH CART, MAJOR WARSHIP, MEDICAL TREATMENT FACILITY",6510-00-786-3736,PAD ISOPROPYL ALCOHOL,5,BX,WHSE,2.07,10.35,C,
6545-20-A0U-7793,"KIT, TMT CRASH CART, MAJOR WARSHIP, MEDICAL TREATMENT FACILITY",6510-01-344-1119,TAPE WHITE 2.5CM X 9.0M,35,RO,WHSE,1.06,37.1,C,
6545-20-A0U-7793,"KIT, TMT CRASH CART, MAJOR WARSHIP, MEDICAL TREATMENT FACILITY",6510-01-558-3342,DRSSNG MODULAR 4IN NLTX,53,EA,WHSE,11.76,623.28,C,
6545-20-A0U-7793,"KIT, TMT CRASH CART, MAJOR WARSHIP, MEDICAL TREATMENT FACILITY",6510-01-558-3443,DRSSNG MODULAR 6IN(15CM) NLTX,300,EA,WHSE,13.44,4032,C,
6545-20-A0U-7793,"KIT, TMT CRASH CART, MAJOR WARSHIP, MEDICAL TREATMENT FACILITY",6510-01-562-3325,GAUZE HEMOSTATIC 7.5CM,40,EA,WHSE,56.33,2253.2,C,
6545-20-A0U-7793,"KIT, TMT CRASH CART, MAJOR WARSHIP, MEDICAL TREATMENT FACILITY",6510-01-621-1129,"DRESSING, CHEST WOUND SEAL, NON-VALVED",2,PG,WHSE,36.59,73.18,C,
6545-20-A0U-7793,"KIT, TMT CRASH CART, MAJOR WARSHIP, MEDICAL TREATMENT FACILITY",6510-01-658-7745,CHEST SEAL W/VALVE 2.0 NO PAD OR CAP,13,EA,WHSE,31.82,413.66,C,
6545-20-A0U-7793,"KIT, TMT CRASH CART, MAJOR WARSHIP, MEDICAL TREATMENT FACILITY",6510-21-893-3536,BANDAGE (FILM) 6 X 7.5CM,2,BX,WHSE,23.46,46.92,C,
6545-20-A0U-7793,"KIT, TMT CRASH CART, MAJOR WARSHIP, MEDICAL TREATMENT FACILITY",6510-21-907-7261,SPONGE ( 8-P)5 X 5CM,25,PG,WHSE,0.04,1,C,
6545-20-A0U-7793,"KIT, TMT CRASH CART, MAJOR WARSHIP, MEDICAL TREATMENT FACILITY",6510-CF-001-9420,TAPE HEAVY DUTY (COTTON),1,SL,WHSE,50.78,50.78,C,
6545-20-A0U-7793,"KIT, TMT CRASH CART, MAJOR WARSHIP, MEDICAL TREATMENT FACILITY",6510-CF-001-9836,PAD CHLORHEXIDINE 0.5%,1,BX,WHSE,14.24,14.24,C,
6545-20-A0U-7793,"KIT, TMT CRASH CART, MAJOR WARSHIP, MEDICAL TREATMENT FACILITY",6510-CF-002-6931,TAPE WHITE 1/2IN X 10YDS(1.25CM X 9.1M),1,RO,WHSE,0.54,0.54,C,
6545-20-A0U-7793,"KIT, TMT CRASH CART, MAJOR WARSHIP, MEDICAL TREATMENT FACILITY",6515-00-332-3300,FORCEPS TRACH TUBE 24CM,1,EA,WHSE,28.08,28.08,D,
6545-20-A0U-7793,"KIT, TMT CRASH CART, MAJOR WARSHIP, MEDICAL TREATMENT FACILITY",6515-00-334-4900,FORCEP HEMO HALST CV,12,EA,WHSE,19.24,230.88,D,
6545-20-A0U-7793,"KIT, TMT CRASH CART, MAJOR WARSHIP, MEDICAL TREATMENT FACILITY",6515-00-364-0920,"SCISSORS GENERAL 6 3/4""(17.1CM)L",3,EA,WHSE,13.38,40.14,D,
6545-20-A0U-7793,"KIT, TMT CRASH CART, MAJOR WARSHIP, MEDICAL TREATMENT FACILITY",6515-00-386-7600,CANNULA LARYNGEAL GOMCO,2,EA,WHSE,137.01,274.02,C,
6545-20-A0U-7793,"KIT, TMT CRASH CART, MAJOR WARSHIP, MEDICAL TREATMENT FACILITY",6515-01-137-9203,TUBE TRACH 8.0MM CUFFED,2,EA,WHSE,2.64,5.28,C,
6545-20-A0U-7793,"KIT, TMT CRASH CART, MAJOR WARSHIP, MEDICAL TREATMENT FACILITY",6515-01-162-1956,"SUTURE, POLYPROPYLENE, MONOFILAMENT, NON-ABSORBABLE, SIZE 1, 48MM TAPER POINT 1/2 CIRCLE NEEDLE, THREAD LENGTH 30IN",1,BX,WHSE,248.92,248.92,C,
6545-20-A0U-7793,"KIT, TMT CRASH CART, MAJOR WARSHIP, MEDICAL TREATMENT FACILITY",6515-01-227-4935,TUBE TRACH 7.0MM CUFFED,2,EA,WHSE,2.58,5.16,C,
6545-20-A0U-7793,"KIT, TMT CRASH CART, MAJOR WARSHIP, MEDICAL TREATMENT FACILITY",6515-01-257-6384,TUBE TRACH 6.5MM CUFFED,2,EA,WHSE,2.59,5.18,C,
6545-20-A0U-7793,"KIT, TMT CRASH CART, MAJOR WARSHIP, MEDICAL TREATMENT FACILITY",6515-01-261-5877,TUBE TRACH 6.0MM CUFFED,2,EA,WHSE,2.59,5.18,C,
6545-20-A0U-7793,"KIT, TMT CRASH CART, MAJOR WARSHIP, MEDICAL TREATMENT FACILITY",6515-01-269-1792,AIRWAY NASOPHARYNG 28FR,12,EA,WHSE,9.12,109.44,C,
6545-20-A0U-7793,"KIT, TMT CRASH CART, MAJOR WARSHIP, MEDICAL TREATMENT FACILITY",6515-01-322-5881,"ADMINISTRATION SET, IV SECONDARY 15GTT, 40INL, SPIN LOCK W/HANGER, 50'S",1,EA,WHSE,1.26,1.26,C,
6545-20-A0U-7793,"KIT, TMT CRASH CART, MAJOR WARSHIP, MEDICAL TREATMENT FACILITY",6515-01-356-8511,SYR HYPO PLS 10-12CC,100,EA,WHSE,0.21,21,C,
6545-20-A0U-7793,"KIT, TMT CRASH CART, MAJOR WARSHIP, MEDICAL TREATMENT FACILITY",6515-01-357-5932,SYR HYPO PLS/DBL-SC 6CC,100,EA,WHSE,0.19,19,C,
6545-20-A0U-7793,"KIT, TMT CRASH CART, MAJOR WARSHIP, MEDICAL TREATMENT FACILITY",6515-01-358-4886,ELECTRODE ECG 200 SERIES,1,PG,WHSE,19.78,19.78,C,
6545-20-A0U-7793,"KIT, TMT CRASH CART, MAJOR WARSHIP, MEDICAL TREATMENT FACILITY",6515-01-375-4798,CONNECTOR SALINE LOCK,10,EA,WHSE,2.15,21.5,C,
6545-20-A0U-7793,"KIT, TMT CRASH CART, MAJOR WARSHIP, MEDICAL TREATMENT FACILITY",6515-01-390-9627,"CATHETER, I.V., SAFETY VERSION, 14G X 1.25IN",6,EA,WHSE,2.36,14.16,C,
6545-20-A0U-7793,"KIT, TMT CRASH CART, MAJOR WARSHIP, MEDICAL TREATMENT FACILITY",6515-01-390-9654,"CATHETER, I.V., SAFETY VERSION, 18G X 1.25IN",100,EA,WHSE,1.8,180,C,
6545-20-A0U-7793,"KIT, TMT CRASH CART, MAJOR WARSHIP, MEDICAL TREATMENT FACILITY",6515-01-452-4435,SUPP CERV COLLAR SELECT,16,EA,WHSE,17.15,274.4,C,
6545-20-A0U-7793,"KIT, TMT CRASH CART, MAJOR WARSHIP, MEDICAL TREATMENT FACILITY",6515-01-521-7976,"TOURNIQUET, COMBAT APPLICATION, HEMORRHAGE CONTROL, C-A-T, BLACK",3,EA,WHSE,32.98,98.94,C,
6545-20-A0U-7793,"KIT, TMT CRASH CART, MAJOR WARSHIP, MEDICAL TREATMENT FACILITY",6515-01-618-7475,"TOURNIQUET, JUNCTIONAL, SAM",2,EA,WHSE,447.78,895.56,C,
6545-20-A0U-7793,"KIT, TMT CRASH CART, MAJOR WARSHIP, MEDICAL TREATMENT FACILITY",6515-01-618-8278,"PACK, AIRWAY SUPRAGLOTTIC, ADULT, SIZE 4 COMES WITH LUBRICANT AND AIRWAY SUPPORT STRAP",3,EA,WHSE,35,105,C,
6545-20-A0U-7793,"KIT, TMT CRASH CART, MAJOR WARSHIP, MEDICAL TREATMENT FACILITY",6515-01-621-2401,"PACK, AIRWAY SUPRAGLOTTIC, ADULT, SIZE 5 COMES WITH LUBRICANT AND AIRWAY SUPPORT STRAP",3,EA,WHSE,35,105,C,
6545-20-A0U-7793,"KIT, TMT CRASH CART, MAJOR WARSHIP, MEDICAL TREATMENT FACILITY",6515-01-649-5343,TOURNIQUET LATEX FREE,25,EA,WHSE,0.29,7.25,C,
6545-20-A0U-7793,"KIT, TMT CRASH CART, MAJOR WARSHIP, MEDICAL TREATMENT FACILITY",6515-01-661-3370,STETHOSCOPE CARDIOLOGY,3,EA,WHSE,86.75,260.25,D,
6545-20-A0U-7793,"KIT, TMT CRASH CART, MAJOR WARSHIP, MEDICAL TREATMENT FACILITY",6515-01-673-1021,"CATHETER, I.V., SAFETY VERSION, 16G X 1.25IN",15,EA,WHSE,1.8,27,C,
6545-20-A0U-7793,"KIT, TMT CRASH CART, MAJOR WARSHIP, MEDICAL TREATMENT FACILITY",6515-01-676-8354,"ADMINISTRATION SET, INFUSION PUMP, 120IN LONG,15 DROPS/ML.",1,EA,WHSE,6.65,6.65,C,
6545-20-A0U-7793,"KIT, TMT CRASH CART, MAJOR WARSHIP, MEDICAL TREATMENT FACILITY",6515-01-676-8390,"ADMINISTRATION SET, Y TYPE BLOOD PUMP CARESITE INJ, 24'S",1,EA,WHSE,9.45,9.45,C,
6545-20-A0U-7793,"KIT, TMT CRASH CART, MAJOR WARSHIP, MEDICAL TREATMENT FACILITY",6515-01-681-6750,"VALVE,SURGICAL DRAIN",6,SE,WHSE,107.7,646.2,C,
6545-20-A0U-7793,"KIT, TMT CRASH CART, MAJOR WARSHIP, MEDICAL TREATMENT FACILITY",6515-01-685-4875,"CLIPPER, SURGICAL, CORDLESS",1,EA,WHSE,94,94,D,
6545-20-A0U-7793,"KIT, TMT CRASH CART, MAJOR WARSHIP, MEDICAL TREATMENT FACILITY",6515-01-685-4887,"BLADE, SURGICAL CLIPPER",2,EA,WHSE,2.18,4.36,C,
6545-20-A0U-7793,"KIT, TMT CRASH CART, MAJOR WARSHIP, MEDICAL TREATMENT FACILITY",6515-01-690-1463,SPACE PUMP IV SET WITH ANTI-SIPHON VALVE,1,EA,WHSE,6.21,6.21,D,
6545-20-A0U-7793,"KIT, TMT CRASH CART, MAJOR WARSHIP, MEDICAL TREATMENT FACILITY",6515-01-693-0950,"SYRINGE, IRRIGATING, TOOMEY, 60ML",2,EA,WHSE,1.54,3.08,C,
6545-20-A0U-7793,"KIT, TMT CRASH CART, MAJOR WARSHIP, MEDICAL TREATMENT FACILITY",6515-12-381-0798,SODIUM CHLORIDE 0.9%,20,EA,WHSE,1.36,27.2,C,
6545-20-A0U-7793,"KIT, TMT CRASH CART, MAJOR WARSHIP, MEDICAL TREATMENT FACILITY",6515-20-011-1758,SCALPEL DISP 11 SAFETY SHIELD,50,EA,WHSE,2.89,144.5,C,
6545-20-A0U-7793,"KIT, TMT CRASH CART, MAJOR WARSHIP, MEDICAL TREATMENT FACILITY",6515-20-011-4681,SET AIRWAY SURGICAL STER,4,EA,WHSE,50.83,203.32,C,
6545-20-A0U-7793,"KIT, TMT CRASH CART, MAJOR WARSHIP, MEDICAL TREATMENT FACILITY",6515-20-A0V-9736,MICROBORE EXTENSION SET,1,EA,WHSE,2.04,2.04,C,
6545-20-A0U-7793,"KIT, TMT CRASH CART, MAJOR WARSHIP, MEDICAL TREATMENT FACILITY",6515-20-A0V-9737,"CATHETER EXTENSION SET, 8IN",1,EA,WHSE,2.39,2.39,C,
6545-20-A0U-7793,"KIT, TMT CRASH CART, MAJOR WARSHIP, MEDICAL TREATMENT FACILITY",6515-21-113-1564,SPHYGMOMANO POCKET TYPE,3,EA,WHSE,23.28,69.84,D,
6545-20-A0U-7793,"KIT, TMT CRASH CART, MAJOR WARSHIP, MEDICAL TREATMENT FACILITY",6515-21-847-0797,"TROCAR CATHETER 28FR/16""",4,EA,WHSE,22.24,88.96,C,
6545-20-A0U-7793,"KIT, TMT CRASH CART, MAJOR WARSHIP, MEDICAL TREATMENT FACILITY",6515-21-847-0798,"TROCAR CATHETER 20FR/16""",4,EA,WHSE,26.16,104.64,C,
6545-20-A0U-7793,"KIT, TMT CRASH CART, MAJOR WARSHIP, MEDICAL TREATMENT FACILITY",6515-21-870-8181,SYR HYPO PLS/DBL-SC 1CC,25,EA,WHSE,0.33,8.25,C,
6545-20-A0U-7793,"KIT, TMT CRASH CART, MAJOR WARSHIP, MEDICAL TREATMENT FACILITY",6515-21-877-1517,TUBING ASSY OXYGEN 7FT,50,EA,WHSE,0.85,42.5,C,
6545-20-A0U-7793,"KIT, TMT CRASH CART, MAJOR WARSHIP, MEDICAL TREATMENT FACILITY",6515-21-878-1122,AIRWAY PHARYNG SZ4/90MM,10,EA,WHSE,3.12,31.2,C,
6545-20-A0U-7793,"KIT, TMT CRASH CART, MAJOR WARSHIP, MEDICAL TREATMENT FACILITY",6515-21-878-1123,AIRWAY PHARYNGEAL SZ 6,2,EA,WHSE,4.04,8.08,C,
6545-20-A0U-7793,"KIT, TMT CRASH CART, MAJOR WARSHIP, MEDICAL TREATMENT FACILITY",6515-21-884-3182,AIRWAY PHARYNG SZ5/100MM,2,EA,WHSE,2.35,4.7,C,
6545-20-A0U-7793,"KIT, TMT CRASH CART, MAJOR WARSHIP, MEDICAL TREATMENT FACILITY",6515-21-895-1456,MASK ADULT MED W/TUBE,12,EA,WHSE,1.1,13.2,C,
6545-20-A0U-7793,"KIT, TMT CRASH CART, MAJOR WARSHIP, MEDICAL TREATMENT FACILITY",6515-21-897-9449,HANDLE LARYNGOSCOPE,2,EA,WHSE,229.24,458.48,D,
6545-20-A0U-7793,"KIT, TMT CRASH CART, MAJOR WARSHIP, MEDICAL TREATMENT FACILITY",6515-21-902-2389,STYLET CATHETER-TUBE 14FR ENDOTRACHEAL TUBE MALLEABLE ALUM W/PLASTIC SHEATH STERILE F/5-10MM LF,3,EA,WHSE,3.1,9.3,C,
6545-20-A0U-7793,"KIT, TMT CRASH CART, MAJOR WARSHIP, MEDICAL TREATMENT FACILITY",6515-21-911-2480,"NOZZLE, FOR ENDOTRACHEAL XYLOCAINE 6505-20-002-2287",1,PG,WHSE,102.77,102.77,C,
6545-20-A0U-7793,"KIT, TMT CRASH CART, MAJOR WARSHIP, MEDICAL TREATMENT FACILITY",6515-21-911-2645,INHALER ASST DEVICE ADLT,4,EA,WHSE,17.85,71.4,C,
6545-20-A0U-7793,"KIT, TMT CRASH CART, MAJOR WARSHIP, MEDICAL TREATMENT FACILITY",6515-21-913-9362,TIP SUCTION W/O VENT,2,EA,WHSE,1.32,2.64,C,
6545-20-A0U-7793,"KIT, TMT CRASH CART, MAJOR WARSHIP, MEDICAL TREATMENT FACILITY",6515-22-121-0337,RESUSCITATOR (AMBU),2,EA,WHSE,694.33,1388.66,C,
6545-20-A0U-7793,"KIT, TMT CRASH CART, MAJOR WARSHIP, MEDICAL TREATMENT FACILITY",6515-22-627-0841,"BLADE, LARYNGOSCOPE, CHANNELED, SIZE 3 USED WITH 6515-CF-002-8652",1,EA,WHSE,53.33,53.33,C,
6545-20-A0U-7793,"KIT, TMT CRASH CART, MAJOR WARSHIP, MEDICAL TREATMENT FACILITY",6515-99-361-3111,"AIRWAY, SUPRAGLOTTIC, SIZE 2.0, SMALL PAEDIATRIC, 10-25KG",1,EA,WHSE,16.45,16.45,C,
6545-20-A0U-7793,"KIT, TMT CRASH CART, MAJOR WARSHIP, MEDICAL TREATMENT FACILITY",6515-99-371-2040,"AIRWAY, SUPRAGLOTTIC, SIZE 1.5, INFANT 5 - 12KG",1,EA,WHSE,16.44,16.44,C,
6545-20-A0U-7793,"KIT, TMT CRASH CART, MAJOR WARSHIP, MEDICAL TREATMENT FACILITY",6515-99-391-2691,"AIRWAY, SUPRAGLOTTIC, SIZE 2.5, LARGE PAEDIATRIC 25 - 35KG",1,EA,WHSE,16.8,16.8,C,
6545-20-A0U-7793,"KIT, TMT CRASH CART, MAJOR WARSHIP, MEDICAL TREATMENT FACILITY",6515-CF-001-1378,"TUBE KIT, STOMACH, SURGICAL. 16 FRENCH",3,EA,WHSE,1.09,3.27,C,
6545-20-A0U-7793,"KIT, TMT CRASH CART, MAJOR WARSHIP, MEDICAL TREATMENT FACILITY",6515-CF-001-2452,CATHETER SUCTION 8FR,2,EA,WHSE,0.45,0.9,C,
6545-20-A0U-7793,"KIT, TMT CRASH CART, MAJOR WARSHIP, MEDICAL TREATMENT FACILITY",6515-CF-001-4008,MASK OXYGEN (ADULT),37,EA,WHSE,1.62,59.94,C,
6545-20-A0U-7793,"KIT, TMT CRASH CART, MAJOR WARSHIP, MEDICAL TREATMENT FACILITY",6515-CF-001-5108,CATHETER 5FR (INFANT),2,EA,WHSE,0.99,1.98,C,
6545-20-A0U-7793,"KIT, TMT CRASH CART, MAJOR WARSHIP, MEDICAL TREATMENT FACILITY",6515-CF-001-5205,"ADAPTER -PRN 3/4""SHORT",0.6,BX,WHSE,37.06,22.24,C,
6545-20-A0U-7793,"KIT, TMT CRASH CART, MAJOR WARSHIP, MEDICAL TREATMENT FACILITY",6515-CF-001-6515,VALVE ONE-WAY RESUS,20,EA,WHSE,2.44,48.8,D,
6545-20-A0U-7793,"KIT, TMT CRASH CART, MAJOR WARSHIP, MEDICAL TREATMENT FACILITY",6515-CF-001-7449,TAPE COLOUR-CODED PEDIAT,5,EA,WHSE,3.8,19,D,
6545-20-A0U-7793,"KIT, TMT CRASH CART, MAJOR WARSHIP, MEDICAL TREATMENT FACILITY",6515-CF-001-8628,DEPRESSOR TONGUE IND WRP,10,EA,WHSE,0.04,0.4,C,
6545-20-A0U-7793,"KIT, TMT CRASH CART, MAJOR WARSHIP, MEDICAL TREATMENT FACILITY",6515-CF-001-9068,CANISTER REUSABLE LSU,5,EA,WHSE,162,810,C,
6545-20-A0U-7793,"KIT, TMT CRASH CART, MAJOR WARSHIP, MEDICAL TREATMENT FACILITY",6515-CF-001-9324,IV LINE SET,1,EA,WHSE,8.45,8.45,C,
6545-20-A0U-7793,"KIT, TMT CRASH CART, MAJOR WARSHIP, MEDICAL TREATMENT FACILITY",6515-CF-001-9815,"PELVIC BINDER, TRAUMA PELVIC ORTHOTIC DEVICE, BLACK",2,EA,WHSE,168,336,C,
6545-20-A0U-7793,"KIT, TMT CRASH CART, MAJOR WARSHIP, MEDICAL TREATMENT FACILITY",6515-CF-001-9930,UNIT DRAINAGE PLEURAL CA,2,EA,WHSE,79.34,158.68,D,
6545-20-A0U-7793,"KIT, TMT CRASH CART, MAJOR WARSHIP, MEDICAL TREATMENT FACILITY",6515-CF-002-0026,"ELECTRODES DEFIBRILLATOR AED (SET OF 2) ""STAT PADZ 11"" U/W DEFIBRILLATOR AED 6515-01-540-3238",8,SE,WHSE,94.32,754.56,C,
6545-20-A0U-7793,"KIT, TMT CRASH CART, MAJOR WARSHIP, MEDICAL TREATMENT FACILITY",6515-CF-002-0102,AIRWAY NASAL 26FR,2,BX,WHSE,35.25,70.5,C,
6545-20-A0U-7793,"KIT, TMT CRASH CART, MAJOR WARSHIP, MEDICAL TREATMENT FACILITY",6515-CF-002-0105,"AIRWAY NASAL 30FR, ROBERTAZZI MODEL",1,EA,WHSE,6.25,6.25,C,
6545-20-A0U-7793,"KIT, TMT CRASH CART, MAJOR WARSHIP, MEDICAL TREATMENT FACILITY",6515-CF-002-0107,AIRWAY NASAL 34FR,1,EA,WHSE,3.05,3.05,C,
6545-20-A0U-7793,"KIT, TMT CRASH CART, MAJOR WARSHIP, MEDICAL TREATMENT FACILITY",6515-CF-002-0282,FILTER AEROSOL FOR LSU,5,EA,WHSE,34.91,174.55,C,
6545-20-A0U-7793,"KIT, TMT CRASH CART, MAJOR WARSHIP, MEDICAL TREATMENT FACILITY",6515-CF-002-0594,"LARYNGOSCOPE, BLADE, MILLER, SIZE 4, FIBEROPTIC, REUSABLE, OPEN SYSTEM *TRAINING PURPOSES ONLY*",2,EA,WHSE,273.06,546.12,C,
6545-20-A0U-7793,"KIT, TMT CRASH CART, MAJOR WARSHIP, MEDICAL TREATMENT FACILITY",6515-CF-002-0605,"LARYNGOSCOPE, BLADE, MILLER, SIZE 3, FIBEROPTIC, REUSABLE, OPEN SYSTEM *TRAINING PURPOSES ONLY*",2,EA,WHSE,143,286,C,
6545-20-A0U-7793,"KIT, TMT CRASH CART, MAJOR WARSHIP, MEDICAL TREATMENT FACILITY",6515-CF-002-0608,"LARYNGOSCOPE, BLADE, MACINTOSH, SIZE 2, FIBEROPTIC, REUSABLE, OPEN SYSTEM *TRAINING PURPOSES ONLY*",2,EA,WHSE,143,286,C,
6545-20-A0U-7793,"KIT, TMT CRASH CART, MAJOR WARSHIP, MEDICAL TREATMENT FACILITY",6515-CF-002-0609,"LARYNGOSCOPE, BLADE, MACINTOSH, SIZE 3, FIBEROPTIC, REUSABLE, OPEN SYSTEM *TRAINING PURPOSES ONLY*",2,EA,WHSE,143,286,C,
6545-20-A0U-7793,"KIT, TMT CRASH CART, MAJOR WARSHIP, MEDICAL TREATMENT FACILITY",6515-CF-002-0610,"LARYNGOSCOPE, BLADE, MACINTOSH, SIZE 4, FIBEROPTIC, REUSABLE, OPEN SYSTEM *TRAINING PURPOSES ONLY*",2,EA,WHSE,143,286,C,
6545-20-A0U-7793,"KIT, TMT CRASH CART, MAJOR WARSHIP, MEDICAL TREATMENT FACILITY",6515-CF-002-0614,HANDLE LARYNGOSCOPE F/O,2,EA,WHSE,115.81,231.62,D,
6545-20-A0U-7793,"KIT, TMT CRASH CART, MAJOR WARSHIP, MEDICAL TREATMENT FACILITY",6515-CF-002-0794,CATHETER IV TFL ORG 14G,5,EA,WHSE,7.33,36.65,C,
6545-20-A0U-7793,"KIT, TMT CRASH CART, MAJOR WARSHIP, MEDICAL TREATMENT FACILITY",6515-CF-002-0856,SET EXTEN IV .4ML 15.2CM,40,EA,WHSE,6.09,243.6,C,
6545-20-A0U-7793,"KIT, TMT CRASH CART, MAJOR WARSHIP, MEDICAL TREATMENT FACILITY",6515-CF-002-1013,CATHETER SUCTION 12FR,5,EA,WHSE,6.44,32.2,C,
6545-20-A0U-7793,"KIT, TMT CRASH CART, MAJOR WARSHIP, MEDICAL TREATMENT FACILITY",6515-CF-002-5080,TRAY INSTRMNT MINOR LAC,9,EA,WHSE,7.58,68.22,D,
6545-20-A0U-7793,"KIT, TMT CRASH CART, MAJOR WARSHIP, MEDICAL TREATMENT FACILITY",6515-CF-002-5094,INTRDCR TRACH DISP 15FR,4,EA,WHSE,13.6,54.4,C,
6545-20-A0U-7793,"KIT, TMT CRASH CART, MAJOR WARSHIP, MEDICAL TREATMENT FACILITY",6515-CF-002-6093,LANCET MED BLD 21G 1.8MM,200,EA,WHSE,0.24,48,C,
6545-20-A0U-7793,"KIT, TMT CRASH CART, MAJOR WARSHIP, MEDICAL TREATMENT FACILITY",6515-CF-002-6329,EXTENSION SET LIFE SHLD,10,CA,WHSE,3.31,33.1,C,
6545-20-A0U-7793,"KIT, TMT CRASH CART, MAJOR WARSHIP, MEDICAL TREATMENT FACILITY",6515-CF-002-6346,INTRODCR TRACH/DUAL LMN,2,EA,WHSE,36,72,C,
6545-20-A0U-7793,"KIT, TMT CRASH CART, MAJOR WARSHIP, MEDICAL TREATMENT FACILITY",6515-CF-002-7539,SUCTION DVC TACT AIRWAY,5,EA,WHSE,59.28,296.4,C,
6545-20-A0U-7793,"KIT, TMT CRASH CART, MAJOR WARSHIP, MEDICAL TREATMENT FACILITY",6515-CF-002-7569,CANNULA NASAL 7FT O2,50,EA,WHSE,0.7,35,C,
6545-20-A0U-7793,"KIT, TMT CRASH CART, MAJOR WARSHIP, MEDICAL TREATMENT FACILITY",6515-CF-002-7804,RESUSCITATOR BVM DIS RED,2,EA,WHSE,21.48,42.96,C,
6545-20-A0U-7793,"KIT, TMT CRASH CART, MAJOR WARSHIP, MEDICAL TREATMENT FACILITY",6515-CF-002-8154,"BAG MED BVS COYOTE BROWN W/ ""NICE"" FRAME",1,EA,WHSE,1599.05,1599.05,D,
6545-20-A0U-7793,"KIT, TMT CRASH CART, MAJOR WARSHIP, MEDICAL TREATMENT FACILITY",6515-CF-002-8173,TRAY MINOR PROCED DISP,10,KT,WHSE,20.84,208.4,D,
6545-20-A0U-7793,"KIT, TMT CRASH CART, MAJOR WARSHIP, MEDICAL TREATMENT FACILITY",6515-CF-002-8318,INFUSOR PRESSURE 1000ML,2,EA,WHSE,22.85,45.7,C,
6545-20-A0U-7793,"KIT, TMT CRASH CART, MAJOR WARSHIP, MEDICAL TREATMENT FACILITY",6515-CF-002-8362,"DEVICE, MUCOSAL ATOMIZATION, WITH LUER LOCK AND 3ML SYRINGE",10,EA,WHSE,7.15,71.5,C,
6545-20-A0U-7793,"KIT, TMT CRASH CART, MAJOR WARSHIP, MEDICAL TREATMENT FACILITY",6515-CF-002-8554,SCALPEL DISP 10 SAFETY SHIELD,50,EA,WHSE,2.89,144.5,C,
6545-20-A0U-7793,"KIT, TMT CRASH CART, MAJOR WARSHIP, MEDICAL TREATMENT FACILITY",6515-CF-002-8556,SCALPEL DISP 15 SAFETY SHIELD,50,EA,WHSE,2.89,144.5,C,
6545-20-A0U-7793,"KIT, TMT CRASH CART, MAJOR WARSHIP, MEDICAL TREATMENT FACILITY",6515-CF-002-8683,NEEDLE HYP SAFETY 22G X 1.5IN,100,EA,WHSE,0.14,14,C,
6545-20-A0U-7793,"KIT, TMT CRASH CART, MAJOR WARSHIP, MEDICAL TREATMENT FACILITY",6515-CF-002-8692,NEEDLE HYP SAFETY 18G X 1.5IN,100,EA,WHSE,0.2,20,C,
6545-20-A0U-7793,"KIT, TMT CRASH CART, MAJOR WARSHIP, MEDICAL TREATMENT FACILITY",6515-CF-002-8693,NEEDLE HYP SAFETY 21G X 1.5IN,100,EA,WHSE,0.13,13,C,
6545-20-A0U-7793,"KIT, TMT CRASH CART, MAJOR WARSHIP, MEDICAL TREATMENT FACILITY",6515-CF-002-8695,NEEDLE HYP SAFETY 22G X 1IN,200,EA,WHSE,0.21,42,C,
6545-20-A0U-7793,"KIT, TMT CRASH CART, MAJOR WARSHIP, MEDICAL TREATMENT FACILITY",6515-CF-002-8699,NEEDLE HYP SAFETY 25G X 1.5IN,10,EA,WHSE,0.35,3.5,C,
6545-20-A0U-7793,"KIT, TMT CRASH CART, MAJOR WARSHIP, MEDICAL TREATMENT FACILITY",6515-CF-002-8701,NEEDLE HYP SAFETY 25G X 0.63IN,500,EA,WHSE,0.22,110,C,
6545-20-A0U-7793,"KIT, TMT CRASH CART, MAJOR WARSHIP, MEDICAL TREATMENT FACILITY",6515-CF-002-8731,"NEEDLE, BLUNT, WITH 5 MICRON FILTER, 18G X 1.5IN",100,EA,WHSE,0.24,24,C,
6545-20-A0U-7793,"KIT, TMT CRASH CART, MAJOR WARSHIP, MEDICAL TREATMENT FACILITY",6515-CF-002-9076,"SET, SOLUTION, 10 DROPS/ML, 3 LEUR VALVES, MALE LUER LOCK, 105IN LONG",10,EA,WHSE,8.4,84,C,
6545-20-A0U-7793,"KIT, TMT CRASH CART, MAJOR WARSHIP, MEDICAL TREATMENT FACILITY",6515-CF-002-9589,"SET, SECONDARY MEDICAL, NEEDLELESS, WITH HANGER AND MALE LUER LOCK ADAPTER, 37IN (94CM)",5,EA,WHSE,2.17,10.85,D,
6545-20-A0U-7793,"KIT, TMT CRASH CART, MAJOR WARSHIP, MEDICAL TREATMENT FACILITY",6515-CF-005-0029,"MANUAL SUCTION UNIT, STARTER KIT",1,EA,WHSE,116.83,116.83,C,
6545-20-A0U-7793,"KIT, TMT CRASH CART, MAJOR WARSHIP, MEDICAL TREATMENT FACILITY",6515-CF-005-0650,"OXIMETER, FINGER PULSE, EDAN",20,EA,WHSE,36,720,C,
6545-20-A0U-7793,"KIT, TMT CRASH CART, MAJOR WARSHIP, MEDICAL TREATMENT FACILITY",6515-CF-005-0805,"RESUSCITATOR, BVM ADULT, SPUR II, WITH MEDIUM MASK, PEEP VALVE",12,EA,WHSE,0,0,C,
6545-20-A0U-7793,"KIT, TMT CRASH CART, MAJOR WARSHIP, MEDICAL TREATMENT FACILITY",6515-CF-005-1470,"CPR MASK, POCKET VENTILLATOR, W/HEADSTRAP, ONE-WAY VALVE AND OXYGEN INLET",6,EA,WHSE,5.4,32.4,C,
6545-20-A0U-7793,"KIT, TMT CRASH CART, MAJOR WARSHIP, MEDICAL TREATMENT FACILITY",6545-CF-002-0271,KIT 8 AIRWAYS (OPA'S),10,KT,WHSE,20.01,200.1,C,
6545-20-A0U-7793,"KIT, TMT CRASH CART, MAJOR WARSHIP, MEDICAL TREATMENT FACILITY",6550-CF-002-7803,REAGENT MI TROPONIN I,1,BX,WHSE,683,683,C,
6545-20-A0U-7793,"KIT, TMT CRASH CART, MAJOR WARSHIP, MEDICAL TREATMENT FACILITY",6550-CF-002-9329,"SOLUTION, LOW CONTROL (LEVEL 1), FOR GLUCOSE MONITOR 6630-CF-002-9326",1,EA,WHSE,15.85,15.85,C,
6545-20-A0U-7793,"KIT, TMT CRASH CART, MAJOR WARSHIP, MEDICAL TREATMENT FACILITY",6550-CF-002-9330,"SOLUTION, NORMAL CONTROL (LEVEL 2), FOR GLUCOSE MONITOR 6630-CF-002-9326",1,EA,WHSE,15.85,15.85,C,
6545-20-A0U-7793,"KIT, TMT CRASH CART, MAJOR WARSHIP, MEDICAL TREATMENT FACILITY",6550-CF-002-9331,"SOLUTION, HIGH CONTROL (LEVEL 3), FOR GLUCOSE MONITOR 6630-CF-002-9326",1,EA,WHSE,15.85,15.85,C,
6545-20-A0U-7793,"KIT, TMT CRASH CART, MAJOR WARSHIP, MEDICAL TREATMENT FACILITY",6550-CF-002-9332,"TEST STRIPS,(50'S) FOR GLUCOSE MONITOR 6630-CF-005-0307",1,BT,WHSE,43.66,43.66,C,
6545-20-A0U-7793,"KIT, TMT CRASH CART, MAJOR WARSHIP, MEDICAL TREATMENT FACILITY",6550-CF-005-0041,"CONTROL, QUALITY, LEVELS 1 & 2 FOR TROPONIN I",1,BX,WHSE,270,270,C,
6545-20-A0U-7793,"KIT, TMT CRASH CART, MAJOR WARSHIP, MEDICAL TREATMENT FACILITY",6630-CF-005-0307,CONTOUR NEXT GEN GLUCOMETER BLOOD GLUCOSE MONITORING SYSTEM,2,EA,WHSE,26,52,C,
6545-20-A0U-7793,"KIT, TMT CRASH CART, MAJOR WARSHIP, MEDICAL TREATMENT FACILITY",7510-CF-005-0045,"LEAFLET, SOP FOR LIFESIGN TROPONIN I",1,EA,WHSE,0.05,0.05,C,
6545-20-A0U-7793,"KIT, TMT CRASH CART, MAJOR WARSHIP, MEDICAL TREATMENT FACILITY",7610-CF-003-0392,"SET, POSTER, ACLS, AHA 2020",1,SE,ExternalRqn,74.4,74.4,C,
6545-20-A0U-7793,"KIT, TMT CRASH CART, MAJOR WARSHIP, MEDICAL TREATMENT FACILITY",7610-CF-003-0393,2020 HANDBOOK OF EMERGENCY CARDIOVASCULAR CARE FOR HEALTHCARE PROVIDERS,1,EA,ExternalRqn,39.5,39.5,C,
6545-20-A0U-7793,"KIT, TMT CRASH CART, MAJOR WARSHIP, MEDICAL TREATMENT FACILITY",7690-21-883-2495,LABEL PAPER PRESCRIPTION,1,RO,WHSE,0,0,C,
6545-20-A0U-7793,"KIT, TMT CRASH CART, MAJOR WARSHIP, MEDICAL TREATMENT FACILITY",8145-01-682-0894,"SHIPPING AND STORAGE CONTAINER,MISCELLANEOUS EQUIPMENT",5,EA,WHSE,0.81,4.05,C,
6545-20-A0M-1004,"KIT, TMT, C.A.F. DIVE TEAM C-SPINE IMMOBILIZATION",6515-01-217-1236,SPLINT UNIVERSAL. FOLDED,2,EA,WHSE,10.08,20.16,C,
6545-20-A0M-1004,"KIT, TMT, C.A.F. DIVE TEAM C-SPINE IMMOBILIZATION",6515-01-452-4435,SUPP CERV COLLAR SELECT,2,EA,WHSE,17.15,34.3,C,
6545-20-A0M-1004,"KIT, TMT, C.A.F. DIVE TEAM C-SPINE IMMOBILIZATION",6515-CF-002-8619,"PADS, HEAT, OXYGEN ACTIVATED, SET OF 4 USED WITH BLANKET 6532-CF-003-0369",1,SE,WHSE,107.85,107.85,C,
6545-20-A0M-1004,"KIT, TMT, C.A.F. DIVE TEAM C-SPINE IMMOBILIZATION",6530-01-450-7213,RESTRAINT HEAD UNIVERSAL,1,EA,WHSE,237.43,237.43,C,
6545-20-A0M-1004,"KIT, TMT, C.A.F. DIVE TEAM C-SPINE IMMOBILIZATION",6530-CF-001-7724,"BOARD, SPINAL FRACTURE, PLASTIC, YELLOW, 2,500LBS DISTRIBUTED WEIGHT CAPACITY WITH MOLDED-IN SPEED CLIP PINS",1,EA,WHSE,298.22,298.22,D,
6545-20-A0M-1004,"KIT, TMT, C.A.F. DIVE TEAM C-SPINE IMMOBILIZATION",6530-CF-001-7725,RESTRAINT QUICK FASTRAP,1,EA,WHSE,149.3,149.3,C,
6545-20-A0M-1004,"KIT, TMT, C.A.F. DIVE TEAM C-SPINE IMMOBILIZATION",6532-CF-003-0369,BLANKET CASUALTY HYPOTHERMIA WITH 4 HEAT PADS,1,EA,WHSE,205,205,D,
6545-20-A0M-1004,"KIT, TMT, C.A.F. DIVE TEAM C-SPINE IMMOBILIZATION",9930-01-331-6244,"POUCH, HUMAN REMAINS, 140 IN. ENVELOPE (2-WAY) ZIPPER W/2 PULLS; HOLDS 300 LBS, 6 HANDLESTRAPS PLUS ADDITIONAL STRAPS EACH SIDE, PACKAGED IN 24 X 24 IN. HEAVY-DUTY VISCERA BAG",1,EA,ExternalRqn,0,0,C,
6545-CF-002-1002,"KIT, TREATMENT, MED TECH, BAG",4240-20-011-8588,"BLANKET,SURVIVAL. FOIL/MYLAR W142CM x L203CM",2,EA,WHSE,1.39,2.78,C,
6545-CF-002-1002,"KIT, TREATMENT, MED TECH, BAG",5340-01-682-0499,"CAP-PLUG,PROTECTIVE,DUST AND MOISTURE SEAL",2,EA,WHSE,0.12,0.24,C,
6545-CF-002-1002,"KIT, TREATMENT, MED TECH, BAG",6230-00-125-5528,FLASHLIGHT DISP 11CM LG,1,EA,WHSE,3.02,3.02,C,
6545-CF-002-1002,"KIT, TREATMENT, MED TECH, BAG",6230-20-000-9253,LIGHT HEADBAND GEN PURP,1,EA,ExternalRqn,24,24,C,
6545-CF-002-1002,"KIT, TREATMENT, MED TECH, BAG",6505-20-012-4826,"LUBRICATING GEL, SURGICAL",1,TU,WHSE,1.85,1.85,C,
6545-CF-002-1002,"KIT, TREATMENT, MED TECH, BAG",6510-00-786-3736,PAD ISOPROPYL ALCOHOL,0.5,BX,WHSE,2.07,1.03,C,
6545-CF-002-1002,"KIT, TREATMENT, MED TECH, BAG",6510-01-344-1119,TAPE WHITE 2.5CM X 9.0M,2,RO,WHSE,1.06,2.12,C,
6545-CF-002-1002,"KIT, TREATMENT, MED TECH, BAG",6510-01-503-2117,"GAUZE COMPRESSED 4.5""(11.4CM)",4,EA,WHSE,5.69,22.76,C,
6545-CF-002-1002,"KIT, TREATMENT, MED TECH, BAG",6510-01-558-3342,DRSSNG MODULAR 4IN NLTX,2,EA,WHSE,11.76,23.52,C,
6545-CF-002-1002,"KIT, TREATMENT, MED TECH, BAG",6510-01-558-3443,DRSSNG MODULAR 6IN(15CM) NLTX,2,EA,WHSE,13.44,26.88,C,
6545-CF-002-1002,"KIT, TREATMENT, MED TECH, BAG",6510-01-562-3325,GAUZE HEMOSTATIC 7.5CM,1,EA,WHSE,56.33,56.33,C,
6545-CF-002-1002,"KIT, TREATMENT, MED TECH, BAG",6510-01-621-1129,"DRESSING, CHEST WOUND SEAL, NON-VALVED",1,PG,WHSE,36.59,36.59,C,
6545-CF-002-1002,"KIT, TREATMENT, MED TECH, BAG",6510-21-116-0179,BANDAGE TRIANGLE KHAKI,4,PG,WHSE,1.95,7.8,C,
6545-CF-002-1002,"KIT, TREATMENT, MED TECH, BAG",6510-21-116-0202,PAD NONADHERENT 7.5X10CM,5,EA,WHSE,0.11,0.55,C,
6545-CF-002-1002,"KIT, TREATMENT, MED TECH, BAG",6510-21-845-2189,PAD COTTON (EYE) OVAL,4,EA,WHSE,0.16,0.64,C,
6545-CF-002-1002,"KIT, TREATMENT, MED TECH, BAG",6510-21-845-2238,BANDAID 25'S,1,PG,WHSE,1.07,1.07,C,
6545-CF-002-1002,"KIT, TREATMENT, MED TECH, BAG",6510-21-849-8650,BANDAGE KNUCKLE 3X7CM(L),0.16,BX,WHSE,17.05,2.73,C,
6545-CF-002-1002,"KIT, TREATMENT, MED TECH, BAG",6510-21-851-4200,BANDAGE COMPRESS 4 X 4IN,3,EA,WHSE,0.34,1.02,C,
6545-CF-002-1002,"KIT, TREATMENT, MED TECH, BAG",6510-21-860-8464,SKIN CLOSURE 6 X 75MM,0.1,BX,WHSE,44.55,4.46,C,
6545-CF-002-1002,"KIT, TREATMENT, MED TECH, BAG",6510-21-890-0883,SPONGE 4-P STER 10X10CM,10,PG,WHSE,0.1,1,C,
6545-CF-002-1002,"KIT, TREATMENT, MED TECH, BAG",6510-21-893-3537,BANDAGE (FILM) 10 X 12CM,0.08,BX,WHSE,50.99,4.08,C,
6545-CF-002-1002,"KIT, TREATMENT, MED TECH, BAG",6510-21-907-7261,SPONGE ( 8-P)5 X 5CM,10,PG,WHSE,0.04,0.4,C,
6545-CF-002-1002,"KIT, TREATMENT, MED TECH, BAG",6510-CF-001-9358,BANDAGE ELASTIC 4IN X 5YD (10CM X 4.5M),1,RO,WHSE,5.2,5.2,C,
6545-CF-002-1002,"KIT, TREATMENT, MED TECH, BAG",6510-CF-002-0196,BANDAGE ELASTOPLAST 6-8 X 10CM STRIP,1,BX,WHSE,4.42,4.42,C,
6545-CF-002-1002,"KIT, TREATMENT, MED TECH, BAG",6510-CF-002-0901,BANDAGE BLISTER PROTECT,10,EA,WHSE,1.99,19.9,C,
6545-CF-002-1002,"KIT, TREATMENT, MED TECH, BAG",6510-CF-002-7935,BANDAGE TENSOR LF 10CM,2,EA,WHSE,0.8,1.6,C,
6545-CF-002-1002,"KIT, TREATMENT, MED TECH, BAG",6515-00-337-2400,"FORCEPS SPLINTER 4""(10CM)LG",1,EA,WHSE,1.1,1.1,D,
6545-CF-002-1002,"KIT, TREATMENT, MED TECH, BAG",6515-01-008-3338,PEN SKIN MARKING,1,EA,WHSE,0.89,0.89,C,
6545-CF-002-1002,"KIT, TREATMENT, MED TECH, BAG",6515-01-225-4681,"SPLINT, UNIVERSAL.LIGHTWEIGHT; RADIOLUCENT; GRAY; 4-1/2 BY 36 INCH (10.8 BY 92.2 CM);FOR IMMOBILIZATION OF INJURED EXTREMITIES",1,EA,WHSE,11.13,11.13,C,
6545-CF-002-1002,"KIT, TREATMENT, MED TECH, BAG",6515-01-269-1792,AIRWAY NASOPHARYNG 28FR,3,EA,WHSE,9.12,27.36,C,
6545-CF-002-1002,"KIT, TREATMENT, MED TECH, BAG",6515-01-357-5932,SYR HYPO PLS/DBL-SC 6CC,4,EA,WHSE,0.19,0.76,C,
6545-CF-002-1002,"KIT, TREATMENT, MED TECH, BAG",6515-01-375-4798,CONNECTOR SALINE LOCK,3,EA,WHSE,2.15,6.45,C,
6545-CF-002-1002,"KIT, TREATMENT, MED TECH, BAG",6515-01-452-1329,ADAPTER PEEP VALVE,1,EA,WHSE,5.1,5.1,C,
6545-CF-002-1002,"KIT, TREATMENT, MED TECH, BAG",6515-01-452-4435,SUPP CERV COLLAR SELECT,1,EA,WHSE,17.15,17.15,C,
6545-CF-002-1002,"KIT, TREATMENT, MED TECH, BAG",6515-01-458-6178,"SET, E.N.T. DIAGNOSTICS, LIGHTWEIGHT, FIELD USE",1,KT,WHSE,898.23,898.23,D,
6545-CF-002-1002,"KIT, TREATMENT, MED TECH, BAG",6515-01-479-5756,DETECTOR C02 EASY CAP II,2,EA,WHSE,17.4,34.8,C,
6545-CF-002-1002,"KIT, TREATMENT, MED TECH, BAG",6515-01-521-5730,SPLINT LEG TRACTION 4:1,1,EA,WHSE,205.58,205.58,D,
6545-CF-002-1002,"KIT, TREATMENT, MED TECH, BAG",6515-01-521-7976,"TOURNIQUET, COMBAT APPLICATION, HEMORRHAGE CONTROL, C-A-T, BLACK",3,EA,WHSE,32.98,98.94,C,
6545-CF-002-1002,"KIT, TREATMENT, MED TECH, BAG",6515-01-523-3317,"CONSTRICTING AND SECURING DEVICE,IV",2,EA,WHSE,13.3,26.6,D,
6545-CF-002-1002,"KIT, TREATMENT, MED TECH, BAG",6515-01-537-2611,BAND CONSTRICTING IV,1,EA,WHSE,20.9,20.9,C,
6545-CF-002-1002,"KIT, TREATMENT, MED TECH, BAG",6515-01-540-7226,"LANYARD, RETRACTABLE FOR MEDICAL SCISSORS WITH CLIP FOR D-RINGS",1,EA,WHSE,18.73,18.73,D,
6545-CF-002-1002,"KIT, TREATMENT, MED TECH, BAG",6515-01-583-0475,"SYRINGE,HYPODERMIC. CAPACITY 50 ML",1,EA,WHSE,0.99,0.99,C,
6545-CF-002-1002,"KIT, TREATMENT, MED TECH, BAG",6515-01-587-9943,"TOURNIQUET, TACTICAL, BLACK, SPECIAL OPERATIONS FORCES",1,EA,WHSE,38.51,38.51,C,
6545-CF-002-1002,"KIT, TREATMENT, MED TECH, BAG",6515-01-618-6471,"SYRINGE, HYPODERMIC 3ML",3,EA,WHSE,0.13,0.39,C,
6545-CF-002-1002,"KIT, TREATMENT, MED TECH, BAG",6515-01-618-7475,"TOURNIQUET, JUNCTIONAL, SAM",1,EA,WHSE,447.78,447.78,C,
6545-CF-002-1002,"KIT, TREATMENT, MED TECH, BAG",6515-01-618-8278,"PACK, AIRWAY SUPRAGLOTTIC, ADULT, SIZE 4 COMES WITH LUBRICANT AND AIRWAY SUPPORT STRAP",1,EA,WHSE,35,35,C,
6545-CF-002-1002,"KIT, TREATMENT, MED TECH, BAG",6515-01-621-2401,"PACK, AIRWAY SUPRAGLOTTIC, ADULT, SIZE 5 COMES WITH LUBRICANT AND AIRWAY SUPPORT STRAP",1,EA,WHSE,35,35,C,
6545-CF-002-1002,"KIT, TREATMENT, MED TECH, BAG",6515-01-626-6395,"DRIVER, MANUAL, INTRAOSSEOUS DEVICE AND NEEDLE, STERILE",1,PG,WHSE,391.67,391.67,C,
6545-CF-002-1002,"KIT, TREATMENT, MED TECH, BAG",6515-01-673-7560,STETHOSCOPE,1,EA,WHSE,131.24,131.24,D,
6545-CF-002-1002,"KIT, TREATMENT, MED TECH, BAG",6515-01-674-6444,"TOURNIQUET, FLAT, 1 X 18IN, BLUE, DISPOSABLE, NON-LATEX",1,EA,WHSE,0.24,0.24,C,
6545-CF-002-1002,"KIT, TREATMENT, MED TECH, BAG",6515-01-681-8769,"BAG & EXTENSION TUBE, LEG, ANTI-RFLX TWSTVLV, URINE COLLECTION, 32OZ, PVC, SINGLE USE",2,EA,WHSE,2.95,5.9,C,
6545-CF-002-1002,"KIT, TREATMENT, MED TECH, BAG",6515-14-503-7510,"CATHETER, STRAIGHT, IN-DWELLING, MALE",1,EA,WHSE,8.76,8.76,C,
6545-CF-002-1002,"KIT, TREATMENT, MED TECH, BAG",6515-14-537-1249,"CATHETER, MALE, FOLEY 2-WAY, STRAIGHT, IN-DWELLING",1,EA,WHSE,8.76,8.76,C,
6545-CF-002-1002,"KIT, TREATMENT, MED TECH, BAG",6515-20-011-2559,"TRAY, TACTICAL VASCULAR",3,SE,WHSE,46.78,140.34,D,
6545-CF-002-1002,"KIT, TREATMENT, MED TECH, BAG",6515-20-011-4681,SET AIRWAY SURGICAL STER,2,EA,WHSE,50.83,101.66,C,
6545-CF-002-1002,"KIT, TREATMENT, MED TECH, BAG",6515-21-116-4057,FORCEP HEM CRIL ST 13CM,1,EA,WHSE,23.75,23.75,C,
6545-CF-002-1002,"KIT, TREATMENT, MED TECH, BAG",6515-21-870-5191,KNIFE SURG W/BLADE NO.15,5,EA,WHSE,1.51,7.55,C,
6545-CF-002-1002,"KIT, TREATMENT, MED TECH, BAG",6515-21-878-1957,SCISSORS UNIVERSAL,1,EA,WHSE,2.94,2.94,D,
6545-CF-002-1002,"KIT, TREATMENT, MED TECH, BAG",6515-CF-001-3749,STAPLER DISPOSABLE 35MM,0.16,BX,WHSE,109.09,17.45,C,
6545-CF-002-1002,"KIT, TREATMENT, MED TECH, BAG",6515-CF-001-7496,HOLDER/ET-TUBE RESTRAINT,1,EA,WHSE,2.71,2.71,C,
6545-CF-002-1002,"KIT, TREATMENT, MED TECH, BAG",6515-CF-001-8628,DEPRESSOR TONGUE IND WRP,8,EA,WHSE,0.04,0.32,C,
6545-CF-002-1002,"KIT, TREATMENT, MED TECH, BAG",6515-CF-001-9074,RESUSCITATIOR DISPOSABLE,1,EA,WHSE,17.06,17.06,C,
6545-CF-002-1002,"KIT, TREATMENT, MED TECH, BAG",6515-CF-002-0794,CATHETER IV TFL ORG 14G,2,EA,WHSE,7.33,14.66,C,
6545-CF-002-1002,"KIT, TREATMENT, MED TECH, BAG",6515-CF-002-0856,SET EXTEN IV .4ML 15.2CM,3,EA,WHSE,6.09,18.27,C,
6545-CF-002-1002,"KIT, TREATMENT, MED TECH, BAG",6515-CF-002-0945,SPHYGMOM HAND HELD ANERO,1,EA,WHSE,158.87,158.87,D,
6545-CF-002-1002,"KIT, TREATMENT, MED TECH, BAG",6515-CF-002-6093,LANCET MED BLD 21G 1.8MM,10,EA,WHSE,0.24,2.4,C,
6545-CF-002-1002,"KIT, TREATMENT, MED TECH, BAG",6515-CF-002-7539,SUCTION DVC TACT AIRWAY,1,EA,WHSE,59.28,59.28,C,
6545-CF-002-1002,"KIT, TREATMENT, MED TECH, BAG",6515-CF-002-7589,"GLOVES, EXAMINATION, NON-STERILE, NITRILE, LARGE, BLUE, CHEMO-APPROVED, 12"" EXTENDED CUFF",0.32,BX,WHSE,21.97,7.03,C,
6545-CF-002-1002,"KIT, TREATMENT, MED TECH, BAG",6515-CF-002-7714,OXIMETER NONIN 9550,1,EA,WHSE,911.94,911.94,D,
6545-CF-002-1002,"KIT, TREATMENT, MED TECH, BAG",6515-CF-002-8526,SHIELD EYE ALU WITH PROTECT CLOTH COVER LF,2,EA,WHSE,1.81,3.62,C,
6545-CF-002-1002,"KIT, TREATMENT, MED TECH, BAG",6515-CF-002-8692,NEEDLE HYP SAFETY 18G X 1.5IN,10,EA,WHSE,0.2,2,C,
6545-CF-002-1002,"KIT, TREATMENT, MED TECH, BAG",6515-CF-002-8695,NEEDLE HYP SAFETY 22G X 1IN,5,EA,WHSE,0.21,1.05,C,
6545-CF-002-1002,"KIT, TREATMENT, MED TECH, BAG",6515-CF-002-9076,"SET, SOLUTION, 10 DROPS/ML, 3 LEUR VALVES, MALE LUER LOCK, 105IN LONG",1,EA,WHSE,8.4,8.4,C,
6545-CF-002-1002,"KIT, TREATMENT, MED TECH, BAG",6515-CF-002-9233,TRIAGE TAGS(SET)INCLUDES DEAD TAG,5,EA,WHSE,5.81,29.05,D,
6545-CF-002-1002,"KIT, TREATMENT, MED TECH, BAG",6515-CF-002-9589,"SET, SECONDARY MEDICAL, NEEDLELESS, WITH HANGER AND MALE LUER LOCK ADAPTER, 37IN (94CM)",1,EA,WHSE,2.17,2.17,D,
6545-CF-002-1002,"KIT, TREATMENT, MED TECH, BAG",6515-CF-003-0008,APPLICATOR DISPOSABLE,0.1,BX,WHSE,13.05,1.31,C,
6545-CF-002-1002,"KIT, TREATMENT, MED TECH, BAG",6515-CF-005-1470,"CPR MASK, POCKET VENTILLATOR, W/HEADSTRAP, ONE-WAY VALVE AND OXYGEN INLET",1,EA,WHSE,5.4,5.4,C,
6545-CF-002-1002,"KIT, TREATMENT, MED TECH, BAG",6530-20-001-2849,COVER PROBE THERMOMETER,1,PG,WHSE,3.93,3.93,C,
6545-CF-002-1002,"KIT, TREATMENT, MED TECH, BAG",6530-20-011-4406,"DISPOSAL CONTAINER, HYPODERMIC NEEDLE AND SYRINGE, 0.15L",1,EA,WHSE,3.52,3.52,C,
6545-CF-002-1002,"KIT, TREATMENT, MED TECH, BAG",6530-21-880-6717,PAD COLD TMT,2,EA,WHSE,0.94,1.88,C,
6545-CF-002-1002,"KIT, TREATMENT, MED TECH, BAG",6545-CF-002-0271,KIT 8 AIRWAYS (OPA'S),1,KT,WHSE,20.01,20.01,C,
6545-CF-002-1002,"KIT, TREATMENT, MED TECH, BAG",6545-CF-002-8271,CASE CARRY MEDICATION,1,EA,WHSE,40.1,40.1,D,
6545-CF-002-1002,"KIT, TREATMENT, MED TECH, BAG",6550-CF-002-9329,"SOLUTION, LOW CONTROL (LEVEL 1), FOR GLUCOSE MONITOR 6630-CF-002-9326",1,EA,WHSE,15.85,15.85,C,
6545-CF-002-1002,"KIT, TREATMENT, MED TECH, BAG",6550-CF-002-9330,"SOLUTION, NORMAL CONTROL (LEVEL 2), FOR GLUCOSE MONITOR 6630-CF-002-9326",1,EA,WHSE,15.85,15.85,C,
6545-CF-002-1002,"KIT, TREATMENT, MED TECH, BAG",6550-CF-002-9331,"SOLUTION, HIGH CONTROL (LEVEL 3), FOR GLUCOSE MONITOR 6630-CF-002-9326",1,EA,WHSE,15.85,15.85,C,
6545-CF-002-1002,"KIT, TREATMENT, MED TECH, BAG",6550-CF-002-9332,"TEST STRIPS,(50'S) FOR GLUCOSE MONITOR 6630-CF-005-0307",1,BT,WHSE,43.66,43.66,C,
6545-CF-002-1002,"KIT, TREATMENT, MED TECH, BAG",6630-CF-005-0307,CONTOUR NEXT GEN GLUCOMETER BLOOD GLUCOSE MONITORING SYSTEM,1,EA,WHSE,26,26,C,
6545-CF-002-1002,"KIT, TREATMENT, MED TECH, BAG",6685-20-001-2846,THERMOMETER SELF INDICAT,1,EA,WHSE,10.2,10.2,C,
6545-CF-002-1002,"KIT, TREATMENT, MED TECH, BAG",7530-21-903-1443,FORM PRINTED WHITE,2,EA,ExternalRqn,0.6,1.2,C,
6545-CF-002-1002,"KIT, TREATMENT, MED TECH, BAG",7690-21-883-2495,LABEL PAPER PRESCRIPTION,0.04,RO,ExternalRqn,0,0,C,
6545-CF-002-1002,"KIT, TREATMENT, MED TECH, BAG",8105-21-900-0912,"BAG ZIP-LOC 4 X 3""",0.1,PG,ExternalRqn,2.13,0.21,C,
6545-CF-002-1002,"KIT, TREATMENT, MED TECH, BAG",8145-01-682-0894,"SHIPPING AND STORAGE CONTAINER,MISCELLANEOUS EQUIPMENT",2,EA,WHSE,0.81,1.62,C,
6545-CF-002-1002,"KIT, TREATMENT, MED TECH, BAG",9330-21-859-2658,"PLASTIC WRAP, ROLL, POLYVINYL CHLORIDE, 29.5CM WIDE, 90M LONG",1,EA,ExternalRqn,3.99,3.99,C,
6545-CF-002-1002,"KIT, TREATMENT, MED TECH, BAG",MED TECH TRIAL BAGS PRINTOUT,Med Tech Trial Bags Printout.,1,,Resource,1.2,1.2,,
6545-CF-002-8529,"KIT, TREATMENT, MEDICATIONS, MED TECH BAG",6505-00-963-5355,DEXAM INJ 4MG/ML-5ML MUL,2,BT,WHSE,8.21,16.42,D,
6545-CF-002-8529,"KIT, TREATMENT, MEDICATIONS, MED TECH BAG",6505-01-063-9993,LUBRICANT SURGICAL 3.5G,5,EA,WHSE,0.17,0.85,C,
6545-CF-002-8529,"KIT, TREATMENT, MEDICATIONS, MED TECH BAG",6505-01-074-7588,CEFOXITIN PWDR INJ 1GM,2,BT,WHSE,10.6,21.2,D,
6545-CF-002-8529,"KIT, TREATMENT, MEDICATIONS, MED TECH BAG",6505-20-002-1827,DIPHENH INJ 50MG/ML-1ML,1,EA,WHSE,4.04,4.04,C,
6545-CF-002-8529,"KIT, TREATMENT, MEDICATIONS, MED TECH BAG",6505-20-011-3051,NALOXONE HCL .4MG/ML,1,VI,WHSE,138.45,138.45,D,
6545-CF-002-8529,"KIT, TREATMENT, MEDICATIONS, MED TECH BAG",6505-20-011-3951,FEXOFENADINE HCL 60 MG,1,PG,WHSE,11,11,C,
6545-CF-002-8529,"KIT, TREATMENT, MEDICATIONS, MED TECH BAG",6505-20-012-2554,"KETAMINE HYDROCHLORIDE 50MG/ML, 10ML VIAL",1,VI,WHSE,55.1,55.1,C,
6545-CF-002-8529,"KIT, TREATMENT, MEDICATIONS, MED TECH BAG",6505-20-012-6991,SALBUTAMOL SULFATE 1MG/ML 2.5ML NEBULE INHALATION SOLUTION,1,PG,WHSE,7.23,7.23,C,
6545-CF-002-8529,"KIT, TREATMENT, MEDICATIONS, MED TECH BAG",6505-21-114-6713,DIMENHYD TB 50MG,100,EA,WHSE,0.14,14,C,
6545-CF-002-8529,"KIT, TREATMENT, MEDICATIONS, MED TECH BAG",6505-21-114-6714,"DIPHENHYDRAMINE HCL, 50MG, CAPSULES OR TABLETS",100,EA,WHSE,0.13,13,C,
6545-CF-002-8529,"KIT, TREATMENT, MEDICATIONS, MED TECH BAG",6505-21-114-6722,EPINEPHRINE 1 MG/ML INJ,2,AM,WHSE,1.67,3.34,C,
6545-CF-002-8529,"KIT, TREATMENT, MEDICATIONS, MED TECH BAG",6505-21-114-6764,LIDOCAINE 2% W/EPI 20ML,2,BT,WHSE,10.15,20.3,D,
6545-CF-002-8529,"KIT, TREATMENT, MEDICATIONS, MED TECH BAG",6505-21-116-0364,LIDOCAINE 1% W/EPI (1:1),2,BT,WHSE,13,26,C,
6545-CF-002-8529,"KIT, TREATMENT, MEDICATIONS, MED TECH BAG",6505-21-843-5826,BACITRACIN ZINC OINT,2,TU,WHSE,4.95,9.9,C,
6545-CF-002-8529,"KIT, TREATMENT, MEDICATIONS, MED TECH BAG",6505-21-844-6131,MORPH SULF 10MG/ML-1ML,6,EA,WHSE,2.31,13.86,D,
6545-CF-002-8529,"KIT, TREATMENT, MEDICATIONS, MED TECH BAG",6505-21-855-2221,"SODIUM CHLORIDE 0.9%, FOR INJECTION, 500ML, IV BAG",1,BG,WHSE,2.67,2.67,C,
6545-CF-002-8529,"KIT, TREATMENT, MEDICATIONS, MED TECH BAG",6505-21-855-3742,"LACTATED RINGER'S, FOR INJECTION, 1000ML, IV BAG",2,BG,WHSE,4,8,C,
6545-CF-002-8529,"KIT, TREATMENT, MEDICATIONS, MED TECH BAG",6505-21-872-2053,SALBUTAMOL INHLR 100MCG,1,CN,WHSE,5,5,D,
6545-CF-002-8529,"KIT, TREATMENT, MEDICATIONS, MED TECH BAG",6505-21-879-9785,DIMENHYDRIN 50MG/ML -5ML,1,EA,WHSE,6.94,6.94,C,
6545-CF-002-8529,"KIT, TREATMENT, MEDICATIONS, MED TECH BAG",6505-21-880-9649,PSEUDOEPHEDRINE HCL TABS 60MG PREPACK,2,PG,WHSE,1.82,3.64,C,
6545-CF-002-8529,"KIT, TREATMENT, MEDICATIONS, MED TECH BAG",6505-21-883-2862,IBUPROFEN TABLETS/CAPLETS 400MG,100,EA,WHSE,0.08,8,C,
6545-CF-002-8529,"KIT, TREATMENT, MEDICATIONS, MED TECH BAG",6505-21-894-2130,HALOPERIDOL 5MG/ML (1ML),2,EA,WHSE,4.06,8.12,D,
6545-CF-002-8529,"KIT, TREATMENT, MEDICATIONS, MED TECH BAG",6505-21-895-1613,WATER 10ML FOR INJECTION,2,EA,WHSE,0.65,1.3,C,
6545-CF-002-8529,"KIT, TREATMENT, MEDICATIONS, MED TECH BAG",6505-21-895-1673,ACETAMINOPHEN 325MG TABS ORAL 24 TABS / BOTTLE,3,BT,WHSE,3.48,10.44,C,
6545-CF-002-8529,"KIT, TREATMENT, MEDICATIONS, MED TECH BAG",6505-21-896-0117,CLINDAMYCIN 150MG/ML-2ML,2,VI,WHSE,7.7,15.4,D,
6545-CF-002-8529,"KIT, TREATMENT, MEDICATIONS, MED TECH BAG",6505-21-902-2080,IPRATROPIUM ORAL INHALER,1,EA,WHSE,11.72,11.72,D,
6545-CF-002-8529,"KIT, TREATMENT, MEDICATIONS, MED TECH BAG",6505-21-907-7815,"BISMUTH SUSALICYATE & CALCIUM CARBONATE CHEWABLE TABS, 24's",1,PG,WHSE,3.5,3.5,C,
6545-CF-002-8529,"KIT, TREATMENT, MEDICATIONS, MED TECH BAG",6505-21-912-4939,IPRATROP INHL SOL .025%,10,EA,WHSE,6.12,61.2,D,
6545-CF-002-8529,"KIT, TREATMENT, MEDICATIONS, MED TECH BAG",6505-21-912-4953,ONDANSETRON 2MG/ML-20ML,1,EA,WHSE,130.46,130.46,D,
6545-CF-002-8529,"KIT, TREATMENT, MEDICATIONS, MED TECH BAG",6505-21-912-6381,"ONDANSETRON HCL TABLETS 8MG ORAL, BLISTER PACK",10,EA,WHSE,4.65,46.5,D,
6545-CF-002-8529,"KIT, TREATMENT, MEDICATIONS, MED TECH BAG",6505-21-913-5273,MIDAZOLAM 1MG/ML - 10ML,2,EA,WHSE,5.68,11.36,D,
6545-CF-002-8529,"KIT, TREATMENT, MEDICATIONS, MED TECH BAG",6505-21-914-4258,EPINEPH 0.30MG AUTO-INJ,1,EA,WHSE,85.42,85.42,C,
6545-CF-002-8529,"KIT, TREATMENT, MEDICATIONS, MED TECH BAG",6505-21-920-2716,NITRO SUBLING 0.4MG/DOSE,1,BT,WHSE,14.93,14.93,C,
6545-CF-002-8529,"KIT, TREATMENT, MEDICATIONS, MED TECH BAG",6505-CF-001-4283,"DEXTROSE 10%, FOR INJECTION, 500ML, IV BAG",1,EA,WHSE,3.07,3.07,C,
6545-CF-002-8529,"KIT, TREATMENT, MEDICATIONS, MED TECH BAG",6505-CF-001-7492,DEXTROSE ORAL LIQ 31GM,2,TU,WHSE,5.15,10.3,C,
6545-CF-002-8529,"KIT, TREATMENT, MEDICATIONS, MED TECH BAG",6505-CF-001-9319,MELOXICAM 7.5 MG,100,EA,WHSE,0.2,20,D,
6545-CF-002-8529,"KIT, TREATMENT, MEDICATIONS, MED TECH BAG",6505-CF-002-1954,"TRANEXAMIC ACID, LIQUID INJECTION, 100MG/ML, 10ML VIAL",2,EA,WHSE,30.18,60.36,D,
6545-CF-002-8529,"KIT, TREATMENT, MEDICATIONS, MED TECH BAG",6505-CF-002-7688,"MOXIFLOXACIN 400MG, 100 TABLETS",90,EA,WHSE,0.76,68.4,D,
6545-CF-002-8529,"KIT, TREATMENT, MEDICATIONS, MED TECH BAG",6505-CF-002-8123,ASA 81MG CHEW TABS,1,BT,WHSE,9.5,9.5,C,
6545-CF-002-8529,"KIT, TREATMENT, MEDICATIONS, MED TECH BAG",6505-CF-002-9245,"FLUORESCEIN SODIUM 2% OPHTHALMIC DROPS, 20 x 0.5ML",10,EA,WHSE,3.02,30.2,C,
6545-CF-002-8529,"KIT, TREATMENT, MEDICATIONS, MED TECH BAG",6505-CF-002-9370,TETRACAINE HCL OPHTHALMIC 1% SOLUTION 0.5ML,10,EA,WHSE,2.83,28.3,C,
6545-CF-002-8529,"KIT, TREATMENT, MEDICATIONS, MED TECH BAG",6505-CF-005-0187,ELECTROLYTE POWDER 4.9G,8,EA,WHSE,0.9,7.2,C,
6545-CF-002-8529,"KIT, TREATMENT, MEDICATIONS, MED TECH BAG",6505-CF-005-0252,"ANTIACID 200 MG ALUMINUM HYDROXIDE DRIED GEL/200 MG MAGNESIUM HYDROXIDE & ANTIFLATULENT SIMETHICONE 25 MG, CHEWABLE TABLET",1,BX,WHSE,9.53,9.53,C,
6545-CF-002-8529,"KIT, TREATMENT, MEDICATIONS, MED TECH BAG",6505-CF-005-0253,"GLUCAGON, DRY POWDER, NASAL, 3MG PER SINGLE-USE DEVICE",2,EA,WHSE,160.22,320.44,C,
6545-CF-002-8529,"KIT, TREATMENT, MEDICATIONS, MED TECH BAG",6505-CF-005-0503,"FENTANYL CITRATE, 800 MCG, COMPRESSED LOZENGE, CYNRIL",2,EA,WHSE,49.88,99.76,C,
6545-CF-002-8529,"KIT, TREATMENT, MEDICATIONS, MED TECH BAG",6515-CF-002-7958,DEVICE INHALER ASSISTANC,1,EA,WHSE,4.92,4.92,C,
6545-CF-002-8529,"KIT, TREATMENT, MEDICATIONS, MED TECH BAG",6515-CF-002-8362,"DEVICE, MUCOSAL ATOMIZATION, WITH LUER LOCK AND 3ML SYRINGE",2,EA,WHSE,7.15,14.3,C,
6545-CF-002-8529,"KIT, TREATMENT, MEDICATIONS, MED TECH BAG",PAMPHLET11,AEC PROTOCOLS PAMPHLET,1,,Resource,3.1,3.1,,
6545-CF-005-1238,"MASTER KIT LIST, SICKBAY (ALL HOLDINGS)",6545-01-617-5668,BAG MEDICAL RATS BVS,5,EA,WHSE,1093.21,5466.05,D,
6545-CF-005-1238,"MASTER KIT LIST, SICKBAY (ALL HOLDINGS)",6545-20-A0M-1004,"KIT, TMT, C.A.F. DIVE TEAM C-SPINE IMMOBILIZATION",1,KT,WHSE,655.45,655.45,D,Y
6545-CF-005-1238,"MASTER KIT LIST, SICKBAY (ALL HOLDINGS)",6545-20-A0M-1006,"KIT, MEDICAL, C.A.F. DIVE TEAM",1,KT,WHSE,2343.33,2343.33,D,Y
6545-CF-005-1238,"MASTER KIT LIST, SICKBAY (ALL HOLDINGS)",6545-20-A0U-7793,"KIT, TMT CRASH CART, MAJOR WARSHIP, MEDICAL TREATMENT FACILITY",1,KT,WHSE,35427.51,35427.51,D,Y
6545-CF-005-1238,"MASTER KIT LIST, SICKBAY (ALL HOLDINGS)",6545-20-A0U-8722,"TREATMENT, SET, CORE, MAJOR NAVAL WARSHIP, MEDICAL TREATMENT FACILITY.",1,SE,WHSE,91622.86,91622.86,C,Y
6545-CF-005-1238,"MASTER KIT LIST, SICKBAY (ALL HOLDINGS)",6545-21-111-8439,FIRST AID KIT GENERAL PURPOSE NO.1 FOR 1 TO 9 PERSONS,10,KT,WHSE,21.45,214.5,D,Y
6545-CF-005-1238,"MASTER KIT LIST, SICKBAY (ALL HOLDINGS)",6545-21-912-4985,TRANSIT UNIT MEDICAL SPECIMEN NON-FATAL ACCIDENT,2,KT,WHSE,538.33,1076.66,D,Y
6545-CF-005-1238,"MASTER KIT LIST, SICKBAY (ALL HOLDINGS)",6545-21-912-4986,TRANSIT UNIT MEDICAL SPECIMEN FATAL ACCIDENT,2,KT,WHSE,1754.12,3508.24,D,Y
6545-CF-005-1238,"MASTER KIT LIST, SICKBAY (ALL HOLDINGS)",6545-21-920-2280,TREATMENT KIT HIV POST-EXPOSURE PROPHYLAXIS,1,KT,WHSE,842.26,842.26,D,Y
6545-CF-005-1238,"MASTER KIT LIST, SICKBAY (ALL HOLDINGS)",6545-CF-002-0270,KIT PEDIATRIC RESUS,1,KT,WHSE,2789.08,2789.08,D,
6545-CF-005-1238,"MASTER KIT LIST, SICKBAY (ALL HOLDINGS)",6545-CF-002-1002,"KIT, TREATMENT, MED TECH, BAG",5,KT,WHSE,5591.52,27957.6,D,Y
6545-CF-005-1238,"MASTER KIT LIST, SICKBAY (ALL HOLDINGS)",6545-CF-002-8529,"KIT, TREATMENT, MEDICATIONS, MED TECH BAG",5,KT,WHSE,1270.46,6352.3,D,Y
6545-CF-005-1238,"MASTER KIT LIST, SICKBAY (ALL HOLDINGS)",6545-CF-005-0438,"KIT, MARITIME R1 MTF, MASCAL, EVACUATION, TRAUMA",5,KT,WHSE,11571.93,57859.65,D,Y
6545-CF-005-1238,"MASTER KIT LIST, SICKBAY (ALL HOLDINGS)",6545-CF-005-0860,"KIT, FIRST AID, TCCC, ALL SERVICE MEMBERS (ASM), MARITIME VARIANT",20,KT,WHSE,0,0,D,Y
6545-CF-005-1238,"MASTER KIT LIST, SICKBAY (ALL HOLDINGS)",6545-CF-005-0890,"KIT, R1, DENTAL EMERGENCY, PA/MO",1,KT,WHSE,0,0,D,Y
6545-CF-005-1238,"MASTER KIT LIST, SICKBAY (ALL HOLDINGS)",6640-20-010-9275,"KIT, SEXUAL ASSAULT DETERMINATION, BIOLOGY",6,KT,WHSE,109.4,656.4,C,
6545-CF-005-1238,"MASTER KIT LIST, SICKBAY (ALL HOLDINGS)",6640-20-010-9276,"KIT, SEXUAL ASSAULT DETERMINATION, TOXICOLOGY",2,KT,WHSE,37.65,75.3,C,
6545-21-912-4986,TRANSIT UNIT MEDICAL SPECIMEN FATAL ACCIDENT,5340-21-868-8442,"SEAL, ANTIPILFERAGE, LEAD WIRE",4,EA,ExternalRqn,0.1,0.4,C,
6545-21-912-4986,TRANSIT UNIT MEDICAL SPECIMEN FATAL ACCIDENT,6510-21-912-7057,TAMPON SANITARY W/O APPLICATOR SUPER,36,EA,WHSE,0.23,8.28,C,
6545-21-912-4986,TRANSIT UNIT MEDICAL SPECIMEN FATAL ACCIDENT,6510-CF-005-0004,"PAD, POVIDONE-IODINE IMPREGNATED, SINGLE",10,EA,WHSE,0.33,3.3,C,
6545-21-912-4986,TRANSIT UNIT MEDICAL SPECIMEN FATAL ACCIDENT,6515-01-649-5343,TOURNIQUET LATEX FREE,4,EA,WHSE,0.29,1.16,C,
6545-21-912-4986,TRANSIT UNIT MEDICAL SPECIMEN FATAL ACCIDENT,6515-CF-001-7638,"BLOOD KT SAFLOK 21GX3/4""",2,EA,WHSE,1.22,2.44,C,
6545-21-912-4986,TRANSIT UNIT MEDICAL SPECIMEN FATAL ACCIDENT,6515-CF-002-7194,NEEDLE BLOOD COLL SAFE,6,EA,WHSE,0.29,1.74,C,
6545-21-912-4986,TRANSIT UNIT MEDICAL SPECIMEN FATAL ACCIDENT,6530-CF-001-9532,CONTAINER SPECIMEN 90ML,2,EA,WHSE,0.19,0.38,C,
6545-21-912-4986,TRANSIT UNIT MEDICAL SPECIMEN FATAL ACCIDENT,6545-CF-001-1440,WHIRL PACK SAMPLING BAGS,4,EA,WHSE,126.78,507.12,C,
6545-21-912-4986,TRANSIT UNIT MEDICAL SPECIMEN FATAL ACCIDENT,6545-CF-001-1441,WHIRL PACK SAMPLING BAGS,4,EA,WHSE,178.22,712.88,C,
6545-21-912-4986,TRANSIT UNIT MEDICAL SPECIMEN FATAL ACCIDENT,6630-00-404-2220,HOLDER BLOOD TUBE 16MM,2,EA,WHSE,0.32,0.64,C,
6545-21-912-4986,TRANSIT UNIT MEDICAL SPECIMEN FATAL ACCIDENT,6630-CF-001-9151,TUBE BLOOD RED 10ML,6,EA,WHSE,0.33,1.98,C,
6545-21-912-4986,TRANSIT UNIT MEDICAL SPECIMEN FATAL ACCIDENT,6640-CF-002-8680,TUBE BLOOD COLLECT GREY 10ML,4,EA,WHSE,0.19,0.76,C,
6545-21-912-4986,TRANSIT UNIT MEDICAL SPECIMEN FATAL ACCIDENT,6640-CF-002-9108,"TUBE, PLASMA COLLECTION, VACUUM, PLASTIC 16 X 100MM X 10Ml, WIT HEPARIN SPRAY COATED, GREEN TOP",4,EA,WHSE,0.47,1.88,C,
6545-21-912-4986,TRANSIT UNIT MEDICAL SPECIMEN FATAL ACCIDENT,7330-21-865-5782,ICE PACK RIGID 1.0LB,2,EA,ExternalRqn,3.49,6.98,D,
6545-21-912-4986,TRANSIT UNIT MEDICAL SPECIMEN FATAL ACCIDENT,7330-CF-002-7147,"CHEST, COOLER, INSULATED, 15.1L, RED, ATTACHED WHITE LID, MOLDED HANDLE",1,EA,WHSE,50.6,50.6,C,
6545-21-912-4986,TRANSIT UNIT MEDICAL SPECIMEN FATAL ACCIDENT,7510-20-A03-9054,MARKER BLCK FINE SHARPIE,1,EA,ExternalRqn,1.25,1.25,C,
6545-21-912-4986,TRANSIT UNIT MEDICAL SPECIMEN FATAL ACCIDENT,7530-21-844-6267,LABEL PLAIN WHITE PAPER,3,RO,ExternalRqn,0.05,0.15,C,
6545-21-912-4986,TRANSIT UNIT MEDICAL SPECIMEN FATAL ACCIDENT,8105-21-900-0913,"BAG, PLASTIC, ZIPLOCK CLOSURE, 4IN X 6IN",0.3,PG,ExternalRqn,0.06,0.02,C,
6545-21-912-4986,TRANSIT UNIT MEDICAL SPECIMEN FATAL ACCIDENT,8105-21-900-0916,"BAG, PLASTICK, WITH ZIPLOCK CLOSURE, 10IN X 8IN",0.3,PG,ExternalRqn,6.33,1.9,C,
6545-21-912-4986,TRANSIT UNIT MEDICAL SPECIMEN FATAL ACCIDENT,8115-01-672-9067,"CASE, MAILING, LABORATORY SPECIMEN, 3 TUBE",3,PR,WHSE,1.18,3.54,C,
6545-21-912-4986,TRANSIT UNIT MEDICAL SPECIMEN FATAL ACCIDENT,8115-21-913-5632,CONTAINER ASSY MSTU KIT,1,EA,WHSE,432.5,432.5,C,
6545-21-912-4986,TRANSIT UNIT MEDICAL SPECIMEN FATAL ACCIDENT,BOOOKLET5,COPY OF KIT DEFINITION MSTU FATAL,1,,Resource,0.25,0.25,,
6545-21-912-4986,TRANSIT UNIT MEDICAL SPECIMEN FATAL ACCIDENT,LABEL5,EXEMPT HUMAN SPECIMEN,4,,ExternalRqn,0.1,0.4,,
6545-21-912-4986,TRANSIT UNIT MEDICAL SPECIMEN FATAL ACCIDENT,LABEL6,UN 3373 BIOLOGICAL SUBSTANCE CATEGORY B,4,,ExternalRqn,0.1,0.4,,
6545-21-912-4986,TRANSIT UNIT MEDICAL SPECIMEN FATAL ACCIDENT,PAMPHLET10,EXTERNAL SPECIMEN CHAIN OF CUSTODY FORM AC8025-3,1,,Resource,0.04,0.04,,
6545-21-912-4986,TRANSIT UNIT MEDICAL SPECIMEN FATAL ACCIDENT,PAMPHLET6,AMA DIRECTIVE 300-02 MEDICAL INVESTIGATION AND REPORTING OF FLIGHT SAFETY OCCURRENCES.,1,,Resource,1.6,1.6,,
6545-21-912-4986,TRANSIT UNIT MEDICAL SPECIMEN FATAL ACCIDENT,PAMPHLET7,CF PROCEDURES FOR COLLECTING AND SHIPPING TOXICOLOGY SPECIMENS FROM FATAL OCCURRENCES TO FEDERAL AVIATION ADMINISTRATION CIVIL AEROSPACE MEDICAL INSTITUTE,1,,Resource,1,1,,
6545-21-912-4986,TRANSIT UNIT MEDICAL SPECIMEN FATAL ACCIDENT,PAMPHLET8,POST-INCIDENT AND CRASH PROCEDURES,1,,Resource,0.02,0.02,,
6545-21-912-4986,TRANSIT UNIT MEDICAL SPECIMEN FATAL ACCIDENT,PAMPHLET9,PHAC MARKING AND LABELLING,1,,Resource,0.03,0.03,,
6545-21-912-4985,TRANSIT UNIT MEDICAL SPECIMEN NON-FATAL ACCIDENT,5340-21-868-8442,"SEAL, ANTIPILFERAGE, LEAD WIRE",4,EA,ExternalRqn,0.1,0.4,C,
6545-21-912-4985,TRANSIT UNIT MEDICAL SPECIMEN NON-FATAL ACCIDENT,6510-21-912-7057,TAMPON SANITARY W/O APPLICATOR SUPER,16,EA,WHSE,0.23,3.68,C,
6545-21-912-4985,TRANSIT UNIT MEDICAL SPECIMEN NON-FATAL ACCIDENT,6510-CF-005-0004,"PAD, POVIDONE-IODINE IMPREGNATED, SINGLE",10,EA,WHSE,0.33,3.3,C,
6545-21-912-4985,TRANSIT UNIT MEDICAL SPECIMEN NON-FATAL ACCIDENT,6515-01-649-5343,TOURNIQUET LATEX FREE,4,EA,WHSE,0.29,1.16,C,
6545-21-912-4985,TRANSIT UNIT MEDICAL SPECIMEN NON-FATAL ACCIDENT,6515-CF-001-7638,"BLOOD KT SAFLOK 21GX3/4""",4,EA,WHSE,1.22,4.88,C,
6545-21-912-4985,TRANSIT UNIT MEDICAL SPECIMEN NON-FATAL ACCIDENT,6515-CF-002-7194,NEEDLE BLOOD COLL SAFE,6,EA,WHSE,0.29,1.74,C,
6545-21-912-4985,TRANSIT UNIT MEDICAL SPECIMEN NON-FATAL ACCIDENT,6530-CF-001-9532,CONTAINER SPECIMEN 90ML,4,EA,WHSE,0.19,0.76,C,
6545-21-912-4985,TRANSIT UNIT MEDICAL SPECIMEN NON-FATAL ACCIDENT,6630-00-404-2220,HOLDER BLOOD TUBE 16MM,4,EA,WHSE,0.32,1.28,C,
6545-21-912-4985,TRANSIT UNIT MEDICAL SPECIMEN NON-FATAL ACCIDENT,6640-CF-002-8680,TUBE BLOOD COLLECT GREY 10ML,8,EA,WHSE,0.19,1.52,C,
6545-21-912-4985,TRANSIT UNIT MEDICAL SPECIMEN NON-FATAL ACCIDENT,6640-CF-002-9108,"TUBE, PLASMA COLLECTION, VACUUM, PLASTIC 16 X 100MM X 10Ml, WIT HEPARIN SPRAY COATED, GREEN TOP",8,EA,WHSE,0.47,3.76,C,
6545-21-912-4985,TRANSIT UNIT MEDICAL SPECIMEN NON-FATAL ACCIDENT,7330-21-865-5782,ICE PACK RIGID 1.0LB,2,EA,ExternalRqn,3.49,6.98,D,
6545-21-912-4985,TRANSIT UNIT MEDICAL SPECIMEN NON-FATAL ACCIDENT,7330-CF-002-7147,"CHEST, COOLER, INSULATED, 15.1L, RED, ATTACHED WHITE LID, MOLDED HANDLE",1,EA,WHSE,50.6,50.6,C,
6545-21-912-4985,TRANSIT UNIT MEDICAL SPECIMEN NON-FATAL ACCIDENT,7510-20-A03-9054,MARKER BLCK FINE SHARPIE,1,EA,ExternalRqn,0.98,0.98,C,
6545-21-912-4985,TRANSIT UNIT MEDICAL SPECIMEN NON-FATAL ACCIDENT,7530-21-844-6267,LABEL PLAIN WHITE PAPER,2,RO,ExternalRqn,0.13,0.26,C,
6545-21-912-4985,TRANSIT UNIT MEDICAL SPECIMEN NON-FATAL ACCIDENT,7530-21-920-4737,FORM REPORT INJ/EXP TOX,4,,ExternalRqn,0.01,0.04,C,
6545-21-912-4985,TRANSIT UNIT MEDICAL SPECIMEN NON-FATAL ACCIDENT,8105-21-900-0913,"BAG, PLASTIC, ZIPLOCK CLOSURE, 4IN X 6IN",0.16,PG,ExternalRqn,2.21,0.35,C,
6545-21-912-4985,TRANSIT UNIT MEDICAL SPECIMEN NON-FATAL ACCIDENT,8115-01-672-9067,"CASE, MAILING, LABORATORY SPECIMEN, 3 TUBE",4,PR,WHSE,1.18,4.72,C,
6545-21-912-4985,TRANSIT UNIT MEDICAL SPECIMEN NON-FATAL ACCIDENT,8115-21-913-5632,CONTAINER ASSY MSTU KIT,1,EA,WHSE,432.5,432.5,C,
6545-21-912-4985,TRANSIT UNIT MEDICAL SPECIMEN NON-FATAL ACCIDENT,BOOKLET4,COPY OF KIT DEFINITION MSTU NON-FATAL,1,,Resource,0.25,0.25,,
6545-21-912-4985,TRANSIT UNIT MEDICAL SPECIMEN NON-FATAL ACCIDENT,LABEL1,EXEMPT HUMAN SPECIMEN,4,,ExternalRqn,0.1,0.4,,
6545-21-912-4985,TRANSIT UNIT MEDICAL SPECIMEN NON-FATAL ACCIDENT,LABEL2,UN 3373 BIOLOGICAL SUBSTANCE CATEGORY B,4,,ExternalRqn,0.1,0.4,,
6545-21-912-4985,TRANSIT UNIT MEDICAL SPECIMEN NON-FATAL ACCIDENT,PAMPHLET1,AMA DIRECTIVE 300-02 MEDICAL INVESTIGATION AND REPORTING OF FLIGHT SAFETY OCCURRENCES,1,,Resource,1.6,1.6,,
6545-21-912-4985,TRANSIT UNIT MEDICAL SPECIMEN NON-FATAL ACCIDENT,PAMPHLET2,POST-CRASH - MEMO POST-INCIDENT AND POST-CRASH PROCEDURES,1,,Resource,0.25,0.25,,
6545-21-912-4985,TRANSIT UNIT MEDICAL SPECIMEN NON-FATAL ACCIDENT,PAMPHLET3,AC 8025-3 EXTERNAL SPECIMEN CHAIN OF CUSTODY FORM,1,,Resource,0.25,0.25,,
6545-21-912-4985,TRANSIT UNIT MEDICAL SPECIMEN NON-FATAL ACCIDENT,PAMPHLET4,C.F PROCEDURES FOR COLLECTING AND SHIPPING TOXICOLOGY SPECIMENS FROM NON FATAL OCCURRENCES TO FEDERAL AVIATION ADMINISTRATION CIVIL AEROSPACE MEDICAL INSTITUTE.,1,,Resource,1,1,,
6545-21-912-4985,TRANSIT UNIT MEDICAL SPECIMEN NON-FATAL ACCIDENT,PAMPHLET5,EXEMPT SPECIMEN - PHAC MARKING & LABELLING,1,,Resource,0.5,0.5,,
6545-21-920-2280,TREATMENT KIT HIV POST-EXPOSURE PROPHYLAXIS,6505-CF-002-8890,"EMTRICITABINE 200MG/TENOFOVIR 300MG, TABLET",30,EA,WHSE,1.05,31.5,D,
6545-21-920-2280,TREATMENT KIT HIV POST-EXPOSURE PROPHYLAXIS,6505-CF-002-8891,"RALTEGRAVIR POTASSIUM 400MG, TABLET",60,EA,WHSE,14.03,841.8,D,
6545-21-920-2280,TREATMENT KIT HIV POST-EXPOSURE PROPHYLAXIS,6545-CF-002-8272,CASE EMPTY FAK 26CMX18CM,1,EA,WHSE,5.86,5.86,C,
6545-21-920-2280,TREATMENT KIT HIV POST-EXPOSURE PROPHYLAXIS,PAMPHLET14,Preventive and Management of occupational exposure to blood borne pathogens in Canadian Forces Health Services Centres 24 Nov 2017 CDCP 2005-01,1,,ExternalRqn,2.39,2.39,,
6545-20-A0U-8755,"TREATMENT KIT, BANDAGES/DRESSINGS AND TRAYS, MAJOR NAVAL WARSHIP, MEDICAL TREATMENT FACILITY",6505-21-857-5596,"BENZOIN TINCTURE COMPOUND, 50ML-100ML BOTTLE",2,BT,WHSE,11.04,22.08,C,
6545-20-A0U-8755,"TREATMENT KIT, BANDAGES/DRESSINGS AND TRAYS, MAJOR NAVAL WARSHIP, MEDICAL TREATMENT FACILITY",6510-01-503-2117,"GAUZE COMPRESSED 4.5""(11.4CM)",21,EA,WHSE,5.69,119.49,C,
6545-20-A0U-8755,"TREATMENT KIT, BANDAGES/DRESSINGS AND TRAYS, MAJOR NAVAL WARSHIP, MEDICAL TREATMENT FACILITY",6510-01-532-8930,BANDAGE ABD TRAUMA CINCH,8,EA,WHSE,13.87,110.96,C,
6545-20-A0U-8755,"TREATMENT KIT, BANDAGES/DRESSINGS AND TRAYS, MAJOR NAVAL WARSHIP, MEDICAL TREATMENT FACILITY",6510-01-540-6484,"BANDAGE HARD CMPRSSN ""H""",5,EA,WHSE,10.5,52.5,C,
6545-20-A0U-8755,"TREATMENT KIT, BANDAGES/DRESSINGS AND TRAYS, MAJOR NAVAL WARSHIP, MEDICAL TREATMENT FACILITY",6510-01-558-3342,DRSSNG MODULAR 4IN NLTX,100,EA,WHSE,11.76,1176,C,
6545-20-A0U-8755,"TREATMENT KIT, BANDAGES/DRESSINGS AND TRAYS, MAJOR NAVAL WARSHIP, MEDICAL TREATMENT FACILITY",6510-01-558-3443,DRSSNG MODULAR 6IN(15CM) NLTX,10,EA,WHSE,13.44,134.4,C,
6545-20-A0U-8755,"TREATMENT KIT, BANDAGES/DRESSINGS AND TRAYS, MAJOR NAVAL WARSHIP, MEDICAL TREATMENT FACILITY",6510-01-562-3325,GAUZE HEMOSTATIC 7.5CM,40,EA,WHSE,56.33,2253.2,C,
6545-20-A0U-8755,"TREATMENT KIT, BANDAGES/DRESSINGS AND TRAYS, MAJOR NAVAL WARSHIP, MEDICAL TREATMENT FACILITY",6510-20-012-5182,"DRESSING RETAINER, TUBULAR, ELASTIC, LATEX-FREE. SMALL HAND ARM LEG FOOT. 25 YD(22.8M)/ROLL. SZ 2",4,BX,WHSE,9.23,36.92,C,
6545-20-A0U-8755,"TREATMENT KIT, BANDAGES/DRESSINGS AND TRAYS, MAJOR NAVAL WARSHIP, MEDICAL TREATMENT FACILITY",6510-20-012-5185,"DRESSING RETAINER, TUBULAR, ELASTIC, LATEX-FREE. SMALL HEAD SHOULDER THIGH. 25 YD(22.8M)/ROLL. SZ 5",2,BX,WHSE,18.11,36.22,C,
6545-20-A0U-8755,"TREATMENT KIT, BANDAGES/DRESSINGS AND TRAYS, MAJOR NAVAL WARSHIP, MEDICAL TREATMENT FACILITY",6510-20-013-4808,"DRESSING, ADHESIVE, NON-STERILE, BREATHABLE",10,BX,WHSE,29.53,295.3,C,
6545-20-A0U-8755,"TREATMENT KIT, BANDAGES/DRESSINGS AND TRAYS, MAJOR NAVAL WARSHIP, MEDICAL TREATMENT FACILITY",6510-21-116-0140,APPLICATOR TUBULAR NO.0,1,EA,WHSE,36.11,36.11,C,
6545-20-A0U-8755,"TREATMENT KIT, BANDAGES/DRESSINGS AND TRAYS, MAJOR NAVAL WARSHIP, MEDICAL TREATMENT FACILITY",6510-21-116-0141,APPLICATOR TUBULAR NO.1,1,EA,WHSE,39.24,39.24,C,
6545-20-A0U-8755,"TREATMENT KIT, BANDAGES/DRESSINGS AND TRAYS, MAJOR NAVAL WARSHIP, MEDICAL TREATMENT FACILITY",6510-21-116-0142,APPLICATOR TUBULAR NO.2,1,EA,WHSE,43.16,43.16,C,
6545-20-A0U-8755,"TREATMENT KIT, BANDAGES/DRESSINGS AND TRAYS, MAJOR NAVAL WARSHIP, MEDICAL TREATMENT FACILITY",6510-21-116-0149,BANDAGE TENSOR 6IN X5YDS,12,EA,WHSE,1.01,12.12,C,
6545-20-A0U-8755,"TREATMENT KIT, BANDAGES/DRESSINGS AND TRAYS, MAJOR NAVAL WARSHIP, MEDICAL TREATMENT FACILITY",6510-21-116-0151,BANDAGE CREPE 4IN X 5YDS,36,EA,WHSE,6.65,239.4,C,
6545-20-A0U-8755,"TREATMENT KIT, BANDAGES/DRESSINGS AND TRAYS, MAJOR NAVAL WARSHIP, MEDICAL TREATMENT FACILITY",6510-21-116-0152,BANDAGE CREPE 6IN X 5YDS,36,EA,WHSE,9.34,336.24,C,
6545-20-A0U-8755,"TREATMENT KIT, BANDAGES/DRESSINGS AND TRAYS, MAJOR NAVAL WARSHIP, MEDICAL TREATMENT FACILITY",6510-21-116-0177,BANDAGE GZ TUB 1.6CMX20M,2,EA,WHSE,6.24,12.48,C,
6545-20-A0U-8755,"TREATMENT KIT, BANDAGES/DRESSINGS AND TRAYS, MAJOR NAVAL WARSHIP, MEDICAL TREATMENT FACILITY",6510-21-116-0178,BANDAGE GAUZE TUBULAR 2.5CM W X 20M LG WHITE NONSTERILE W/O APPLICATOR ROLLED FORM IN DISPENSING PACKAGE (SIZE 2),2,EA,WHSE,6.76,13.52,C,
6545-20-A0U-8755,"TREATMENT KIT, BANDAGES/DRESSINGS AND TRAYS, MAJOR NAVAL WARSHIP, MEDICAL TREATMENT FACILITY",6510-21-116-0179,BANDAGE TRIANGLE KHAKI,800,PG,WHSE,1.95,1560,C,
6545-20-A0U-8755,"TREATMENT KIT, BANDAGES/DRESSINGS AND TRAYS, MAJOR NAVAL WARSHIP, MEDICAL TREATMENT FACILITY",6510-21-116-0202,PAD NONADHERENT 7.5X10CM,144,EA,WHSE,0.11,15.84,C,
6545-20-A0U-8755,"TREATMENT KIT, BANDAGES/DRESSINGS AND TRAYS, MAJOR NAVAL WARSHIP, MEDICAL TREATMENT FACILITY",6510-21-116-0204,PAD NONADHERENT 7.5X20CM,24,EA,WHSE,0.2,4.8,C,
6545-20-A0U-8755,"TREATMENT KIT, BANDAGES/DRESSINGS AND TRAYS, MAJOR NAVAL WARSHIP, MEDICAL TREATMENT FACILITY",6510-21-116-0209,GAUZE ABSORBENT STERILE,1,BT,WHSE,3.62,3.62,C,
6545-20-A0U-8755,"TREATMENT KIT, BANDAGES/DRESSINGS AND TRAYS, MAJOR NAVAL WARSHIP, MEDICAL TREATMENT FACILITY",6510-21-116-0224,PAD ABDOMINAL (18M) ROLL,3,RO,WHSE,28.06,84.18,C,
6545-20-A0U-8755,"TREATMENT KIT, BANDAGES/DRESSINGS AND TRAYS, MAJOR NAVAL WARSHIP, MEDICAL TREATMENT FACILITY",6510-21-845-2189,PAD COTTON (EYE) OVAL,48,EA,WHSE,0.16,7.68,C,
6545-20-A0U-8755,"TREATMENT KIT, BANDAGES/DRESSINGS AND TRAYS, MAJOR NAVAL WARSHIP, MEDICAL TREATMENT FACILITY",6510-21-845-2199,BANDAGE GZ WHITE 2IN WD,48,RO,WHSE,2.26,108.48,C,
6545-20-A0U-8755,"TREATMENT KIT, BANDAGES/DRESSINGS AND TRAYS, MAJOR NAVAL WARSHIP, MEDICAL TREATMENT FACILITY",6510-21-845-2201,BANDGE GZ WHITE 4IN X5YD,72,EA,WHSE,0.66,47.52,C,
6545-20-A0U-8755,"TREATMENT KIT, BANDAGES/DRESSINGS AND TRAYS, MAJOR NAVAL WARSHIP, MEDICAL TREATMENT FACILITY",6510-21-845-2239,BANDAGE 100'S,24,BX,WHSE,2,48,C,
6545-20-A0U-8755,"TREATMENT KIT, BANDAGES/DRESSINGS AND TRAYS, MAJOR NAVAL WARSHIP, MEDICAL TREATMENT FACILITY",6510-21-849-8650,BANDAGE KNUCKLE 3X7CM(L),3,BX,WHSE,17.05,51.15,C,
6545-20-A0U-8755,"TREATMENT KIT, BANDAGES/DRESSINGS AND TRAYS, MAJOR NAVAL WARSHIP, MEDICAL TREATMENT FACILITY",6510-21-860-8464,SKIN CLOSURE 6 X 75MM,1,BX,WHSE,44.55,44.55,C,
6545-20-A0U-8755,"TREATMENT KIT, BANDAGES/DRESSINGS AND TRAYS, MAJOR NAVAL WARSHIP, MEDICAL TREATMENT FACILITY",6510-21-890-0883,SPONGE 4-P STER 10X10CM,500,PG,WHSE,0.1,50,C,
6545-20-A0U-8755,"TREATMENT KIT, BANDAGES/DRESSINGS AND TRAYS, MAJOR NAVAL WARSHIP, MEDICAL TREATMENT FACILITY",6510-21-891-0091,SPONGE 4-P N-ST 10X10CM,24,PG,WHSE,4.83,115.92,C,
6545-20-A0U-8755,"TREATMENT KIT, BANDAGES/DRESSINGS AND TRAYS, MAJOR NAVAL WARSHIP, MEDICAL TREATMENT FACILITY",6510-21-899-4381,"DRESSING 3"" GEL PAD",3,JR,WHSE,48.36,145.08,C,
6545-20-A0U-8755,"TREATMENT KIT, BANDAGES/DRESSINGS AND TRAYS, MAJOR NAVAL WARSHIP, MEDICAL TREATMENT FACILITY",6510-21-903-0018,DRESSNG CHLORHX 4 X 4IN,12,BX,WHSE,14.22,170.64,C,
6545-20-A0U-8755,"TREATMENT KIT, BANDAGES/DRESSINGS AND TRAYS, MAJOR NAVAL WARSHIP, MEDICAL TREATMENT FACILITY",6510-21-913-9494,DRESSING MEPORE 9 X 10CM,2,BX,WHSE,22.5,45,C,
6545-20-A0U-8755,"TREATMENT KIT, BANDAGES/DRESSINGS AND TRAYS, MAJOR NAVAL WARSHIP, MEDICAL TREATMENT FACILITY",6510-21-914-4733,DRESSING MEPORE 7CM X 5M,4,RO,WHSE,9.3,37.2,C,
6545-20-A0U-8755,"TREATMENT KIT, BANDAGES/DRESSINGS AND TRAYS, MAJOR NAVAL WARSHIP, MEDICAL TREATMENT FACILITY",6510-25-125-9106,DRESSING MEPORE 9 X 20CM,3,EA,WHSE,0.76,2.28,C,
6545-20-A0U-8755,"TREATMENT KIT, BANDAGES/DRESSINGS AND TRAYS, MAJOR NAVAL WARSHIP, MEDICAL TREATMENT FACILITY",6510-CF-001-7793,DRESSING STRIP 4CM X 5M,10,EA,WHSE,17.64,176.4,C,
6545-20-A0U-8755,"TREATMENT KIT, BANDAGES/DRESSINGS AND TRAYS, MAJOR NAVAL WARSHIP, MEDICAL TREATMENT FACILITY",6510-CF-001-9356,BANDAGE ELASTIC 2IN X5YD (5cm x 4.5m),36,RO,WHSE,2.8,100.8,C,
6545-20-A0U-8755,"TREATMENT KIT, BANDAGES/DRESSINGS AND TRAYS, MAJOR NAVAL WARSHIP, MEDICAL TREATMENT FACILITY",6510-CF-002-0797,"DRESSING, BURN, DRY, 10CM X 20CM, ACTICOAT, ANTIMICROBIAL SILVER COATED",24,EA,WHSE,14.67,352.08,C,
6545-20-A0U-8755,"TREATMENT KIT, BANDAGES/DRESSINGS AND TRAYS, MAJOR NAVAL WARSHIP, MEDICAL TREATMENT FACILITY",6510-CF-002-0798,"DRESSING, BURN, DRY, 20CM X 40CM, ACTICOAT, ANTIMICROBIAL SILVER COATED",12,EA,WHSE,80.33,963.96,C,
6545-20-A0U-8755,"TREATMENT KIT, BANDAGES/DRESSINGS AND TRAYS, MAJOR NAVAL WARSHIP, MEDICAL TREATMENT FACILITY",6510-CF-002-7935,BANDAGE TENSOR LF 10CM,50,EA,WHSE,0.8,40,C,
6545-20-A0U-8755,"TREATMENT KIT, BANDAGES/DRESSINGS AND TRAYS, MAJOR NAVAL WARSHIP, MEDICAL TREATMENT FACILITY",6515-21-116-0241,STOCKINET SURGICAL 7.62C,1,RO,WHSE,7.65,7.65,C,
6545-20-A0U-8755,"TREATMENT KIT, BANDAGES/DRESSINGS AND TRAYS, MAJOR NAVAL WARSHIP, MEDICAL TREATMENT FACILITY",6515-21-843-5483,STOCKINET SURGICAL 10.16,1,RO,WHSE,9.31,9.31,C,
6545-20-A0U-8755,"TREATMENT KIT, BANDAGES/DRESSINGS AND TRAYS, MAJOR NAVAL WARSHIP, MEDICAL TREATMENT FACILITY",6515-21-878-1957,SCISSORS UNIVERSAL,2,EA,WHSE,2.94,5.88,D,
6545-20-A0U-8755,"TREATMENT KIT, BANDAGES/DRESSINGS AND TRAYS, MAJOR NAVAL WARSHIP, MEDICAL TREATMENT FACILITY",6515-CF-000-4976,TRAY DRESSING DISPOSABLE,4,EA,WHSE,1.09,4.36,C,
6545-20-A0U-8755,"TREATMENT KIT, BANDAGES/DRESSINGS AND TRAYS, MAJOR NAVAL WARSHIP, MEDICAL TREATMENT FACILITY",6515-CF-002-8171,KIT WOUND MANAGE DISP TR,5,KT,WHSE,6.65,33.25,D,
6545-20-A0U-8755,"TREATMENT KIT, BANDAGES/DRESSINGS AND TRAYS, MAJOR NAVAL WARSHIP, MEDICAL TREATMENT FACILITY",6515-CF-005-0019,"FINGER COT, SURGICAL, NON-LATEX, POWDER-FREE, NITRILE",720,EA,WHSE,0.11,79.2,C,
6545-20-A0U-8755,"TREATMENT KIT, BANDAGES/DRESSINGS AND TRAYS, MAJOR NAVAL WARSHIP, MEDICAL TREATMENT FACILITY",6515-CF-005-0020,"DRESSING RETAINER, TUBULAR, ELASTIC, LATEX-FREE. LARGE HEAD SHOULDER THIGH 25YD(22.8M)/ROLL. SZ 6",2,EA,WHSE,29.22,58.44,C,
6545-20-A0U-8755,"TREATMENT KIT, BANDAGES/DRESSINGS AND TRAYS, MAJOR NAVAL WARSHIP, MEDICAL TREATMENT FACILITY",6530-20-012-7761,ASSORTED SAFETY PINS,5,PG,WHSE,0.75,3.75,C,
6545-20-A0U-8755,"TREATMENT KIT, BANDAGES/DRESSINGS AND TRAYS, MAJOR NAVAL WARSHIP, MEDICAL TREATMENT FACILITY",6545-25-137-9465,DRESSING ADHESIVE 9X15CM,2,BX,WHSE,22.56,45.12,C,
6545-20-A0U-8755,"TREATMENT KIT, BANDAGES/DRESSINGS AND TRAYS, MAJOR NAVAL WARSHIP, MEDICAL TREATMENT FACILITY",9330-21-859-2658,"PLASTIC WRAP, ROLL, POLYVINYL CHLORIDE, 29.5CM WIDE, 90M LONG",1,EA,ExternalRqn,3.99,3.99,C,
6545-20-A0U-8757,"TREATMENT KIT, BLOOD COLLECTION",6515-01-457-1496,"NEEDLE HYPO 21G X 1-1/2""",100,EA,WHSE,0.19,19,C,
6545-20-A0U-8757,"TREATMENT KIT, BLOOD COLLECTION",6515-01-649-5343,TOURNIQUET LATEX FREE,100,EA,WHSE,0.29,29,C,
6545-20-A0U-8757,"TREATMENT KIT, BLOOD COLLECTION",6515-CF-001-7638,"BLOOD KT SAFLOK 21GX3/4""",50,EA,WHSE,1.22,61,C,
6545-20-A0U-8757,"TREATMENT KIT, BLOOD COLLECTION",6515-CF-002-8686,SET IV INJECTION 23G X 0.75IN WITH TUBING AND LUER ADAPTER,50,SE,WHSE,1.53,76.5,C,
6545-20-A0U-8757,"TREATMENT KIT, BLOOD COLLECTION",6515-CF-005-1012,"TUBE, BLOOD/URINE COLLECTION, VACUTAINER, NO ADDITIVE, 13X100MM, 6ML, HEMOGARD CLOSURE (100EA/BX)",20,EA,WHSE,0,0,C,
6545-20-A0U-8757,"TREATMENT KIT, BLOOD COLLECTION",6630-CF-001-9151,TUBE BLOOD RED 10ML,100,EA,WHSE,0.33,33,C,
6545-20-A0U-8757,"TREATMENT KIT, BLOOD COLLECTION",6630-CF-002-0890,HOLD NEEDLE BD QUICK REL,5,EA,WHSE,2.15,10.75,C,
6545-20-A0U-8757,"TREATMENT KIT, BLOOD COLLECTION",6640-01-378-0086,TUBE BLOOD LAVENDER 4ML,100,EA,WHSE,0.2,20,C,
6545-20-A0U-8757,"TREATMENT KIT, BLOOD COLLECTION",6640-01-441-5338,RACK (HALF) TUBES 9/13MM,1,EA,WHSE,24.52,24.52,C,
6545-20-A0U-8757,"TREATMENT KIT, BLOOD COLLECTION",6640-01-585-6657,"TEST TUBE, BLOOD COLLECTING",100,EA,WHSE,0.24,24,C,
6545-20-A0U-8757,"TREATMENT KIT, BLOOD COLLECTION",6640-21-879-9888,TUBE BIO AMIES W/O CHARC,1,BX,WHSE,55.91,55.91,C,
6545-20-A0U-8767,"TREATMENT KIT, DIAGNOSTIC AND SCOPES, MAJOR NAVAL WARSHIP",6135-21-892-7267,BATTERY 1.5V TYPE AA,6,EA,ExternalRqn,0.48,2.88,C,
6545-20-A0U-8767,"TREATMENT KIT, DIAGNOSTIC AND SCOPES, MAJOR NAVAL WARSHIP",6230-CF-001-9910,VAGINAL SPECULUM ILLUMINATION SYSTEM CORDLESS WITH CHARGING STATION,1,EA,WHSE,330.44,330.44,D,
6545-20-A0U-8767,"TREATMENT KIT, DIAGNOSTIC AND SCOPES, MAJOR NAVAL WARSHIP",6240-00-295-2652,BULB REPLACEMENT 6IN,1,EA,WHSE,11.86,11.86,C,
6545-20-A0U-8767,"TREATMENT KIT, DIAGNOSTIC AND SCOPES, MAJOR NAVAL WARSHIP",6240-CF-001-7021,LAMP(BULB)OTOSCOPE 2.5V,1,EA,WHSE,20.95,20.95,C,
6545-20-A0U-8767,"TREATMENT KIT, DIAGNOSTIC AND SCOPES, MAJOR NAVAL WARSHIP",6240-CF-002-6268,LAMP RP 2.5V OP PCKTSCP,1,EA,WHSE,30,30,C,
6545-20-A0U-8767,"TREATMENT KIT, DIAGNOSTIC AND SCOPES, MAJOR NAVAL WARSHIP",6240-CF-002-8108,LAMP HALO 3.5V MACROVIEW,1,EA,WHSE,23.94,23.94,C,
6545-20-A0U-8767,"TREATMENT KIT, DIAGNOSTIC AND SCOPES, MAJOR NAVAL WARSHIP",6515-00-165-6544,DIAGNOSTIC SET ADC 2.5V,1,SE,WHSE,588.01,588.01,D,
6545-20-A0U-8767,"TREATMENT KIT, DIAGNOSTIC AND SCOPES, MAJOR NAVAL WARSHIP",6515-00-347-8600,MIRROR LARYNGEAL SZ 3,1,EA,WHSE,8.15,8.15,D,
6545-20-A0U-8767,"TREATMENT KIT, DIAGNOSTIC AND SCOPES, MAJOR NAVAL WARSHIP",6515-01-417-7883,LIGHT (UV) BURTON 110V,1,EA,WHSE,1042.77,1042.77,D,
6545-20-A0U-8767,"TREATMENT KIT, DIAGNOSTIC AND SCOPES, MAJOR NAVAL WARSHIP",6515-01-518-3518,THERMOMETER CLIN DIGITAL,1,EA,WHSE,349.18,349.18,D,
6545-20-A0U-8767,"TREATMENT KIT, DIAGNOSTIC AND SCOPES, MAJOR NAVAL WARSHIP",6515-01-525-0236,SPECULUM OTOSCOPE 4.25MM,2,BG,WHSE,35.19,70.38,C,
6545-20-A0U-8767,"TREATMENT KIT, DIAGNOSTIC AND SCOPES, MAJOR NAVAL WARSHIP",6515-01-565-7028,"SPECULUM, VAGINAL, MEDIUM",10,EA,WHSE,2,20,C,
6545-20-A0U-8767,"TREATMENT KIT, DIAGNOSTIC AND SCOPES, MAJOR NAVAL WARSHIP",6515-21-113-1540,HAMMER REFLEX TESTING,1,EA,WHSE,3.94,3.94,D,
6545-20-A0U-8767,"TREATMENT KIT, DIAGNOSTIC AND SCOPES, MAJOR NAVAL WARSHIP",6515-21-113-1564,SPHYGMOMANO POCKET TYPE,1,EA,WHSE,23.28,23.28,D,
6545-20-A0U-8767,"TREATMENT KIT, DIAGNOSTIC AND SCOPES, MAJOR NAVAL WARSHIP",6515-21-844-4259,TRANSILLUM HEAD WA43200,1,EA,WHSE,131.61,131.61,C,
6545-20-A0U-8767,"TREATMENT KIT, DIAGNOSTIC AND SCOPES, MAJOR NAVAL WARSHIP",6515-21-846-0930,"CUFF, BLOOD PRESSURE, CHILD, 18CM TO 26CM ARM CIRCUMFERENCE",1,EA,WHSE,8.1,8.1,C,
6545-20-A0U-8767,"TREATMENT KIT, DIAGNOSTIC AND SCOPES, MAJOR NAVAL WARSHIP",6515-21-847-0876,"SET, TUNING FORKS, SET OF 5 FORKS WITH CASE, RALK DESIGN, MAGNESIUM ALLOY CLASS 'C' PITCH",1,SE,WHSE,437,437,D,
6545-20-A0U-8767,"TREATMENT KIT, DIAGNOSTIC AND SCOPES, MAJOR NAVAL WARSHIP",6515-21-859-1545,"BAG, COMPRESSION, PEDIATRIC FOR SPHYGMOMANOMETER, 6.75IN X 3.75IN",1,EA,WHSE,5.74,5.74,C,
6545-20-A0U-8767,"TREATMENT KIT, DIAGNOSTIC AND SCOPES, MAJOR NAVAL WARSHIP",6515-21-859-1546,"BAG, COMPRESSION, PEDIATRIC FOR SPHYGMOMANOMETER, 4.75IN X 2.5IN",1,EA,WHSE,5.12,5.12,C,
6545-20-A0U-8767,"TREATMENT KIT, DIAGNOSTIC AND SCOPES, MAJOR NAVAL WARSHIP",6515-21-888-4548,"HANDLE, RECHARGEABLE, 3.5V FOR OTOSCOPE 6515-CF-002-8513 OR 6515-CF-002-7372 AND OPHTHALMOSCOPE 6540-01-239-5474",1,EA,WHSE,178.26,178.26,D,
6545-20-A0U-8767,"TREATMENT KIT, DIAGNOSTIC AND SCOPES, MAJOR NAVAL WARSHIP",6515-21-893-6397,MAGNIFIER BINOCULAR TYPE,1,EA,WHSE,70.85,70.85,D,
6545-20-A0U-8767,"TREATMENT KIT, DIAGNOSTIC AND SCOPES, MAJOR NAVAL WARSHIP",6515-21-897-5565,OTOSCOPE HEAD (3.5V),2,EA,WHSE,122.28,244.56,D,
6545-20-A0U-8767,"TREATMENT KIT, DIAGNOSTIC AND SCOPES, MAJOR NAVAL WARSHIP",6515-21-897-5566,TRANSFORMER (WALL) 3.5V,1,EA,WHSE,389.33,389.33,D,
6545-20-A0U-8767,"TREATMENT KIT, DIAGNOSTIC AND SCOPES, MAJOR NAVAL WARSHIP",6515-CF-000-5736,ANOSCOPE CLEAR PLASTIC,4,EA,WHSE,0.97,3.88,C,
6545-20-A0U-8767,"TREATMENT KIT, DIAGNOSTIC AND SCOPES, MAJOR NAVAL WARSHIP",6515-CF-001-2659,LIGHT HEAD ANOSCOPE,1,EA,WHSE,1143.88,1143.88,D,
6545-20-A0U-8767,"TREATMENT KIT, DIAGNOSTIC AND SCOPES, MAJOR NAVAL WARSHIP",6515-CF-001-6355,DESK CHARGER WELCH ALLYN,2,EA,WHSE,1375,2750,D,
6545-20-A0U-8767,"TREATMENT KIT, DIAGNOSTIC AND SCOPES, MAJOR NAVAL WARSHIP",6515-CF-001-9134,MOUTHPIECE PEAKFLW ADULT,25,EA,WHSE,1.04,26,C,
6545-20-A0U-8767,"TREATMENT KIT, DIAGNOSTIC AND SCOPES, MAJOR NAVAL WARSHIP",6515-CF-001-9272,PROBE AND WELL KIT ORAL,1,EA,WHSE,92.33,92.33,C,
6545-20-A0U-8767,"TREATMENT KIT, DIAGNOSTIC AND SCOPES, MAJOR NAVAL WARSHIP",6515-CF-001-9911,TRANSFORMER/VAGINAL SPEC,1,EA,WHSE,97.77,97.77,D,
6545-20-A0U-8767,"TREATMENT KIT, DIAGNOSTIC AND SCOPES, MAJOR NAVAL WARSHIP",6515-CF-002-7714,OXIMETER NONIN 9550,2,EA,WHSE,911.94,1823.88,D,
6545-20-A0U-8767,"TREATMENT KIT, DIAGNOSTIC AND SCOPES, MAJOR NAVAL WARSHIP",6515-CF-002-7942,"KIT, PROBE AND WELL, RECTAL, 4FT USE WITH 6515-01-513-3518",1,EA,WHSE,102.66,102.66,D,
6545-20-A0U-8767,"TREATMENT KIT, DIAGNOSTIC AND SCOPES, MAJOR NAVAL WARSHIP",6515-CF-002-8512,HANDLE FOR OTOSCOPE 6515-CF-002-8513 OR 6515-CF-002-7372 AND OPHTHALMOSCOPE 6540-01-239-5474,1,EA,WHSE,198.81,198.81,C,
6545-20-A0U-8767,"TREATMENT KIT, DIAGNOSTIC AND SCOPES, MAJOR NAVAL WARSHIP",6515-CF-002-8513,"OTOSCOPE HEAD, 3.5V, FIBER OPTIC, MACROVIEW",1,EA,WHSE,340.88,340.88,C,
6545-20-A0U-8767,"TREATMENT KIT, DIAGNOSTIC AND SCOPES, MAJOR NAVAL WARSHIP",6515-CF-002-8985,"TRANSILLUMINATOR, 3.5V, FINNOFF STYLE, HALOGEN",1,EA,WHSE,97.17,97.17,C,
6545-20-A0U-8767,"TREATMENT KIT, DIAGNOSTIC AND SCOPES, MAJOR NAVAL WARSHIP",6515-CF-005-0272,MINI-WRIGHT STANDARD ATS SCALE PEAK FLOW METER,1,EA,WHSE,34.2,34.2,C,
6545-20-A0U-8767,"TREATMENT KIT, DIAGNOSTIC AND SCOPES, MAJOR NAVAL WARSHIP",6515-CF-005-0273,"MINI WRIGHT PEAK FLOW METER MOUTHPIECE, DISPOSABLE",1,PG,WHSE,54,54,C,
6545-20-A0U-8767,"TREATMENT KIT, DIAGNOSTIC AND SCOPES, MAJOR NAVAL WARSHIP",6515-CF-005-0855,"3M LITTMANN CORE DIGITAL STETHOSCOPE CHESTPIECE, TUBE, STEM, AND HEADSET - 69CM",1,BX,WHSE,410,410,C,
6545-20-A0U-8767,"TREATMENT KIT, DIAGNOSTIC AND SCOPES, MAJOR NAVAL WARSHIP",6530-01-518-3577,PROBE COVER ORAL THERMO,2,PG,WHSE,1.16,2.32,C,
6545-20-A0U-8767,"TREATMENT KIT, DIAGNOSTIC AND SCOPES, MAJOR NAVAL WARSHIP",6530-20-001-2849,COVER PROBE THERMOMETER,4,PG,WHSE,3.93,15.72,C,
6545-20-A0U-8767,"TREATMENT KIT, DIAGNOSTIC AND SCOPES, MAJOR NAVAL WARSHIP",6540-01-239-5474,"OPHTHALMOSCOPE HEAD, 3.5V COAXIAL, HALOGEN",3,EA,WHSE,221.14,663.42,D,
6545-20-A0U-8767,"TREATMENT KIT, DIAGNOSTIC AND SCOPES, MAJOR NAVAL WARSHIP",6540-21-116-3036,"CHART, VISION ACUITY TES",1,EA,WHSE,32.73,32.73,C,
6545-20-A0U-8767,"TREATMENT KIT, DIAGNOSTIC AND SCOPES, MAJOR NAVAL WARSHIP",6540-CF-005-0456,"OCCLUDER, MULTI-PINHOLE",1,EA,WHSE,36.4,36.4,C,
6545-20-A0U-8767,"TREATMENT KIT, DIAGNOSTIC AND SCOPES, MAJOR NAVAL WARSHIP",6685-20-001-2846,THERMOMETER SELF INDICAT,8,EA,WHSE,10.2,81.6,C,
6545-20-A0U-8765,"TREATMENT KIT, ENT, UROLOGY, OPHTHALMO, CHEST, GI AND GENERAL",6505-CF-001-9089,HUMIDIFIER BUBBLE 500ML,1,BT,WHSE,2.6,2.6,C,
6545-20-A0U-8765,"TREATMENT KIT, ENT, UROLOGY, OPHTHALMO, CHEST, GI AND GENERAL",6515-00-054-8174,SYRINGE IRRIG EAR 60ML,1,EA,WHSE,0.93,0.93,C,
6545-20-A0U-8765,"TREATMENT KIT, ENT, UROLOGY, OPHTHALMO, CHEST, GI AND GENERAL",6515-00-318-0140,CATH URET 16FR MERCIER,1,EA,WHSE,478.26,478.26,C,
6545-20-A0U-8765,"TREATMENT KIT, ENT, UROLOGY, OPHTHALMO, CHEST, GI AND GENERAL",6515-01-008-3338,PEN SKIN MARKING,2,EA,WHSE,0.89,1.78,C,
6545-20-A0U-8765,"TREATMENT KIT, ENT, UROLOGY, OPHTHALMO, CHEST, GI AND GENERAL",6515-01-541-0629,BAG MARINER ORNG EMPTY,30,EA,WHSE,154.82,4644.6,D,
6545-20-A0U-8765,"TREATMENT KIT, ENT, UROLOGY, OPHTHALMO, CHEST, GI AND GENERAL",6515-21-116-0445,TUBING LATEX 3/16IN X 1/16IN X 50FT/RL,2,RO,WHSE,17.2,34.4,C,
6545-20-A0U-8765,"TREATMENT KIT, ENT, UROLOGY, OPHTHALMO, CHEST, GI AND GENERAL",6515-21-116-2953,CONNECTOR (TUBE)1/4IN OD,2,EA,WHSE,0.35,0.7,C,
6545-20-A0U-8765,"TREATMENT KIT, ENT, UROLOGY, OPHTHALMO, CHEST, GI AND GENERAL",6515-21-116-3551,PLUG CATHETER SMALL,6,EA,WHSE,0.81,4.86,C,
6545-20-A0U-8765,"TREATMENT KIT, ENT, UROLOGY, OPHTHALMO, CHEST, GI AND GENERAL",6515-21-116-9252,CATH URET 16FR/5CC FOLEY,6,EA,WHSE,6.08,36.48,C,
6545-20-A0U-8765,"TREATMENT KIT, ENT, UROLOGY, OPHTHALMO, CHEST, GI AND GENERAL",6515-21-842-6372,"TUBE CONNECT 5/16""-9/16""",4,EA,WHSE,1.94,7.76,C,
6545-20-A0U-8765,"TREATMENT KIT, ENT, UROLOGY, OPHTHALMO, CHEST, GI AND GENERAL",6515-21-848-2730,TUBE DUODENAL 16FR,2,EA,WHSE,1.15,2.3,C,
6545-20-A0U-8765,"TREATMENT KIT, ENT, UROLOGY, OPHTHALMO, CHEST, GI AND GENERAL",6515-21-848-2731,TUBE DUODENAL 18FR,2,EA,WHSE,0.81,1.62,C,
6545-20-A0U-8765,"TREATMENT KIT, ENT, UROLOGY, OPHTHALMO, CHEST, GI AND GENERAL",6515-21-878-1957,SCISSORS UNIVERSAL,20,EA,WHSE,2.94,58.8,D,
6545-20-A0U-8765,"TREATMENT KIT, ENT, UROLOGY, OPHTHALMO, CHEST, GI AND GENERAL",6515-21-886-0787,CATHETERIZATION SET,2,EA,WHSE,4.55,9.1,C,
6545-20-A0U-8765,"TREATMENT KIT, ENT, UROLOGY, OPHTHALMO, CHEST, GI AND GENERAL",6515-CF-002-8154,"BAG MED BVS COYOTE BROWN W/ ""NICE"" FRAME",1,EA,WHSE,1599.05,1599.05,D,
6545-20-A0U-8765,"TREATMENT KIT, ENT, UROLOGY, OPHTHALMO, CHEST, GI AND GENERAL",6515-CF-002-9233,TRIAGE TAGS(SET)INCLUDES DEAD TAG,50,EA,WHSE,5.81,290.5,D,
6545-20-A0U-8765,"TREATMENT KIT, ENT, UROLOGY, OPHTHALMO, CHEST, GI AND GENERAL",6515-CF-002-9856,"TRAY, THORACENTESIS, SAFETY, NO NEEDLE",1,EA,WHSE,17.71,17.71,C,
6545-20-A0U-8765,"TREATMENT KIT, ENT, UROLOGY, OPHTHALMO, CHEST, GI AND GENERAL",6515-CF-003-0008,APPLICATOR DISPOSABLE,0.2,BX,WHSE,13.05,2.61,C,
6545-20-A0U-8765,"TREATMENT KIT, ENT, UROLOGY, OPHTHALMO, CHEST, GI AND GENERAL",6515-CF-005-0619,"SILICONE PENROSE DRAIN FOR CLOSED WOUND DRAINAGE 1/4"" X 12""",10,EA,WHSE,9.99,99.9,C,
6545-20-A0U-8765,"TREATMENT KIT, ENT, UROLOGY, OPHTHALMO, CHEST, GI AND GENERAL",6530-00-770-6425,BAG HOT WATER/ICE(FIELD),6,EA,WHSE,7.83,46.98,C,
6545-20-A0U-8765,"TREATMENT KIT, ENT, UROLOGY, OPHTHALMO, CHEST, GI AND GENERAL",6530-01-038-4587,STERI-DRAPE 57 X 66 CM,10,EA,WHSE,2.76,27.6,C,
6545-20-A0U-8765,"TREATMENT KIT, ENT, UROLOGY, OPHTHALMO, CHEST, GI AND GENERAL",6530-21-116-0406,CUSHION RING INFLATABLE,2,EA,WHSE,15.18,30.36,C,
6545-20-A0U-8765,"TREATMENT KIT, ENT, UROLOGY, OPHTHALMO, CHEST, GI AND GENERAL",6530-21-116-2847,JAR SET(5)GLASS SUNDRIES,1,SE,WHSE,88.92,88.92,C,
6545-20-A0U-8765,"TREATMENT KIT, ENT, UROLOGY, OPHTHALMO, CHEST, GI AND GENERAL",6530-21-848-4626,PAD PROTECTIVE BED,25,EA,WHSE,0.21,5.25,C,
6545-20-A0U-8765,"TREATMENT KIT, ENT, UROLOGY, OPHTHALMO, CHEST, GI AND GENERAL",6530-21-874-0093,"STOOL W/FOOTREST 25-32""",1,EA,WHSE,645.79,645.79,D,
6545-20-A0U-8765,"TREATMENT KIT, ENT, UROLOGY, OPHTHALMO, CHEST, GI AND GENERAL",6530-21-878-4381,"BAG BIOHAZARD DISPOSAL, 16IN WIDE X 24IN LONG, 1.5MM THICK",1,CS,WHSE,669.67,669.67,C,
6545-20-A0U-8765,"TREATMENT KIT, ENT, UROLOGY, OPHTHALMO, CHEST, GI AND GENERAL",6530-21-907-7372,BOTTLE URINE W/CAP 60ML,10,EA,WHSE,0.33,3.3,C,
6545-20-A0U-8765,"TREATMENT KIT, ENT, UROLOGY, OPHTHALMO, CHEST, GI AND GENERAL",6530-21-909-0770,BOTTLE PLASTIC 500ML,2,EA,WHSE,0.66,1.32,C,
6545-20-A0U-8765,"TREATMENT KIT, ENT, UROLOGY, OPHTHALMO, CHEST, GI AND GENERAL",6530-CF-005-0359,"BAG, URINARY DRAINAGE, 2000ML,",6,EA,WHSE,8.76,52.56,C,
6545-20-A0U-8765,"TREATMENT KIT, ENT, UROLOGY, OPHTHALMO, CHEST, GI AND GENERAL",6540-01-296-2130,LENS OPHTH IRRIG MORGAN,10,EA,WHSE,69.44,694.4,C,
6545-20-A0U-8765,"TREATMENT KIT, ENT, UROLOGY, OPHTHALMO, CHEST, GI AND GENERAL",6545-00-912-9890,CASE (BACKPACK) AIRBORNE,1,EA,WHSE,65,65,D,
6545-20-A0U-8765,"TREATMENT KIT, ENT, UROLOGY, OPHTHALMO, CHEST, GI AND GENERAL",6545-20-011-8366,"HOLSTER, SHEATH, SCISSORS, BELT",20,EA,WHSE,25.38,507.6,C,
6545-20-A0U-8765,"TREATMENT KIT, ENT, UROLOGY, OPHTHALMO, CHEST, GI AND GENERAL",6545-CF-002-8126,KIT CHEST TUBE IN DISP,1,KT,WHSE,54.56,54.56,D,
6545-20-A0U-8770,"TREATMENT KIT, GENERAL SUPPLY (DSC)",5120-21-863-0096,"PLIERS, JEWELLERS, 5IN",1,EA,ExternalRqn,5,5,C,
6545-20-A0U-8770,"TREATMENT KIT, GENERAL SUPPLY (DSC)",5210-21-907-6461,"TAPE MEASURING 1.5M(60"")",9,EA,WHSE,2.67,24.03,C,
6545-20-A0U-8770,"TREATMENT KIT, GENERAL SUPPLY (DSC)",6135-21-892-7266,"BATTERY, C CELL",10,EA,ExternalRqn,1.44,14.4,C,
6545-20-A0U-8770,"TREATMENT KIT, GENERAL SUPPLY (DSC)",6135-21-892-7267,BATTERY 1.5V TYPE AA,10,EA,ExternalRqn,0.48,4.8,C,
6545-20-A0U-8770,"TREATMENT KIT, GENERAL SUPPLY (DSC)",6230-20-000-9253,LIGHT HEADBAND GEN PURP,15,EA,ExternalRqn,24,360,C,
6545-20-A0U-8770,"TREATMENT KIT, GENERAL SUPPLY (DSC)",6515-CF-001-9294,"LUBRICANT, INSTRUMENT",1,BT,WHSE,11.76,11.76,C,
6545-20-A0U-8770,"TREATMENT KIT, GENERAL SUPPLY (DSC)",6515-CF-005-1346,"OPTICAL SCREWDRIVER SET - FOUR REVERSIBLE BLADES, FOUR PHILIPS AND FOUR STRAIGHT BLADES",1,EA,WHSE,21.3,21.3,C,
6545-20-A0U-8770,"TREATMENT KIT, GENERAL SUPPLY (DSC)",9320-CF-003-0334,"RUBBER SHEET, SELF-ADHESIVE, FOR SPLINTING. DIMENSIONS 1/8IN x 18IN X 24IN(3.2MM X 45.7CM X 60.9CM)",0.5,SH,WHSE,15.59,7.79,C,
6545-20-A0U-8764,"TREATMENT KIT, HYGIENE AND PPE",6515-00-982-7493,"MASK, SURGICAL, MEDICAL, HALYARD CANADA, HEADBAND, CONE SHAPED, BLUE",2,BX,ExternalRqn,15.03,30.06,C,
6545-20-A0U-8764,"TREATMENT KIT, HYGIENE AND PPE",6515-01-315-6095,"MASK, SURGICAL, MEDICAL, HALYARD CANADA, ASTM LEVEL 3, PLEAT STYLE, W/FACE SHEILD, ORANGE",2,BX,WHSE,43.93,87.86,C,
6545-20-A0U-8764,"TREATMENT KIT, HYGIENE AND PPE",6515-01-690-0047,"FILTER, BACTERIAL VIRAL PLUS HME",6,EA,WHSE,27.14,162.84,C,
6545-20-A0U-8764,"TREATMENT KIT, HYGIENE AND PPE",6515-01-693-3656,"MASK, N95, MEDICAL, HALYARD CANADA, DUCKBILL, WHITE",50,EA,WHSE,1.74,87,C,
6545-20-A0U-8764,"TREATMENT KIT, HYGIENE AND PPE",6515-CF-002-7242,"GLOVES, SURGICAL, STERILE, CARDINAL HEALTH, SYNTHETIC NEOPRENE, SIZE 5.5, CREAM",5,PR,WHSE,1.86,9.3,C,
6545-20-A0U-8764,"TREATMENT KIT, HYGIENE AND PPE",6515-CF-002-7243,"GLOVES, SURGICAL, STERILE, CARDINAL HEALTH, SYNTHETIC NEOPRENE, SIZE 6, CREAM",5,PR,WHSE,1.86,9.3,C,
6545-20-A0U-8764,"TREATMENT KIT, HYGIENE AND PPE",6515-CF-002-7244,"GLOVES, SURGICAL, STERILE, CARDINAL HEALTH, SYNTHETIC NEOPRENE, SIZE 6.5, CREAM",5,PR,WHSE,1.86,9.3,C,
6545-20-A0U-8764,"TREATMENT KIT, HYGIENE AND PPE",6515-CF-002-7245,"GLOVES, SURGICAL, STERILE, CARDINAL HEALTH, SYNTHETIC NEOPRENE, SIZE 7, CREAM",5,PR,WHSE,1.86,9.3,C,
6545-20-A0U-8764,"TREATMENT KIT, HYGIENE AND PPE",6515-CF-002-7246,"GLOVES, SURGICAL, STERILE, CARDINAL HEALTH, SYNTHETIC NEOPRENE, SIZE 7.5, CREAM",40,PR,WHSE,1.86,74.4,C,
6545-20-A0U-8764,"TREATMENT KIT, HYGIENE AND PPE",6515-CF-002-7247,"GLOVES, SURGICAL, STERILE, CARDINAL HEALTH, SYNTHETIC NEOPRENE, SIZE 8, CREAM",40,PR,WHSE,1.86,74.4,C,
6545-20-A0U-8764,"TREATMENT KIT, HYGIENE AND PPE",6515-CF-002-7248,"GLOVES, SURGICAL, STERILE, CARDINAL HEALTH, SYNTHETIC NEOPRENE, SIZE 8.5, CREAM",40,PR,WHSE,1.86,74.4,C,
6545-20-A0U-8764,"TREATMENT KIT, HYGIENE AND PPE",6515-CF-002-7249,"GLOVES, SURGICAL, STERILE, CARDINAL HEALTH, SYNTHETIC NEOPRENE, SIZE 9, CREAM",40,PR,WHSE,1.86,74.4,C,
6545-20-A0U-8764,"TREATMENT KIT, HYGIENE AND PPE",6515-CF-002-9111,"GLOVES, MOISTURIZED, 15 PACKS OF 14 GLOVES PER CASE",4,PG,WHSE,4.2,16.8,C,
6545-20-A0U-8764,"TREATMENT KIT, HYGIENE AND PPE",6515-CF-002-9112,"BAG, VOMIT GRAV FEEDER 50EA/BX",1,BX,WHSE,40.14,40.14,C,
6545-20-A0U-8764,"TREATMENT KIT, HYGIENE AND PPE",6515-CF-002-9113,"BEDPAN SUPPORT COVER, 20EA/CA",1,CS,WHSE,50,50,C,
6545-20-A0U-8764,"TREATMENT KIT, HYGIENE AND PPE",6515-CF-002-9114,"SUPPORT URINAL ELONGATED, 20EA/CA",1,CS,WHSE,50,50,C,
6545-20-A0U-8764,"TREATMENT KIT, HYGIENE AND PPE",6515-CF-002-9115,"SUPPORT VOMIT BAG, 20EA/CA",1,CS,WHSE,109.73,109.73,C,
6545-20-A0U-8764,"TREATMENT KIT, HYGIENE AND PPE",6515-CF-002-9118,"COVER, URINAL HYGIENIC, 20EA/PK",2,PG,WHSE,11,22,C,
6545-20-A0U-8764,"TREATMENT KIT, HYGIENE AND PPE",6515-CF-002-9119,"COVER, EMESIS HYGIENIC, 20EA/PK",2,PG,WHSE,16.76,33.52,C,
6545-20-A0U-8764,"TREATMENT KIT, HYGIENE AND PPE",6515-CF-002-9120,"PAD ABSORBENT, 30EA/PK",6,PG,WHSE,13.7,82.2,C,
6545-20-A0U-8764,"TREATMENT KIT, HYGIENE AND PPE",6515-CF-005-0356,"LINER, BEDPAN, SUPER-ABSORBENT PAD",40,EA,WHSE,0.85,34,C,
6545-20-A0U-8764,"TREATMENT KIT, HYGIENE AND PPE",6515-CF-005-0387,"CONDOM, POLYISOPRENE, LATEX-FREE, LUBRICATED",1440,EA,WHSE,0.47,676.8,C,
6545-20-A0U-8764,"TREATMENT KIT, HYGIENE AND PPE",6515-CF-005-0607,"GLOVE, EXAM NITRILE NON-STERILE CHEMO TESTED SMALL",20,BX,WHSE,22.28,445.6,C,
6545-20-A0U-8764,"TREATMENT KIT, HYGIENE AND PPE",6515-CF-005-0608,"GLOVE, EXAM NITRILE NON-STERILE CHEMO TESTED MEDIUM",20,BX,WHSE,22.28,445.6,C,
6545-20-A0U-8764,"TREATMENT KIT, HYGIENE AND PPE",6515-CF-005-0609,"GLOVE, EXAM NITRILE NON-STERILE CHEMO TESTED LARGE",20,BX,WHSE,22.28,445.6,C,
6545-20-A0U-8764,"TREATMENT KIT, HYGIENE AND PPE",6515-CF-005-0610,"GLOVE, EXAM NITRILE NON-STERILE CHEMO TESTED XLARGE",5,BX,WHSE,19.31,96.55,C,
6545-20-A0U-8764,"TREATMENT KIT, HYGIENE AND PPE",6530-00-771-0225,"BASIN WASH ROUND 14""DIA",2,EA,WHSE,71.91,143.82,D,
6545-20-A0U-8764,"TREATMENT KIT, HYGIENE AND PPE",6530-01-006-4516,BRUSH SURG SCRUB 11X4CM,15,EA,WHSE,2.53,37.95,C,
6545-20-A0U-8764,"TREATMENT KIT, HYGIENE AND PPE",6530-01-219-8615,BEDPAN PLASTIC W/HANDLE,1,EA,WHSE,5.51,5.51,C,
6545-20-A0U-8764,"TREATMENT KIT, HYGIENE AND PPE",6530-21-116-5139,DISPENSER EZ SCRUB BRUSH,1,EA,WHSE,41.4,41.4,D,
6545-20-A0U-8764,"TREATMENT KIT, HYGIENE AND PPE",6530-21-851-1647,BASIN EMESIS (PLASTIC),4,EA,WHSE,2.23,8.92,C,
6545-20-A0U-8764,"TREATMENT KIT, HYGIENE AND PPE",6530-21-851-1648,"BASIN WASH ROUND 13""DIA",4,EA,WHSE,4.48,17.92,C,
6545-20-A0U-8764,"TREATMENT KIT, HYGIENE AND PPE",6530-21-851-1652,URINAL MALE (1.75 QT),1,EA,WHSE,7.46,7.46,C,
6545-20-A0U-8764,"TREATMENT KIT, HYGIENE AND PPE",6530-21-870-7889,URINAL FEMALE (1.00 QT),1,EA,WHSE,5.34,5.34,C,
6545-20-A0U-8764,"TREATMENT KIT, HYGIENE AND PPE",6530-21-903-0012,"SPONGE/SCRUB ""PRE-OP II""",30,EA,WHSE,1.4,42,C,
6545-20-A0U-8764,"TREATMENT KIT, HYGIENE AND PPE",7930-20-012-2541,"WIPE DISINFECTING TOWELLETTE, ACCEL WIPES",6,CN,WHSE,18.44,110.64,C,
6545-20-A0U-8762,"TREATMENT KIT, INSTRUMENTS, MAJOR NAVAL WARSHIP",6515-00-320-4600,FORCEPS TOWEL BACK 14CM,12,EA,WHSE,17.42,209.04,D,
6545-20-A0U-8762,"TREATMENT KIT, INSTRUMENTS, MAJOR NAVAL WARSHIP",6515-00-334-4300,FORCEPS HEMOSTATIC ROCHESTER-PEAN DSGN CURVED SERRATED JAWS 6-1/4 IN SINGLE JOINT BOX LOCK W/FINGER RINGS,12,EA,WHSE,65.41,784.92,C,
6545-20-A0U-8762,"TREATMENT KIT, INSTRUMENTS, MAJOR NAVAL WARSHIP",6515-00-337-2400,"FORCEPS SPLINTER 4""(10CM)LG",10,EA,WHSE,1.1,11,D,
6545-20-A0U-8762,"TREATMENT KIT, INSTRUMENTS, MAJOR NAVAL WARSHIP",6515-00-337-7800,"FORCEP TIS ADSN 4""/1X2TH",6,EA,WHSE,37.77,226.62,D,
6545-20-A0U-8762,"TREATMENT KIT, INSTRUMENTS, MAJOR NAVAL WARSHIP",6515-00-337-9900,"FORCEP TIS TWZR 5""/1X2TH",4,EA,WHSE,14.97,59.88,D,
6545-20-A0U-8762,"TREATMENT KIT, INSTRUMENTS, MAJOR NAVAL WARSHIP",6515-00-338-0300,"FORCEPS, TISSUE, ALLIS DESIGN, 6IN(15CM)LONG, 4 TO 5 TEETH AT TIP, BOX LOCK RATCH- PAWL WITH FINGER RINGS, SINGLE JOINTED",5,EA,WHSE,101.12,505.6,C,
6545-20-A0U-8762,"TREATMENT KIT, INSTRUMENTS, MAJOR NAVAL WARSHIP",6515-00-363-8800,"SCISS BAND LISTER 5.5""",4,EA,WHSE,3.53,14.12,D,
6545-20-A0U-8762,"TREATMENT KIT, INSTRUMENTS, MAJOR NAVAL WARSHIP",6515-00-363-8840,SCISS BAND LISTER 7IN,2,EA,WHSE,18.42,36.84,D,
6545-20-A0U-8762,"TREATMENT KIT, INSTRUMENTS, MAJOR NAVAL WARSHIP",6515-00-364-0900,SCISSORS MAYO DSGN 13CM,4,EA,WHSE,24.33,97.32,D,
6545-20-A0U-8762,"TREATMENT KIT, INSTRUMENTS, MAJOR NAVAL WARSHIP",6515-00-364-4600,"SCISS IRIS 4.5""(11.4CM)SHARP",4,EA,WHSE,18.78,75.12,D,
6545-20-A0U-8762,"TREATMENT KIT, INSTRUMENTS, MAJOR NAVAL WARSHIP",6515-00-364-4800,SCISS IRIS SHARP 4.5IN,4,EA,WHSE,1.8,7.2,D,
6545-20-A0U-8762,"TREATMENT KIT, INSTRUMENTS, MAJOR NAVAL WARSHIP",6515-00-365-1820,SCISS GEN SURG STRT 13CM,5,EA,WHSE,14.25,71.25,D,
6545-20-A0U-8762,"TREATMENT KIT, INSTRUMENTS, MAJOR NAVAL WARSHIP",6515-00-369-9100,SPECUL NASAL VENNA ADLT,1,EA,WHSE,265.2,265.2,D,
6545-20-A0U-8762,"TREATMENT KIT, INSTRUMENTS, MAJOR NAVAL WARSHIP",6515-00-373-9700,SPUD EYE DOUBLE ENDED,1,EA,WHSE,50.46,50.46,D,
6545-20-A0U-8762,"TREATMENT KIT, INSTRUMENTS, MAJOR NAVAL WARSHIP",6515-01-251-3764,KNIFE (DISPOSABLE),3,BX,WHSE,23.3,69.9,C,
6545-20-A0U-8762,"TREATMENT KIT, INSTRUMENTS, MAJOR NAVAL WARSHIP",6515-01-565-7028,"SPECULUM, VAGINAL, MEDIUM",4,EA,WHSE,2,8,C,
6545-20-A0U-8762,"TREATMENT KIT, INSTRUMENTS, MAJOR NAVAL WARSHIP",6515-01-688-4412,FORCEPS TISSUE 4 3/4IN,8,EA,WHSE,2.53,20.24,D,
6545-20-A0U-8762,"TREATMENT KIT, INSTRUMENTS, MAJOR NAVAL WARSHIP",6515-20-011-1758,SCALPEL DISP 11 SAFETY SHIELD,10,EA,WHSE,2.89,28.9,C,
6545-20-A0U-8762,"TREATMENT KIT, INSTRUMENTS, MAJOR NAVAL WARSHIP",6515-21-116-3926,"DIRECTOR & TONGUE TIE 6""",2,EA,WHSE,38,76,C,
6545-20-A0U-8762,"TREATMENT KIT, INSTRUMENTS, MAJOR NAVAL WARSHIP",6515-21-116-4037,"FORCEPS DRESSING 6""(15.2CM)LG",6,EA,WHSE,6.13,36.78,C,
6545-20-A0U-8762,"TREATMENT KIT, INSTRUMENTS, MAJOR NAVAL WARSHIP",6515-21-116-4046,FORCEP GAUZE PAD HOLDING,8,EA,WHSE,19.88,159.04,C,
6545-20-A0U-8762,"TREATMENT KIT, INSTRUMENTS, MAJOR NAVAL WARSHIP",6515-21-116-4050,FORCEP HEMO CRIL CV 13CM,6,EA,WHSE,12.44,74.64,C,
6545-20-A0U-8762,"TREATMENT KIT, INSTRUMENTS, MAJOR NAVAL WARSHIP",6515-21-116-4069,"FORCEPS IRIS 2-1/2""",5,EA,WHSE,83.13,415.65,C,
6545-20-A0U-8762,"TREATMENT KIT, INSTRUMENTS, MAJOR NAVAL WARSHIP",6515-21-116-4391,NIPPER INGROWN TOENAIL 4.5-5IN LG CONCAVE JAWS LAP LOCK JOINT,1,EA,WHSE,119.14,119.14,C,
6545-20-A0U-8762,"TREATMENT KIT, INSTRUMENTS, MAJOR NAVAL WARSHIP",6515-21-116-4482,PROBE W/EYE (GP) 15.2CM,15,EA,WHSE,6.2,93,C,
6545-20-A0U-8762,"TREATMENT KIT, INSTRUMENTS, MAJOR NAVAL WARSHIP",6515-21-116-4548,RETRACTOR MASTOID SENN,4,EA,WHSE,20.5,82,C,
6545-20-A0U-8762,"TREATMENT KIT, INSTRUMENTS, MAJOR NAVAL WARSHIP",6515-21-116-4574,SAW FINGER RING,1,EA,WHSE,24.35,24.35,C,
6545-20-A0U-8762,"TREATMENT KIT, INSTRUMENTS, MAJOR NAVAL WARSHIP",6515-21-116-4589,"SCISSORS SUTURE 5 1/2""(14CM)LG",15,EA,WHSE,35.67,535.05,C,
6545-20-A0U-8762,"TREATMENT KIT, INSTRUMENTS, MAJOR NAVAL WARSHIP",6515-21-116-4672,"SPECULUM RECTAL 4 1/2""LG",1,EA,WHSE,110,110,C,
6545-20-A0U-8762,"TREATMENT KIT, INSTRUMENTS, MAJOR NAVAL WARSHIP",6515-21-116-9975,"SCISSORS 9""(23CM)LG BLUNT",3,EA,WHSE,22.25,66.75,C,
6545-20-A0U-8762,"TREATMENT KIT, INSTRUMENTS, MAJOR NAVAL WARSHIP",6515-21-840-9136,SCISS SUT DELIC STRT 8CM,2,EA,WHSE,10.84,21.68,D,
6545-20-A0U-8762,"TREATMENT KIT, INSTRUMENTS, MAJOR NAVAL WARSHIP",6515-21-842-6747,HOLDER S-N CRILE 15CM,10,EA,WHSE,50.9,509,D,
6545-20-A0U-8762,"TREATMENT KIT, INSTRUMENTS, MAJOR NAVAL WARSHIP",6515-21-848-1891,STYLET CATH GUIDE 8FR,2,EA,WHSE,32.08,64.16,C,
6545-20-A0U-8762,"TREATMENT KIT, INSTRUMENTS, MAJOR NAVAL WARSHIP",6515-21-855-0152,"FORCEP TIS GILL 6""/1X2TH",10,EA,WHSE,11.57,115.7,C,
6545-20-A0U-8762,"TREATMENT KIT, INSTRUMENTS, MAJOR NAVAL WARSHIP",6515-21-878-2219,LOCKING COLLAR SET OF 2,1,SE,WHSE,42.06,42.06,C,
6545-20-A0U-8762,"TREATMENT KIT, INSTRUMENTS, MAJOR NAVAL WARSHIP",6515-21-879-7639,BLADE FINGER RING SAW,1,EA,WHSE,12.15,12.15,C,
6545-20-A0U-8762,"TREATMENT KIT, INSTRUMENTS, MAJOR NAVAL WARSHIP",6515-CF-002-7942,"KIT, PROBE AND WELL, RECTAL, 4FT USE WITH 6515-01-513-3518",1,EA,WHSE,102.66,102.66,D,
6545-20-A0U-8762,"TREATMENT KIT, INSTRUMENTS, MAJOR NAVAL WARSHIP",6515-CF-002-8554,SCALPEL DISP 10 SAFETY SHIELD,10,EA,WHSE,2.89,28.9,C,
6545-20-A0U-8762,"TREATMENT KIT, INSTRUMENTS, MAJOR NAVAL WARSHIP",6515-CF-002-8556,SCALPEL DISP 15 SAFETY SHIELD,10,EA,WHSE,2.89,28.9,C,
6545-20-A0U-8762,"TREATMENT KIT, INSTRUMENTS, MAJOR NAVAL WARSHIP",6530-21-116-2810,"BOWL, SURGICAL SPONGE (C",6,EA,WHSE,10.28,61.68,C,
6545-20-A0U-8762,"TREATMENT KIT, INSTRUMENTS, MAJOR NAVAL WARSHIP",6530-21-116-2942,"TRAY INSTRUMENT 9X5X2""",5,EA,WHSE,16.91,84.55,C,
6545-20-A0U-8762,"TREATMENT KIT, INSTRUMENTS, MAJOR NAVAL WARSHIP",6530-21-116-5202,STAND (MAYO) W/TRAY,1,EA,WHSE,140.71,140.71,D,
6545-20-A0U-8762,"TREATMENT KIT, INSTRUMENTS, MAJOR NAVAL WARSHIP",6530-21-852-5336,CUP IODINE 170CC(6 OZ.),10,EA,WHSE,5.17,51.7,C,
6545-20-A0U-8762,"TREATMENT KIT, INSTRUMENTS, MAJOR NAVAL WARSHIP",6530-CF-002-0474,TRAY INSTR W/O COVER,1,EA,WHSE,18.67,18.67,C,
6545-20-A0U-8762,"TREATMENT KIT, INSTRUMENTS, MAJOR NAVAL WARSHIP",6530-CF-002-0475,TRAY INSTRUMENT CATHETER,1,EA,WHSE,36.58,36.58,C,
6545-20-A0U-8762,"TREATMENT KIT, INSTRUMENTS, MAJOR NAVAL WARSHIP",6545-21-116-4722,SURG INSTRUM SET (TRANS),1,SE,WHSE,443.38,443.38,D,
6545-20-A0U-8761,"TREATMENT KIT, IV/IO AND FLUIDS, MAJOR NAVAL WARSHIP",6505-21-855-2221,"SODIUM CHLORIDE 0.9%, FOR INJECTION, 500ML, IV BAG",10,BG,WHSE,2.67,26.7,C,
6545-20-A0U-8761,"TREATMENT KIT, IV/IO AND FLUIDS, MAJOR NAVAL WARSHIP",6505-21-855-3740,"DEXTROSE 5% & SODIUM CHLORIDE 0.9%, FOR INJECTION, 1000ML, IV BAG",12,BG,WHSE,3.33,39.96,C,
6545-20-A0U-8761,"TREATMENT KIT, IV/IO AND FLUIDS, MAJOR NAVAL WARSHIP",6505-21-855-3741,"DEXTROSE 5%, FOR INJECTION, 1000ML, IV BAG",12,BG,WHSE,2.94,35.28,C,
6545-20-A0U-8761,"TREATMENT KIT, IV/IO AND FLUIDS, MAJOR NAVAL WARSHIP",6505-21-855-3742,"LACTATED RINGER'S, FOR INJECTION, 1000ML, IV BAG",24,BG,WHSE,4,96,C,
6545-20-A0U-8761,"TREATMENT KIT, IV/IO AND FLUIDS, MAJOR NAVAL WARSHIP",6505-21-855-3743,"SODIUM CHLORIDE 0.9%, FOR INJECTION, 1000ML, IV BAG",48,BG,WHSE,2.89,138.72,C,
6545-20-A0U-8761,"TREATMENT KIT, IV/IO AND FLUIDS, MAJOR NAVAL WARSHIP",6505-21-895-1613,WATER 10ML FOR INJECTION,48,EA,WHSE,0.65,31.2,C,
6545-20-A0U-8761,"TREATMENT KIT, IV/IO AND FLUIDS, MAJOR NAVAL WARSHIP",6505-21-897-5922,SOD CHLOR IRR .9% 1000ML,3,BT,WHSE,5.19,15.57,C,
6545-20-A0U-8761,"TREATMENT KIT, IV/IO AND FLUIDS, MAJOR NAVAL WARSHIP",6505-21-897-5924,WATER/IRRIGATION 500ML,12,BT,WHSE,3.34,40.08,C,
6545-20-A0U-8761,"TREATMENT KIT, IV/IO AND FLUIDS, MAJOR NAVAL WARSHIP",6505-CF-001-4283,"DEXTROSE 10%, FOR INJECTION, 500ML, IV BAG",6,EA,WHSE,3.07,18.42,C,
6545-20-A0U-8761,"TREATMENT KIT, IV/IO AND FLUIDS, MAJOR NAVAL WARSHIP",6505-CF-001-9296,"POTASSIUM CHLORIDE 0.15% & SODIUM CHLORIDE 0.9%, FOR INJECTION, 1000 ML, IV BAG",12,EA,WHSE,4.03,48.36,C,
6545-20-A0U-8761,"TREATMENT KIT, IV/IO AND FLUIDS, MAJOR NAVAL WARSHIP",6505-CF-002-1309,"SODIUM CHLORIDE 3%, FOR INJECTION, 250ML, IV BAG",4,BG,WHSE,3.73,14.92,C,
6545-20-A0U-8761,"TREATMENT KIT, IV/IO AND FLUIDS, MAJOR NAVAL WARSHIP",6515-01-457-1496,"NEEDLE HYPO 21G X 1-1/2""",50,EA,WHSE,0.19,9.5,C,
6545-20-A0U-8761,"TREATMENT KIT, IV/IO AND FLUIDS, MAJOR NAVAL WARSHIP",6515-01-537-9007,"NEEDLE SET,INTRAOSSEOUS INJECTION, ADULT, 15 GAUGE, 25MM LONG, 304 STAINLESS STEEL, LATEX-FREE, FOR USE WITH 6515-01-590-8589 DRIVER INTRAOSSEOUS",5,EA,WHSE,175,875,C,
6545-20-A0U-8761,"TREATMENT KIT, IV/IO AND FLUIDS, MAJOR NAVAL WARSHIP",6515-01-537-9013,"NEEDLE SET,INTRAOSSEOUS INJECTION, PEDIATRIC, 15 GAUGE, 15MM LONG, 304 STAINLESS STEEL, LATEX-FREE, FOR USE WITH 6515-01-590-8589 DRIVER INTRAOSSEOUS OR MANUALLY FOR PEDIATRIC USAGE.",5,EA,WHSE,175,875,C,
6545-20-A0U-8761,"TREATMENT KIT, IV/IO AND FLUIDS, MAJOR NAVAL WARSHIP",6515-01-577-0312,"SET, NEEDLE, INTRAOSSEOUS, 45MM, HUMERUS, YELLOW HUB, 15G, USED WITH BONE GUN 6515- 01-590-8589",10,SE,WHSE,175,1750,C,
6545-20-A0U-8761,"TREATMENT KIT, IV/IO AND FLUIDS, MAJOR NAVAL WARSHIP",6515-01-583-0475,"SYRINGE,HYPODERMIC. CAPACITY 50 ML",6,EA,WHSE,0.99,5.94,C,
6545-20-A0U-8761,"TREATMENT KIT, IV/IO AND FLUIDS, MAJOR NAVAL WARSHIP",6515-01-590-8589,"INTRAOSSEOUS INJECTION GUN, BONE HAND HELD, LITHIUM BATTERY POWERED, 450G , RED COLOUR, CIVILIAN VERSION",1,EA,WHSE,422.94,422.94,D,
6545-20-A0U-8761,"TREATMENT KIT, IV/IO AND FLUIDS, MAJOR NAVAL WARSHIP",6515-01-626-6395,"DRIVER, MANUAL, INTRAOSSEOUS DEVICE AND NEEDLE, STERILE",5,PG,WHSE,391.67,1958.35,C,
6545-20-A0U-8761,"TREATMENT KIT, IV/IO AND FLUIDS, MAJOR NAVAL WARSHIP",6515-12-381-0798,SODIUM CHLORIDE 0.9%,30,EA,WHSE,1.36,40.8,C,
6545-20-A0U-8761,"TREATMENT KIT, IV/IO AND FLUIDS, MAJOR NAVAL WARSHIP",6515-20-011-2559,"TRAY, TACTICAL VASCULAR",6,SE,WHSE,46.78,280.68,D,
6545-20-A0U-8761,"TREATMENT KIT, IV/IO AND FLUIDS, MAJOR NAVAL WARSHIP",6515-21-870-5822,SYR HYPO PLS/SGL-SC 20CC,20,EA,WHSE,0.66,13.2,C,
6545-20-A0U-8761,"TREATMENT KIT, IV/IO AND FLUIDS, MAJOR NAVAL WARSHIP",6515-21-870-8181,SYR HYPO PLS/DBL-SC 1CC,25,EA,WHSE,0.33,8.25,C,
6545-20-A0U-8761,"TREATMENT KIT, IV/IO AND FLUIDS, MAJOR NAVAL WARSHIP",6515-21-880-6732,SYR INSUL 28G-1.0CC/100U,12,EA,WHSE,0.13,1.56,C,
6545-20-A0U-8761,"TREATMENT KIT, IV/IO AND FLUIDS, MAJOR NAVAL WARSHIP",6515-CF-000-7807,FILTER I.V. 0.22 MICRON,2,EA,WHSE,5.38,10.76,C,
6545-20-A0U-8761,"TREATMENT KIT, IV/IO AND FLUIDS, MAJOR NAVAL WARSHIP",6515-CF-001-7638,"BLOOD KT SAFLOK 21GX3/4""",50,EA,WHSE,1.22,61,C,
6545-20-A0U-8761,"TREATMENT KIT, IV/IO AND FLUIDS, MAJOR NAVAL WARSHIP",6515-CF-002-0114,ADMIN SET IV FLUIDS,4,EA,WHSE,26.03,104.12,C,
6545-20-A0U-8761,"TREATMENT KIT, IV/IO AND FLUIDS, MAJOR NAVAL WARSHIP",6515-CF-002-0856,SET EXTEN IV .4ML 15.2CM,20,EA,WHSE,6.09,121.8,C,
6545-20-A0U-8761,"TREATMENT KIT, IV/IO AND FLUIDS, MAJOR NAVAL WARSHIP",6515-CF-002-8686,SET IV INJECTION 23G X 0.75IN WITH TUBING AND LUER ADAPTER,50,SE,WHSE,1.53,76.5,C,
6545-20-A0U-8761,"TREATMENT KIT, IV/IO AND FLUIDS, MAJOR NAVAL WARSHIP",6515-CF-002-8693,NEEDLE HYP SAFETY 21G X 1.5IN,500,EA,WHSE,0.13,65,C,
6545-20-A0U-8761,"TREATMENT KIT, IV/IO AND FLUIDS, MAJOR NAVAL WARSHIP",6515-CF-002-9076,"SET, SOLUTION, 10 DROPS/ML, 3 LEUR VALVES, MALE LUER LOCK, 105IN LONG",48,EA,WHSE,8.4,403.2,C,
6545-20-A0U-8761,"TREATMENT KIT, IV/IO AND FLUIDS, MAJOR NAVAL WARSHIP",6515-CF-002-9580,"CATHETER INTRAVENOUS, TEFLON, GREY, 16G X 3.25IN",10,EA,WHSE,11.04,110.4,C,
6545-20-A0U-8761,"TREATMENT KIT, IV/IO AND FLUIDS, MAJOR NAVAL WARSHIP",6515-CF-002-9589,"SET, SECONDARY MEDICAL, NEEDLELESS, WITH HANGER AND MALE LUER LOCK ADAPTER, 37IN (94CM)",12,EA,WHSE,2.17,26.04,D,
6545-20-A0U-8761,"TREATMENT KIT, IV/IO AND FLUIDS, MAJOR NAVAL WARSHIP",6515-CF-005-0182,CATHETER INSYTE AG 20GX1.88 IN PINK - AUTOGUARD BC PRO,0.8,BX,WHSE,155.75,124.6,C,
6545-20-A0U-8761,"TREATMENT KIT, IV/IO AND FLUIDS, MAJOR NAVAL WARSHIP",6530-01-173-8892,"CONTAINER, SHARPS, BIOHAZARD, 7.6L",1,EA,WHSE,7.49,7.49,C,
6545-20-A0U-8761,"TREATMENT KIT, IV/IO AND FLUIDS, MAJOR NAVAL WARSHIP",6630-CF-002-0890,HOLD NEEDLE BD QUICK REL,20,EA,WHSE,2.15,43,C,
6545-20-A0U-8758,"TREATMENT KIT, LAB POC AND TESTING KITS",6130-CF-002-9300,"POWER SUPPLY FOR BASE UNIT KIT, ANALYZER, BLOOD GLUCOSE 6630-CF-002-9302",1,EA,WHSE,41.83,41.83,D,
6545-20-A0U-8758,"TREATMENT KIT, LAB POC AND TESTING KITS",6515-CF-002-8016,DEVICE LANCET SAFETY,200,EA,WHSE,0.25,50,C,
6545-20-A0U-8758,"TREATMENT KIT, LAB POC AND TESTING KITS",6515-CF-002-9299,"SLEEVE, PROTECTIVE, FOR ANALYZER 6630-CF-002-9295",1,BX,WHSE,25.2,25.2,C,
6545-20-A0U-8758,"TREATMENT KIT, LAB POC AND TESTING KITS",6515-CF-005-1042,"TEST KIT, ONE-STEP hCG COMBO LATERAL FLOW, QUICKVUE+",3,BX,WHSE,130.36,391.08,C,
6545-20-A0U-8758,"TREATMENT KIT, LAB POC AND TESTING KITS",6550-00-261-9053,"KIT, GRAM STAINING, 4 X 250ML BOTTLES GRAM CRYSTAL VIOLET, STABILIZED IODINE DECOLORIZER AND SAFRANIN",1,BX,WHSE,281.82,281.82,C,
6545-20-A0U-8758,"TREATMENT KIT, LAB POC AND TESTING KITS",6550-01-093-4010,CONTROL STRIPS (VISUAL),2,BT,WHSE,74.95,149.9,C,
6545-20-A0U-8758,"TREATMENT KIT, LAB POC AND TESTING KITS",6550-01-165-6732,STAIN SOLN WRIGHT/GIEMSA,1,BT,WHSE,174.19,174.19,C,
6545-20-A0U-8758,"TREATMENT KIT, LAB POC AND TESTING KITS",6550-01-221-5400,TEST STRIP MULTI-2300A,1,BT,WHSE,48.3,48.3,C,
6545-20-A0U-8758,"TREATMENT KIT, LAB POC AND TESTING KITS",6550-21-870-8620,TEST KIT STREPTOCOCCAL EXOENZYME ANTIBODY,1,KT,WHSE,117.84,117.84,C,
6545-20-A0U-8758,"TREATMENT KIT, LAB POC AND TESTING KITS",6550-CF-002-6028,TEST KT MONO CLEARVW IM,1,KT,WHSE,135,135,C,
6545-20-A0U-8758,"TREATMENT KIT, LAB POC AND TESTING KITS",6550-CF-002-7803,REAGENT MI TROPONIN I,1,BX,WHSE,683,683,C,
6545-20-A0U-8758,"TREATMENT KIT, LAB POC AND TESTING KITS",6550-CF-002-8127,TEST KIT OCCULT BLOOD,1,KT,WHSE,7.24,7.24,C,
6545-20-A0U-8758,"TREATMENT KIT, LAB POC AND TESTING KITS",6550-CF-002-9296,"TEST STRIP, BLOOD GLUCOSE FOR ANALYZER 6630-CF-002-9295",2,BX,WHSE,27.86,55.72,C,
6545-20-A0U-8758,"TREATMENT KIT, LAB POC AND TESTING KITS",6550-CF-002-9297,"CONTROL SOLUTION, BLOOD GLUCOSE MONITORING, FOR ANALYZER 6630-CF-002-9295",1,PG,WHSE,10.25,10.25,C,
6545-20-A0U-8758,"TREATMENT KIT, LAB POC AND TESTING KITS",6550-CF-002-9298,"LINEARITY KIT, BLOOD GLUCOSE MONITOR, FOR ANALYZER 6630-CF-002-9295",1,EA,WHSE,172.71,172.71,C,
6545-20-A0U-8758,"TREATMENT KIT, LAB POC AND TESTING KITS",6550-CF-002-9346,"POSITIVE/NEGATIVE CONTROL SET (SWABS), USED WITH 6550-21-870-8620.",1,BX,WHSE,95.73,95.73,C,
6545-20-A0U-8758,"TREATMENT KIT, LAB POC AND TESTING KITS",6550-CF-005-0041,"CONTROL, QUALITY, LEVELS 1 & 2 FOR TROPONIN I",1,BX,WHSE,270,270,C,
6545-20-A0U-8758,"TREATMENT KIT, LAB POC AND TESTING KITS",6630-CF-002-9295,"ANALYZER, BLOOD GLUCOSE, HAND-HELD",1,EA,WHSE,1114.27,1114.27,D,
6545-20-A0U-8758,"TREATMENT KIT, LAB POC AND TESTING KITS",7510-CF-005-0045,"LEAFLET, SOP FOR LIFESIGN TROPONIN I",1,EA,WHSE,0.05,0.05,C,
6545-20-A0U-9002,"TREATMENT KIT, MAJOR MEDICAL EQUIPMENT AND RELATED CONSUMABLES, MAJOR NAVAL WARSHIP, MEDICAL TREATMENT FACILITY.",5120-21-116-4929,WRENCH BOX GAS CYLINDER,10,EA,WHSE,3.43,34.3,C,
6545-20-A0U-9002,"TREATMENT KIT, MAJOR MEDICAL EQUIPMENT AND RELATED CONSUMABLES, MAJOR NAVAL WARSHIP, MEDICAL TREATMENT FACILITY.",5340-01-518-5148,PATIENT RESTRAINT 7F 2PC,2,EA,WHSE,37.38,74.76,C,
6545-20-A0U-9002,"TREATMENT KIT, MAJOR MEDICAL EQUIPMENT AND RELATED CONSUMABLES, MAJOR NAVAL WARSHIP, MEDICAL TREATMENT FACILITY.",6130-01-679-5815,"BATTERY PACK, PUMP, INTRAVENOUS INFUSION WITHOUT WIFI",1,EA,WHSE,143.29,143.29,D,
6545-20-A0U-9002,"TREATMENT KIT, MAJOR MEDICAL EQUIPMENT AND RELATED CONSUMABLES, MAJOR NAVAL WARSHIP, MEDICAL TREATMENT FACILITY.",6135-00-826-4798,"BATTERY, ALKALINE, AAA",10,EA,ExternalRqn,0.37,3.7,C,
6545-20-A0U-9002,"TREATMENT KIT, MAJOR MEDICAL EQUIPMENT AND RELATED CONSUMABLES, MAJOR NAVAL WARSHIP, MEDICAL TREATMENT FACILITY.",6135-21-892-7267,BATTERY 1.5V TYPE AA,10,EA,ExternalRqn,0.48,4.8,C,
6545-20-A0U-9002,"TREATMENT KIT, MAJOR MEDICAL EQUIPMENT AND RELATED CONSUMABLES, MAJOR NAVAL WARSHIP, MEDICAL TREATMENT FACILITY.",6150-01-680-2292,"CORD, ELECTRICAL, PUMP, INTRAVENOUS INFUSION",1,EA,WHSE,169.24,169.24,D,
6545-20-A0U-9002,"TREATMENT KIT, MAJOR MEDICAL EQUIPMENT AND RELATED CONSUMABLES, MAJOR NAVAL WARSHIP, MEDICAL TREATMENT FACILITY.",6150-12-395-0168,"CABLE, COMBI LEAD POWER CABLE-TRIPLE TAIL, FOR USE WITH B BRAUN SPACE PUMP",1,EA,WHSE,212.47,212.47,D,
6545-20-A0U-9002,"TREATMENT KIT, MAJOR MEDICAL EQUIPMENT AND RELATED CONSUMABLES, MAJOR NAVAL WARSHIP, MEDICAL TREATMENT FACILITY.",6240-01-465-7702,"LAMP,ULTRAVIOLET",1,EA,WHSE,248.32,248.32,D,
6545-20-A0U-9002,"TREATMENT KIT, MAJOR MEDICAL EQUIPMENT AND RELATED CONSUMABLES, MAJOR NAVAL WARSHIP, MEDICAL TREATMENT FACILITY.",6240-01-465-7712,"BULB, LIGHT, ULTRAVIOLET",1,EA,WHSE,51.02,51.02,C,
6545-20-A0U-9002,"TREATMENT KIT, MAJOR MEDICAL EQUIPMENT AND RELATED CONSUMABLES, MAJOR NAVAL WARSHIP, MEDICAL TREATMENT FACILITY.",6505-21-907-7580,"OXYGEN 93% CONCENTRATED, 6840L, COMPLETE WITH SIZE-K CYLINDER",2,EA,WHSE,1142.15,2284.3,C,
6545-20-A0U-9002,"TREATMENT KIT, MAJOR MEDICAL EQUIPMENT AND RELATED CONSUMABLES, MAJOR NAVAL WARSHIP, MEDICAL TREATMENT FACILITY.",6505-CF-001-6629,"OXYGEN 93% CONCENTRATED, 637L, COMPLETE WITH JUMBO D CYLINDER",20,EA,WHSE,306.38,6127.6,C,
6545-20-A0U-9002,"TREATMENT KIT, MAJOR MEDICAL EQUIPMENT AND RELATED CONSUMABLES, MAJOR NAVAL WARSHIP, MEDICAL TREATMENT FACILITY.",6505-CF-001-9089,HUMIDIFIER BUBBLE 500ML,1,BT,WHSE,2.6,2.6,C,
6545-20-A0U-9002,"TREATMENT KIT, MAJOR MEDICAL EQUIPMENT AND RELATED CONSUMABLES, MAJOR NAVAL WARSHIP, MEDICAL TREATMENT FACILITY.",6515-01-246-2951,CANNULA LARYNGEAL(BISON),5,EA,WHSE,0.62,3.1,C,
6545-20-A0U-9002,"TREATMENT KIT, MAJOR MEDICAL EQUIPMENT AND RELATED CONSUMABLES, MAJOR NAVAL WARSHIP, MEDICAL TREATMENT FACILITY.",6515-01-322-5881,"ADMINISTRATION SET, IV SECONDARY 15GTT, 40INL, SPIN LOCK W/HANGER, 50'S",50,EA,WHSE,1.26,63,C,
6545-20-A0U-9002,"TREATMENT KIT, MAJOR MEDICAL EQUIPMENT AND RELATED CONSUMABLES, MAJOR NAVAL WARSHIP, MEDICAL TREATMENT FACILITY.",6515-01-428-7546,"PAD, ELECTRODE, DEFIBRILLATOR ""STAT PADZ""",2,PR,WHSE,55.93,111.86,C,
6545-20-A0U-9002,"TREATMENT KIT, MAJOR MEDICAL EQUIPMENT AND RELATED CONSUMABLES, MAJOR NAVAL WARSHIP, MEDICAL TREATMENT FACILITY.",6515-01-505-3037,"ELECTRODE,ELECTROCARDIOGRAPH. DISPOSABLE",1,BX,WHSE,30.8,30.8,C,
6545-20-A0U-9002,"TREATMENT KIT, MAJOR MEDICAL EQUIPMENT AND RELATED CONSUMABLES, MAJOR NAVAL WARSHIP, MEDICAL TREATMENT FACILITY.",6515-01-540-3238,"DEFIBRILLATOR, AUTOMATIC EXTERNAL, LCD SCREEN",2,EA,WHSE,1453.58,2907.16,B,
6545-20-A0U-9002,"TREATMENT KIT, MAJOR MEDICAL EQUIPMENT AND RELATED CONSUMABLES, MAJOR NAVAL WARSHIP, MEDICAL TREATMENT FACILITY.",6515-01-615-2305,"SET, ELECTRODE, ECG READINESS PACK FOR VITAL SIGNS MONITOR 6515-01-693-1239",2,SE,WHSE,170.52,341.04,C,
6545-20-A0U-9002,"TREATMENT KIT, MAJOR MEDICAL EQUIPMENT AND RELATED CONSUMABLES, MAJOR NAVAL WARSHIP, MEDICAL TREATMENT FACILITY.",6515-01-626-8691,"MONITOR, CO2, COMPACT WITH ALARMS",1,EA,WHSE,1451.93,1451.93,B,
6545-20-A0U-9002,"TREATMENT KIT, MAJOR MEDICAL EQUIPMENT AND RELATED CONSUMABLES, MAJOR NAVAL WARSHIP, MEDICAL TREATMENT FACILITY.",6515-01-652-4131,"ADAPTER, AIRWAY, INFANT FOR CO2 MONITOR 6515-01-652-4131",1,BX,WHSE,200,200,C,
6545-20-A0U-9002,"TREATMENT KIT, MAJOR MEDICAL EQUIPMENT AND RELATED CONSUMABLES, MAJOR NAVAL WARSHIP, MEDICAL TREATMENT FACILITY.",6515-01-656-4726,TUBE PATIENT FOR LSU,5,EA,WHSE,21.87,109.35,C,
6545-20-A0U-9002,"TREATMENT KIT, MAJOR MEDICAL EQUIPMENT AND RELATED CONSUMABLES, MAJOR NAVAL WARSHIP, MEDICAL TREATMENT FACILITY.",6515-01-676-0320,"PUMP, INTRAVENOUS INFUSION",1,EA,WHSE,3000,3000,B,
6545-20-A0U-9002,"TREATMENT KIT, MAJOR MEDICAL EQUIPMENT AND RELATED CONSUMABLES, MAJOR NAVAL WARSHIP, MEDICAL TREATMENT FACILITY.",6515-01-676-8354,"ADMINISTRATION SET, INFUSION PUMP, 120IN LONG,15 DROPS/ML.",48,EA,WHSE,6.65,319.2,C,
6545-20-A0U-9002,"TREATMENT KIT, MAJOR MEDICAL EQUIPMENT AND RELATED CONSUMABLES, MAJOR NAVAL WARSHIP, MEDICAL TREATMENT FACILITY.",6515-01-676-8390,"ADMINISTRATION SET, Y TYPE BLOOD PUMP CARESITE INJ, 24'S",48,EA,WHSE,9.45,453.6,C,
6545-20-A0U-9002,"TREATMENT KIT, MAJOR MEDICAL EQUIPMENT AND RELATED CONSUMABLES, MAJOR NAVAL WARSHIP, MEDICAL TREATMENT FACILITY.",6515-01-679-7743,"CLAMP, IV POLE, PUMP, INTRAVENOUS INFUSION",1,EA,WHSE,151,151,D,
6545-20-A0U-9002,"TREATMENT KIT, MAJOR MEDICAL EQUIPMENT AND RELATED CONSUMABLES, MAJOR NAVAL WARSHIP, MEDICAL TREATMENT FACILITY.",6515-01-690-1463,SPACE PUMP IV SET WITH ANTI-SIPHON VALVE,24,EA,WHSE,6.21,149.04,D,
6545-20-A0U-9002,"TREATMENT KIT, MAJOR MEDICAL EQUIPMENT AND RELATED CONSUMABLES, MAJOR NAVAL WARSHIP, MEDICAL TREATMENT FACILITY.",6515-01-690-3760,"VACUUM CLEANER, PLASTER",1,EA,WHSE,7545.73,7545.73,B,
6545-20-A0U-9002,"TREATMENT KIT, MAJOR MEDICAL EQUIPMENT AND RELATED CONSUMABLES, MAJOR NAVAL WARSHIP, MEDICAL TREATMENT FACILITY.",6515-01-693-1239,PROPAQ MD,1,EA,WHSE,30968.93,30968.93,A,
6545-20-A0U-9002,"TREATMENT KIT, MAJOR MEDICAL EQUIPMENT AND RELATED CONSUMABLES, MAJOR NAVAL WARSHIP, MEDICAL TREATMENT FACILITY.",6515-20-A0H-9391,"VENTILATOR, PORTABLE, CRITICAL CARE WITH INTEGRAL SPO2 AND HEART RATE MONITOR",1,EA,WHSE,15529.08,15529.08,A,
6545-20-A0U-9002,"TREATMENT KIT, MAJOR MEDICAL EQUIPMENT AND RELATED CONSUMABLES, MAJOR NAVAL WARSHIP, MEDICAL TREATMENT FACILITY.",6515-20-A0V-9736,MICROBORE EXTENSION SET,50,EA,WHSE,2.04,102,C,
6545-20-A0U-9002,"TREATMENT KIT, MAJOR MEDICAL EQUIPMENT AND RELATED CONSUMABLES, MAJOR NAVAL WARSHIP, MEDICAL TREATMENT FACILITY.",6515-20-A0V-9737,"CATHETER EXTENSION SET, 8IN",25,EA,WHSE,2.39,59.75,C,
6545-20-A0U-9002,"TREATMENT KIT, MAJOR MEDICAL EQUIPMENT AND RELATED CONSUMABLES, MAJOR NAVAL WARSHIP, MEDICAL TREATMENT FACILITY.",6515-20-A0Y-6206,"MONITOR,PATIENT VITAL SIGNS",2,EA,WHSE,5200,10400,A,
6545-20-A0U-9002,"TREATMENT KIT, MAJOR MEDICAL EQUIPMENT AND RELATED CONSUMABLES, MAJOR NAVAL WARSHIP, MEDICAL TREATMENT FACILITY.",6515-21-886-4424,RESUSCITATOR (FLYNN),2,EA,WHSE,1491.2,2982.4,B,
6545-20-A0U-9002,"TREATMENT KIT, MAJOR MEDICAL EQUIPMENT AND RELATED CONSUMABLES, MAJOR NAVAL WARSHIP, MEDICAL TREATMENT FACILITY.",6515-99-154-1005,COMFORT SPACE COVER,1,EA,WHSE,455,455,C,
6545-20-A0U-9002,"TREATMENT KIT, MAJOR MEDICAL EQUIPMENT AND RELATED CONSUMABLES, MAJOR NAVAL WARSHIP, MEDICAL TREATMENT FACILITY.",6515-CF-001-7498,STRAPS ELASTIC ANKL/THIG,2,PR,WHSE,37.27,74.54,C,
6545-20-A0U-9002,"TREATMENT KIT, MAJOR MEDICAL EQUIPMENT AND RELATED CONSUMABLES, MAJOR NAVAL WARSHIP, MEDICAL TREATMENT FACILITY.",6515-CF-001-7547,TRANSDUCER 'DURASENSOR',1,EA,WHSE,191.25,191.25,D,
6545-20-A0U-9002,"TREATMENT KIT, MAJOR MEDICAL EQUIPMENT AND RELATED CONSUMABLES, MAJOR NAVAL WARSHIP, MEDICAL TREATMENT FACILITY.",6515-CF-001-9052,INDICATOR BIOLOGICAL,100,EA,WHSE,3.06,306,C,
6545-20-A0U-9002,"TREATMENT KIT, MAJOR MEDICAL EQUIPMENT AND RELATED CONSUMABLES, MAJOR NAVAL WARSHIP, MEDICAL TREATMENT FACILITY.",6515-CF-001-9569,INDICATOR BIOLOGICAL,1,BX,WHSE,263.63,263.63,C,
6545-20-A0U-9002,"TREATMENT KIT, MAJOR MEDICAL EQUIPMENT AND RELATED CONSUMABLES, MAJOR NAVAL WARSHIP, MEDICAL TREATMENT FACILITY.",6515-CF-001-9923,PAPER PRINTER STERILIZER,4,PG,WHSE,5.16,20.64,C,
6545-20-A0U-9002,"TREATMENT KIT, MAJOR MEDICAL EQUIPMENT AND RELATED CONSUMABLES, MAJOR NAVAL WARSHIP, MEDICAL TREATMENT FACILITY.",6515-CF-002-0026,"ELECTRODES DEFIBRILLATOR AED (SET OF 2) ""STAT PADZ 11"" U/W DEFIBRILLATOR AED 6515-01-540-3238",8,SE,WHSE,94.32,754.56,C,
6545-20-A0U-9002,"TREATMENT KIT, MAJOR MEDICAL EQUIPMENT AND RELATED CONSUMABLES, MAJOR NAVAL WARSHIP, MEDICAL TREATMENT FACILITY.",6515-CF-002-0090,READER BIOLOGICAL,1,EA,WHSE,1947,1947,B,
6545-20-A0U-9002,"TREATMENT KIT, MAJOR MEDICAL EQUIPMENT AND RELATED CONSUMABLES, MAJOR NAVAL WARSHIP, MEDICAL TREATMENT FACILITY.",6515-CF-002-0119,ELECTRODE ECG 200 SERIES,4,PG,WHSE,5.42,21.68,C,
6545-20-A0U-9002,"TREATMENT KIT, MAJOR MEDICAL EQUIPMENT AND RELATED CONSUMABLES, MAJOR NAVAL WARSHIP, MEDICAL TREATMENT FACILITY.",6515-CF-002-0282,FILTER AEROSOL FOR LSU,5,EA,WHSE,34.91,174.55,C,
6545-20-A0U-9002,"TREATMENT KIT, MAJOR MEDICAL EQUIPMENT AND RELATED CONSUMABLES, MAJOR NAVAL WARSHIP, MEDICAL TREATMENT FACILITY.",6515-CF-002-0462,"BAG OXYGEN EQUIPMENT, ROYAL BLUE",5,EA,WHSE,556.3,2781.5,D,
6545-20-A0U-9002,"TREATMENT KIT, MAJOR MEDICAL EQUIPMENT AND RELATED CONSUMABLES, MAJOR NAVAL WARSHIP, MEDICAL TREATMENT FACILITY.",6515-CF-002-0662,PAPER PORTABLE PRINTER,0.5,EA,WHSE,8.67,4.33,C,
6545-20-A0U-9002,"TREATMENT KIT, MAJOR MEDICAL EQUIPMENT AND RELATED CONSUMABLES, MAJOR NAVAL WARSHIP, MEDICAL TREATMENT FACILITY.",6515-CF-002-1922,CUTTER CAST ORTHO OSCILL,1,EA,WHSE,2309.32,2309.32,B,
6545-20-A0U-9002,"TREATMENT KIT, MAJOR MEDICAL EQUIPMENT AND RELATED CONSUMABLES, MAJOR NAVAL WARSHIP, MEDICAL TREATMENT FACILITY.",6515-CF-002-3035,"ELECTRODE, PEDIATRIC, USED WITH DEFIBRILLATORS 6515-01-540-3238 ZOLL AED PLUS AND 6515-20-A0F-1567 AED PRO.",1,PR,WHSE,145.13,145.13,C,
6545-20-A0U-9002,"TREATMENT KIT, MAJOR MEDICAL EQUIPMENT AND RELATED CONSUMABLES, MAJOR NAVAL WARSHIP, MEDICAL TREATMENT FACILITY.",6515-CF-002-6084,MASK HI FIO2 ADUL W/ADAP,5,EA,WHSE,6.54,32.7,C,
6545-20-A0U-9002,"TREATMENT KIT, MAJOR MEDICAL EQUIPMENT AND RELATED CONSUMABLES, MAJOR NAVAL WARSHIP, MEDICAL TREATMENT FACILITY.",6515-CF-002-6085,MASK HI FIO2 PED W/ADAPT,2,EA,WHSE,9.95,19.9,C,
6545-20-A0U-9002,"TREATMENT KIT, MAJOR MEDICAL EQUIPMENT AND RELATED CONSUMABLES, MAJOR NAVAL WARSHIP, MEDICAL TREATMENT FACILITY.",6515-CF-002-6356,"ADAPTER SNAP 6"" FOR ECG",1,PG,WHSE,140.01,140.01,C,
6545-20-A0U-9002,"TREATMENT KIT, MAJOR MEDICAL EQUIPMENT AND RELATED CONSUMABLES, MAJOR NAVAL WARSHIP, MEDICAL TREATMENT FACILITY.",6515-CF-002-6912,OXIMETER CARBON MONOXIDE,2,EA,WHSE,5161.07,10322.14,B,
6545-20-A0U-9002,"TREATMENT KIT, MAJOR MEDICAL EQUIPMENT AND RELATED CONSUMABLES, MAJOR NAVAL WARSHIP, MEDICAL TREATMENT FACILITY.",6515-CF-002-7192,"REGULATOR 0-25 LPM, USED WITH RESUS 6515-21-886-4424",8,EA,WHSE,146,1168,D,
6545-20-A0U-9002,"TREATMENT KIT, MAJOR MEDICAL EQUIPMENT AND RELATED CONSUMABLES, MAJOR NAVAL WARSHIP, MEDICAL TREATMENT FACILITY.",6515-CF-002-7957,KIT FIRST RESPONDER AED,2,KT,WHSE,50.58,101.16,C,
6545-20-A0U-9002,"TREATMENT KIT, MAJOR MEDICAL EQUIPMENT AND RELATED CONSUMABLES, MAJOR NAVAL WARSHIP, MEDICAL TREATMENT FACILITY.",6515-CF-002-8072,RESUS HANDHELD PORTA CA,4,EA,WHSE,2492.48,9969.92,B,
6545-20-A0U-9002,"TREATMENT KIT, MAJOR MEDICAL EQUIPMENT AND RELATED CONSUMABLES, MAJOR NAVAL WARSHIP, MEDICAL TREATMENT FACILITY.",6515-CF-002-8547,"ADAPTER, AIRWAY, ADULT & PEDIATRIC FOR CO2 MONITOR 6515-CF-002-8546",1,BX,WHSE,285,285,C,
6545-20-A0U-9002,"TREATMENT KIT, MAJOR MEDICAL EQUIPMENT AND RELATED CONSUMABLES, MAJOR NAVAL WARSHIP, MEDICAL TREATMENT FACILITY.",6515-CF-002-8619,"PADS, HEAT, OXYGEN ACTIVATED, SET OF 4 USED WITH BLANKET 6532-CF-003-0369",4,SE,WHSE,107.85,431.4,C,
6545-20-A0U-9002,"TREATMENT KIT, MAJOR MEDICAL EQUIPMENT AND RELATED CONSUMABLES, MAJOR NAVAL WARSHIP, MEDICAL TREATMENT FACILITY.",6515-CF-002-8905,"CAPNOLINE, SMART, O2 PLUS, ADULT FOR USE WITH 6515-01-693-1239",10,EA,WHSE,21.35,213.5,C,
6545-20-A0U-9002,"TREATMENT KIT, MAJOR MEDICAL EQUIPMENT AND RELATED CONSUMABLES, MAJOR NAVAL WARSHIP, MEDICAL TREATMENT FACILITY.",6515-CF-002-9051,"ELECTRODE, SOLID DISPERSIVE, DISPOSABLE ACCESSORY FOR ELECTROSURGICAL UNIT 6515-CF-002-8371 & 6515-CF-002-9769.",2,BX,WHSE,67,134,C,
6545-20-A0U-9002,"TREATMENT KIT, MAJOR MEDICAL EQUIPMENT AND RELATED CONSUMABLES, MAJOR NAVAL WARSHIP, MEDICAL TREATMENT FACILITY.",6515-CF-002-9061,"PAPER, REPLACMENT FOR ELCTROCARDIOGRAPH 6515-17-118-4714",2,PG,WHSE,40.52,81.04,C,
6545-20-A0U-9002,"TREATMENT KIT, MAJOR MEDICAL EQUIPMENT AND RELATED CONSUMABLES, MAJOR NAVAL WARSHIP, MEDICAL TREATMENT FACILITY.",6515-CF-002-9369,"STEP UP/STEP DOWN TRANSFORMER, FOR INCUBATOR 6630-CF-001-9871",1,EA,ExternalRqn,109.65,109.65,C,
6545-20-A0U-9002,"TREATMENT KIT, MAJOR MEDICAL EQUIPMENT AND RELATED CONSUMABLES, MAJOR NAVAL WARSHIP, MEDICAL TREATMENT FACILITY.",6515-CF-002-9379,"NON-STERILE HANDPIECE SHEATH ACCESSORY FOR 6515-CF-002-8371 & 6515-CF-002-9769 APPARATUS, ELECTROSURGICAL UNIT.",2,BX,WHSE,49,98,,
6545-20-A0U-9002,"TREATMENT KIT, MAJOR MEDICAL EQUIPMENT AND RELATED CONSUMABLES, MAJOR NAVAL WARSHIP, MEDICAL TREATMENT FACILITY.",6515-CF-002-9388,"SHARP ELECTRODE DERMAL TIP NONSTERILE, 100/BX, ACCESSORY FOR 6515-CF-002-8371 & 6515-CF-002-9769.",1,BX,WHSE,96,96,C,
6545-20-A0U-9002,"TREATMENT KIT, MAJOR MEDICAL EQUIPMENT AND RELATED CONSUMABLES, MAJOR NAVAL WARSHIP, MEDICAL TREATMENT FACILITY.",6515-CF-002-9389,"BLUNT ELECTRODE DERMAL TIP NONSTERILE, 100 /BX, ACCESSORY FOR 6515-CF-002-8371 & 6515-CF-002-9769.",1,BX,WHSE,96,96,C,
6545-20-A0U-9002,"TREATMENT KIT, MAJOR MEDICAL EQUIPMENT AND RELATED CONSUMABLES, MAJOR NAVAL WARSHIP, MEDICAL TREATMENT FACILITY.",6515-CF-002-9612,"BAG, DISPOSABLE, 1000ML FOR SUCTION UNIT 6515-CF-002-9795",1,EA,WHSE,27.72,27.72,C,
6545-20-A0U-9002,"TREATMENT KIT, MAJOR MEDICAL EQUIPMENT AND RELATED CONSUMABLES, MAJOR NAVAL WARSHIP, MEDICAL TREATMENT FACILITY.",6515-CF-002-9769,ELECTROSURGICAL UNIT,1,EA,WHSE,10754.63,10754.63,A,
6545-20-A0U-9002,"TREATMENT KIT, MAJOR MEDICAL EQUIPMENT AND RELATED CONSUMABLES, MAJOR NAVAL WARSHIP, MEDICAL TREATMENT FACILITY.",6515-CF-002-9795,"SUCTION UNIT, PORTABLE (NEW)",1,EA,WHSE,1111.49,1111.49,B,
6545-20-A0U-9002,"TREATMENT KIT, MAJOR MEDICAL EQUIPMENT AND RELATED CONSUMABLES, MAJOR NAVAL WARSHIP, MEDICAL TREATMENT FACILITY.",6515-CF-005-0113,COCOON WARMING BLANKET DISPOSABLE UPPER BODY-ARMS OUT,2,EA,WHSE,9.95,19.9,C,
6545-20-A0U-9002,"TREATMENT KIT, MAJOR MEDICAL EQUIPMENT AND RELATED CONSUMABLES, MAJOR NAVAL WARSHIP, MEDICAL TREATMENT FACILITY.",6515-CF-005-0114,COCOON WARMING BLANKET DISPOSABLE FULL BODY,2,EA,WHSE,9.95,19.9,C,
6545-20-A0U-9002,"TREATMENT KIT, MAJOR MEDICAL EQUIPMENT AND RELATED CONSUMABLES, MAJOR NAVAL WARSHIP, MEDICAL TREATMENT FACILITY.",6515-CF-005-0115,COCOON WARMING BLANKET DISPOSABLE LOWER BODY,2,EA,WHSE,9.95,19.9,C,
6545-20-A0U-9002,"TREATMENT KIT, MAJOR MEDICAL EQUIPMENT AND RELATED CONSUMABLES, MAJOR NAVAL WARSHIP, MEDICAL TREATMENT FACILITY.",6515-CF-005-0117,COCOON WARMING BLANKET DISPOSABLE PAEDIACTRIC FULL BODY,1,EA,WHSE,9.95,9.95,C,
6545-20-A0U-9002,"TREATMENT KIT, MAJOR MEDICAL EQUIPMENT AND RELATED CONSUMABLES, MAJOR NAVAL WARSHIP, MEDICAL TREATMENT FACILITY.",6515-CF-005-0119,COCOON WARMING BLANKET DISPOSABLE ADULT FULL ACCESS UNDER BODY,2,EA,WHSE,30,60,C,
6545-20-A0U-9002,"TREATMENT KIT, MAJOR MEDICAL EQUIPMENT AND RELATED CONSUMABLES, MAJOR NAVAL WARSHIP, MEDICAL TREATMENT FACILITY.",6515-CF-005-0120,COCOON WARMING BLANKET DISPOSABLE FULL BODY LARGE,2,EA,WHSE,18.4,36.8,C,
6545-20-A0U-9002,"TREATMENT KIT, MAJOR MEDICAL EQUIPMENT AND RELATED CONSUMABLES, MAJOR NAVAL WARSHIP, MEDICAL TREATMENT FACILITY.",6515-CF-005-0209,"ELECTROCARDIOGRAPH, 12 LEAD - SCHILLER AT-102 G2",1,EA,WHSE,5876,5876,A,
6545-20-A0U-9002,"TREATMENT KIT, MAJOR MEDICAL EQUIPMENT AND RELATED CONSUMABLES, MAJOR NAVAL WARSHIP, MEDICAL TREATMENT FACILITY.",6515-CF-005-0473,QINFLOW WARRIOR LITE EXTENDED SET FLUID WARMER,1,EA,WHSE,7300,7300,A,
6545-20-A0U-9002,"TREATMENT KIT, MAJOR MEDICAL EQUIPMENT AND RELATED CONSUMABLES, MAJOR NAVAL WARSHIP, MEDICAL TREATMENT FACILITY.",6515-CF-005-0474,QINFLOW COMPACT DISPOSABLE UNIT FLUID WARMER,6,EA,WHSE,135.84,815.04,C,
6545-20-A0U-9002,"TREATMENT KIT, MAJOR MEDICAL EQUIPMENT AND RELATED CONSUMABLES, MAJOR NAVAL WARSHIP, MEDICAL TREATMENT FACILITY.",6515-CF-005-0648,MCGRATH MAC VL VIDEO LARYNGOSCOPE,1,EA,WHSE,2200,2200,B,
6545-20-A0U-9002,"TREATMENT KIT, MAJOR MEDICAL EQUIPMENT AND RELATED CONSUMABLES, MAJOR NAVAL WARSHIP, MEDICAL TREATMENT FACILITY.",6515-CF-005-0818,MCGRATH 3.6V BATTERY,1,EA,WHSE,55,55,C,
6545-20-A0U-9002,"TREATMENT KIT, MAJOR MEDICAL EQUIPMENT AND RELATED CONSUMABLES, MAJOR NAVAL WARSHIP, MEDICAL TREATMENT FACILITY.",6515-CF-005-0819,MCGRATH MAC BLADE SIZE 3 50/BOX,5,EA,WHSE,10,50,C,
6545-20-A0U-9002,"TREATMENT KIT, MAJOR MEDICAL EQUIPMENT AND RELATED CONSUMABLES, MAJOR NAVAL WARSHIP, MEDICAL TREATMENT FACILITY.",6515-CF-005-0820,MCGRATH MAC BLADE SIZE 4 50/BOX,5,EA,WHSE,10,50,C,
6545-20-A0U-9002,"TREATMENT KIT, MAJOR MEDICAL EQUIPMENT AND RELATED CONSUMABLES, MAJOR NAVAL WARSHIP, MEDICAL TREATMENT FACILITY.",6515-CF-005-0821,MCGRATH MAC BLADE SIZE 2 50/BOX,2,EA,WHSE,10,20,C,
6545-20-A0U-9002,"TREATMENT KIT, MAJOR MEDICAL EQUIPMENT AND RELATED CONSUMABLES, MAJOR NAVAL WARSHIP, MEDICAL TREATMENT FACILITY.",6515-CF-005-0822,MCGRATH MAC BLADE SIZE 1 50/BOX,2,EA,WHSE,10,20,C,
6545-20-A0U-9002,"TREATMENT KIT, MAJOR MEDICAL EQUIPMENT AND RELATED CONSUMABLES, MAJOR NAVAL WARSHIP, MEDICAL TREATMENT FACILITY.",6515-CF-005-0823,MCGRATH X3 BLADE 10/BOX,5,EA,WHSE,15,75,C,
6545-20-A0U-9002,"TREATMENT KIT, MAJOR MEDICAL EQUIPMENT AND RELATED CONSUMABLES, MAJOR NAVAL WARSHIP, MEDICAL TREATMENT FACILITY.",6530-21-116-5137,DISPENSER INDICATOR TAPE,1,EA,WHSE,206.53,206.53,D,
6545-20-A0U-9002,"TREATMENT KIT, MAJOR MEDICAL EQUIPMENT AND RELATED CONSUMABLES, MAJOR NAVAL WARSHIP, MEDICAL TREATMENT FACILITY.",6530-21-845-0872,TAPE STEAM STERILIZE INDICATOR 18MM,2,RO,ExternalRqn,4.23,8.46,C,
6545-20-A0U-9002,"TREATMENT KIT, MAJOR MEDICAL EQUIPMENT AND RELATED CONSUMABLES, MAJOR NAVAL WARSHIP, MEDICAL TREATMENT FACILITY.",6530-21-893-6958,ENVELOP HEAT SEAL 7.6CM,1,RO,WHSE,11.6,11.6,C,
6545-20-A0U-9002,"TREATMENT KIT, MAJOR MEDICAL EQUIPMENT AND RELATED CONSUMABLES, MAJOR NAVAL WARSHIP, MEDICAL TREATMENT FACILITY.",6530-21-893-6959,ENVELOP HEAT SEAL 15.2CM,1,RO,WHSE,14.12,14.12,C,
6545-20-A0U-9002,"TREATMENT KIT, MAJOR MEDICAL EQUIPMENT AND RELATED CONSUMABLES, MAJOR NAVAL WARSHIP, MEDICAL TREATMENT FACILITY.",6530-21-893-6960,ENVELOPE HEAT SEAL,1,RO,WHSE,30,30,C,
6545-20-A0U-9002,"TREATMENT KIT, MAJOR MEDICAL EQUIPMENT AND RELATED CONSUMABLES, MAJOR NAVAL WARSHIP, MEDICAL TREATMENT FACILITY.",6530-CF-001-7680,CONCENTRATOR OXYGEN,1,EA,WHSE,780.77,780.77,B,
6545-20-A0U-9002,"TREATMENT KIT, MAJOR MEDICAL EQUIPMENT AND RELATED CONSUMABLES, MAJOR NAVAL WARSHIP, MEDICAL TREATMENT FACILITY.",6530-CF-001-7719,SEALER HEAT LIFTSL 18IN,1,EA,WHSE,3660.82,3660.82,B,
6545-20-A0U-9002,"TREATMENT KIT, MAJOR MEDICAL EQUIPMENT AND RELATED CONSUMABLES, MAJOR NAVAL WARSHIP, MEDICAL TREATMENT FACILITY.",6530-CF-001-8608,STERILIZER STEAM SURG,1,EA,WHSE,5153.72,5153.72,A,
6545-20-A0U-9002,"TREATMENT KIT, MAJOR MEDICAL EQUIPMENT AND RELATED CONSUMABLES, MAJOR NAVAL WARSHIP, MEDICAL TREATMENT FACILITY.",6530-CF-002-6607,CLEANER ULTRASONIC SMALL,1,EA,WHSE,1320.75,1320.75,B,
6545-20-A0U-9002,"TREATMENT KIT, MAJOR MEDICAL EQUIPMENT AND RELATED CONSUMABLES, MAJOR NAVAL WARSHIP, MEDICAL TREATMENT FACILITY.",6530-CF-005-0088,"PATIENT WARMER MACHINE, 34-43 DEG C",2,EA,WHSE,1330,2660,A,
6545-20-A0U-9002,"TREATMENT KIT, MAJOR MEDICAL EQUIPMENT AND RELATED CONSUMABLES, MAJOR NAVAL WARSHIP, MEDICAL TREATMENT FACILITY.",6530-CF-005-0367,"BACKBOARD, W/10PINS, YELLOW",2,EA,WHSE,306.86,613.72,D,
6545-20-A0U-9002,"TREATMENT KIT, MAJOR MEDICAL EQUIPMENT AND RELATED CONSUMABLES, MAJOR NAVAL WARSHIP, MEDICAL TREATMENT FACILITY.",6532-CF-003-0369,BLANKET CASUALTY HYPOTHERMIA WITH 4 HEAT PADS,4,EA,WHSE,205,820,D,
6545-20-A0U-9002,"TREATMENT KIT, MAJOR MEDICAL EQUIPMENT AND RELATED CONSUMABLES, MAJOR NAVAL WARSHIP, MEDICAL TREATMENT FACILITY.",6540-01-629-4401,"SHIELD, OPHTHALMIC TONOMETER",1,BX,WHSE,213.77,213.77,C,
6545-20-A0U-9002,"TREATMENT KIT, MAJOR MEDICAL EQUIPMENT AND RELATED CONSUMABLES, MAJOR NAVAL WARSHIP, MEDICAL TREATMENT FACILITY.",6540-CF-001-9523,SLIT LAMP COMPACT,1,EA,WHSE,2212.38,2212.38,B,
6545-20-A0U-9002,"TREATMENT KIT, MAJOR MEDICAL EQUIPMENT AND RELATED CONSUMABLES, MAJOR NAVAL WARSHIP, MEDICAL TREATMENT FACILITY.",6540-CF-002-8468,TONOMETER PEN HANDHELD,1,EA,WHSE,10441.61,10441.61,A,
6545-20-A0U-9002,"TREATMENT KIT, MAJOR MEDICAL EQUIPMENT AND RELATED CONSUMABLES, MAJOR NAVAL WARSHIP, MEDICAL TREATMENT FACILITY.",6550-CF-002-0621,"PROTHROMBIN PT/INR, CARTRIDGE, SINGLE-USE, DISPOSABLE, FOR USE WITH ANALYZER 6630-20-A0H-9358",24,EA,WHSE,12.17,292.08,C,
6545-20-A0U-9002,"TREATMENT KIT, MAJOR MEDICAL EQUIPMENT AND RELATED CONSUMABLES, MAJOR NAVAL WARSHIP, MEDICAL TREATMENT FACILITY.",6550-CF-002-2005,CONTROL SLTN PT/INR LVL1,1,BX,WHSE,88.85,88.85,C,
6545-20-A0U-9002,"TREATMENT KIT, MAJOR MEDICAL EQUIPMENT AND RELATED CONSUMABLES, MAJOR NAVAL WARSHIP, MEDICAL TREATMENT FACILITY.",6550-CF-002-2006,CONTROL SLTN PT/INR LVL2,1,BX,WHSE,88.85,88.85,C,
6545-20-A0U-9002,"TREATMENT KIT, MAJOR MEDICAL EQUIPMENT AND RELATED CONSUMABLES, MAJOR NAVAL WARSHIP, MEDICAL TREATMENT FACILITY.",6550-CF-002-6329,"CARTRIDGE, I-STAT CHEM8+",25,EA,WHSE,23.18,579.5,C,
6545-20-A0U-9002,"TREATMENT KIT, MAJOR MEDICAL EQUIPMENT AND RELATED CONSUMABLES, MAJOR NAVAL WARSHIP, MEDICAL TREATMENT FACILITY.",6550-CF-002-8514,"CARTRIDGE, TEST, CARDIAC MARKER, TROPONIN I, I-STAT",25,EA,WHSE,22.47,561.75,C,
6545-20-A0U-9002,"TREATMENT KIT, MAJOR MEDICAL EQUIPMENT AND RELATED CONSUMABLES, MAJOR NAVAL WARSHIP, MEDICAL TREATMENT FACILITY.",6550-CF-002-8515,"CONTROL, TROPONIN I, LEVEL 1,CARDIAC LEVEL 1 AQUEOUS CONTROL, 1ML BOTTLE FOR ISTAT CARTRIDGE 6550-CF-002-8514",1,BX,WHSE,200.32,200.32,C,
6545-20-A0U-9002,"TREATMENT KIT, MAJOR MEDICAL EQUIPMENT AND RELATED CONSUMABLES, MAJOR NAVAL WARSHIP, MEDICAL TREATMENT FACILITY.",6550-CF-002-8516,"CONTROL, TROPONIN I, LEVEL 3,CARDIAC LEVEL 3 AQUEOUS CONTROL, 1ML BOTTLE FOR ISTAT CARTRIDGE 6550-CF-002-8514",1,BX,WHSE,200.32,200.32,C,
6545-20-A0U-9002,"TREATMENT KIT, MAJOR MEDICAL EQUIPMENT AND RELATED CONSUMABLES, MAJOR NAVAL WARSHIP, MEDICAL TREATMENT FACILITY.",6550-CF-002-8995,"CONTROL LEVEL 1, 10 AMPS X 1.7ML, USED WITH ANALYZER 6630-20-A0H-9358",1,BX,WHSE,36.38,36.38,C,
6545-20-A0U-9002,"TREATMENT KIT, MAJOR MEDICAL EQUIPMENT AND RELATED CONSUMABLES, MAJOR NAVAL WARSHIP, MEDICAL TREATMENT FACILITY.",6550-CF-002-8996,"CONTROL LEVEL 2, 10 AMPS X 1.7ML, USED WITH ANALYZER 6630-20-A0H-9358",1,BX,WHSE,36.27,36.27,C,
6545-20-A0U-9002,"TREATMENT KIT, MAJOR MEDICAL EQUIPMENT AND RELATED CONSUMABLES, MAJOR NAVAL WARSHIP, MEDICAL TREATMENT FACILITY.",6550-CF-002-8997,"CONTROL LEVEL 3, 10 AMPS X 1.7ML, USED WITH ANALYZER 6630-20-A0H-9358",1,BX,WHSE,36.27,36.27,C,
6545-20-A0U-9002,"TREATMENT KIT, MAJOR MEDICAL EQUIPMENT AND RELATED CONSUMABLES, MAJOR NAVAL WARSHIP, MEDICAL TREATMENT FACILITY.",6550-CF-002-9596,"CONTROL, I-STAT CTNI LEVEL 2",1,BX,WHSE,200.32,200.32,C,
6545-20-A0U-9002,"TREATMENT KIT, MAJOR MEDICAL EQUIPMENT AND RELATED CONSUMABLES, MAJOR NAVAL WARSHIP, MEDICAL TREATMENT FACILITY.",6550-CF-005-0306,CARTRIDGE TEST CG4+ (I-STAT ANALYSER)LACTATE/PH/PCO2/PO2/TCO2/HCO3/BE/SO2,1,BX,WHSE,301.25,301.25,C,
6545-20-A0U-9002,"TREATMENT KIT, MAJOR MEDICAL EQUIPMENT AND RELATED CONSUMABLES, MAJOR NAVAL WARSHIP, MEDICAL TREATMENT FACILITY.",6630-20-A0H-9358,"ANALYSER, CLINICAL, PORTABLE, I-STAT1 MODEL, WITH THERMAL CONTROL",1,EA,WHSE,11185.91,11185.91,A,
6545-20-A0U-9002,"TREATMENT KIT, MAJOR MEDICAL EQUIPMENT AND RELATED CONSUMABLES, MAJOR NAVAL WARSHIP, MEDICAL TREATMENT FACILITY.",6640-00-234-0185,INCUBATOR PORTABLE 115V,1,EA,WHSE,4032.24,4032.24,B,
6545-20-A0U-9002,"TREATMENT KIT, MAJOR MEDICAL EQUIPMENT AND RELATED CONSUMABLES, MAJOR NAVAL WARSHIP, MEDICAL TREATMENT FACILITY.",6680-01-520-8009,REGULATR O2 K OR H CYLDR,1,EA,WHSE,573.24,573.24,D,
6545-20-A0U-9002,"TREATMENT KIT, MAJOR MEDICAL EQUIPMENT AND RELATED CONSUMABLES, MAJOR NAVAL WARSHIP, MEDICAL TREATMENT FACILITY.",6850-CF-001-2034,ULTRAS CLNR SOL MIC576,2,BT,WHSE,55.2,110.4,C,
6545-20-A0U-9002,"TREATMENT KIT, MAJOR MEDICAL EQUIPMENT AND RELATED CONSUMABLES, MAJOR NAVAL WARSHIP, MEDICAL TREATMENT FACILITY.",7530-CF-002-8906,"PAPER, PRINTER, CHART, 80MM, WHITE FOR USE WITH 6515-01-693-1239",6,RO,WHSE,6.63,39.78,C,
6545-20-A0U-8754,"TREATMENT KIT, MEDICATIONS, MAJOR NAVAL WARSHIP",6505-00-598-6117,LIDOCAINE 2% INJ 20ML,5,BT,WHSE,6.98,34.9,C,
6545-20-A0U-8754,"TREATMENT KIT, MEDICATIONS, MAJOR NAVAL WARSHIP",6505-00-935-1000,THIAMINE HCL 100MG/ML,1,BT,WHSE,16.63,16.63,C,
6545-20-A0U-8754,"TREATMENT KIT, MEDICATIONS, MAJOR NAVAL WARSHIP",6505-00-963-5355,DEXAM INJ 4MG/ML-5ML MUL,5,BT,WHSE,8.21,41.05,D,
6545-20-A0U-8754,"TREATMENT KIT, MEDICATIONS, MAJOR NAVAL WARSHIP",6505-01-015-1405,CLOTRIMAZOLE CRM 1%-30GM,72,TU,WHSE,10.43,750.96,C,
6545-20-A0U-8754,"TREATMENT KIT, MEDICATIONS, MAJOR NAVAL WARSHIP",6505-01-074-7588,CEFOXITIN PWDR INJ 1GM,10,BT,WHSE,10.6,106,D,
6545-20-A0U-8754,"TREATMENT KIT, MEDICATIONS, MAJOR NAVAL WARSHIP",6505-01-215-4825,INSULIN (REG) HUMULIN-R,10,EA,WHSE,22.43,224.3,C,
6545-20-A0U-8754,"TREATMENT KIT, MEDICATIONS, MAJOR NAVAL WARSHIP",6505-01-256-4972,PERMETHRIN 1% CRM RINSE,10,BT,WHSE,12.11,121.1,C,
6545-20-A0U-8754,"TREATMENT KIT, MEDICATIONS, MAJOR NAVAL WARSHIP",6505-01-273-8650,CIPROFLOXACIN TB 500MG,200,EA,WHSE,0.31,62,D,
6545-20-A0U-8754,"TREATMENT KIT, MEDICATIONS, MAJOR NAVAL WARSHIP",6505-01-302-0220,MUPIROCIN OINT 2% - 15GM,10,TU,WHSE,7.6,76,C,
6545-20-A0U-8754,"TREATMENT KIT, MEDICATIONS, MAJOR NAVAL WARSHIP",6505-20-001-0114,AZITHROMYCIN IV 500MG,5,VI,WHSE,18.16,90.8,D,
6545-20-A0U-8754,"TREATMENT KIT, MEDICATIONS, MAJOR NAVAL WARSHIP",6505-20-001-0606,ENOXAPARIN SOD 100MG/ML,10,EA,WHSE,7.09,70.9,D,
6545-20-A0U-8754,"TREATMENT KIT, MEDICATIONS, MAJOR NAVAL WARSHIP",6505-20-001-1183,BECLO DIP QVAR 50MCG,3,CN,WHSE,43.9,131.7,D,
6545-20-A0U-8754,"TREATMENT KIT, MEDICATIONS, MAJOR NAVAL WARSHIP",6505-20-001-1495,CLOPIDOGREL BISULFATE TA,28,EA,WHSE,2.82,78.96,D,
6545-20-A0U-8754,"TREATMENT KIT, MEDICATIONS, MAJOR NAVAL WARSHIP",6505-20-001-2711,PANTOPRAZOLE 40MG/10ML,10,VI,WHSE,10.96,109.6,D,
6545-20-A0U-8754,"TREATMENT KIT, MEDICATIONS, MAJOR NAVAL WARSHIP",6505-20-001-2721,PANTOPRAZOLE TB-DELAYED RELEASE 40MG,200,EA,WHSE,0.15,30,D,
6545-20-A0U-8754,"TREATMENT KIT, MEDICATIONS, MAJOR NAVAL WARSHIP",6505-20-002-2014,DIMENHYDRINATE CAPLET,2016,EA,WHSE,0.4,806.4,C,
6545-20-A0U-8754,"TREATMENT KIT, MEDICATIONS, MAJOR NAVAL WARSHIP",6505-20-002-2937,NITRO PATCH 0.2MG/H DISC,1,BX,WHSE,13.39,13.39,D,
6545-20-A0U-8754,"TREATMENT KIT, MEDICATIONS, MAJOR NAVAL WARSHIP",6505-20-010-9611,"IRRIGATION SOLUTION, OPTHALMIC, 120ML",24,BT,WHSE,4.41,105.84,C,
6545-20-A0U-8754,"TREATMENT KIT, MEDICATIONS, MAJOR NAVAL WARSHIP",6505-20-011-3740,"LEVONORGESTREL, 1.5MG, TABLET",2,EA,WHSE,4.3,8.6,C,
6545-20-A0U-8754,"TREATMENT KIT, MEDICATIONS, MAJOR NAVAL WARSHIP",6505-20-011-3933,ZOPICLONE 7.5MG TABS,100,EA,WHSE,0.12,12,D,
6545-20-A0U-8754,"TREATMENT KIT, MEDICATIONS, MAJOR NAVAL WARSHIP",6505-20-011-4032,LORATADINE TB 10MG,300,EA,WHSE,0.63,189,C,
6545-20-A0U-8754,"TREATMENT KIT, MEDICATIONS, MAJOR NAVAL WARSHIP",6505-20-011-4045,"CEPHALEXIN, 500MG, TABLET",200,EA,WHSE,0.09,18,D,
6545-20-A0U-8754,"TREATMENT KIT, MEDICATIONS, MAJOR NAVAL WARSHIP",6505-20-011-4194,CITALOPRAM HYDRO TB 20MG,100,EA,WHSE,0.13,13,D,
6545-20-A0U-8754,"TREATMENT KIT, MEDICATIONS, MAJOR NAVAL WARSHIP",6505-20-011-4229,QUETIAPINE TABLET 25MG,100,EA,WHSE,0.04,4,D,
6545-20-A0U-8754,"TREATMENT KIT, MEDICATIONS, MAJOR NAVAL WARSHIP",6505-20-011-4586,"VACCINE, COMBINED, TD, TD ADSORBED, 1 DOSE VIAL",10,VI,WHSE,26.15,261.5,C,
6545-20-A0U-8754,"TREATMENT KIT, MEDICATIONS, MAJOR NAVAL WARSHIP",6505-20-011-4591,TOBRAMYCIN OPHTHALMIC OINTMENT 3MG/G,12,TU,WHSE,10.02,120.24,D,
6545-20-A0U-8754,"TREATMENT KIT, MEDICATIONS, MAJOR NAVAL WARSHIP",6505-20-011-4598,POLYMYXIN B SULFATE AND GRAMICIDIN OPHTHALMIC SOLN 10000 UNITS AND 25UG/ML IN 10-15ML DROPPER BOTTLE,12,BT,WHSE,14.26,171.12,,
6545-20-A0U-8754,"TREATMENT KIT, MEDICATIONS, MAJOR NAVAL WARSHIP",6505-20-012-2830,CODEINE PHOSPHATE AND ACETAMINOPHEN TABLETS,200,EA,WHSE,0.09,18,D,
6545-20-A0U-8754,"TREATMENT KIT, MEDICATIONS, MAJOR NAVAL WARSHIP",6505-20-012-3134,FAMOTIDINE 20MG TABLET,500,EA,WHSE,0.48,240,C,
6545-20-A0U-8754,"TREATMENT KIT, MEDICATIONS, MAJOR NAVAL WARSHIP",6505-20-012-7613,"APPLICATOR,SILVER NITRATE",1,PG,WHSE,30.67,30.67,C,
6545-20-A0U-8754,"TREATMENT KIT, MEDICATIONS, MAJOR NAVAL WARSHIP",6505-20-012-9775,BENZTROPINE 1 MG TABLET,1000,EA,WHSE,0.06,60,C,
6545-20-A0U-8754,"TREATMENT KIT, MEDICATIONS, MAJOR NAVAL WARSHIP",6505-20-013-2414,"SODIUM THIOSULFATE 250MG/ML, 50ML VIAL",10,VI,WHSE,121.8,1218,C,
6545-20-A0U-8754,"TREATMENT KIT, MEDICATIONS, MAJOR NAVAL WARSHIP",6505-20-013-3462,POVIDONE-IODINE TOPICAL SOLUTION 10% (450 ML) ),2,BT,WHSE,9.11,18.22,C,
6545-20-A0U-8754,"TREATMENT KIT, MEDICATIONS, MAJOR NAVAL WARSHIP",6505-21-114-6151,BISACODYL SUPPS 10MG,10,EA,WHSE,0.48,4.8,C,
6545-20-A0U-8754,"TREATMENT KIT, MEDICATIONS, MAJOR NAVAL WARSHIP",6505-21-114-6342,SOD PHOSPH ENEMA 100ML,6,BT,WHSE,3.38,20.28,C,
6545-20-A0U-8754,"TREATMENT KIT, MEDICATIONS, MAJOR NAVAL WARSHIP",6505-21-114-6670,BISACODYL TB-EC 5MG,200,EA,WHSE,0.07,14,C,
6545-20-A0U-8754,"TREATMENT KIT, MEDICATIONS, MAJOR NAVAL WARSHIP",6505-21-114-6764,LIDOCAINE 2% W/EPI 20ML,2,BT,WHSE,10.15,20.3,D,
6545-20-A0U-8754,"TREATMENT KIT, MEDICATIONS, MAJOR NAVAL WARSHIP",6505-21-116-0041,PENICILLIN-VK TB 300MG,500,EA,WHSE,0.19,95,D,
6545-20-A0U-8754,"TREATMENT KIT, MEDICATIONS, MAJOR NAVAL WARSHIP",6505-21-116-0043,PREDNISONE TABS 5MG,100,EA,WHSE,0.02,2,D,
6545-20-A0U-8754,"TREATMENT KIT, MEDICATIONS, MAJOR NAVAL WARSHIP",6505-21-116-0061,PROTAMINE SULFATE 10 MG,2,BT,WHSE,11.05,22.1,C,
6545-20-A0U-8754,"TREATMENT KIT, MEDICATIONS, MAJOR NAVAL WARSHIP",6505-21-843-5280,AMPICILLIN SODIUM 500MG,20,BT,WHSE,3.09,61.8,D,
6545-20-A0U-8754,"TREATMENT KIT, MEDICATIONS, MAJOR NAVAL WARSHIP",6505-21-843-5826,BACITRACIN ZINC OINT,48,TU,WHSE,4.95,237.6,C,
6545-20-A0U-8754,"TREATMENT KIT, MEDICATIONS, MAJOR NAVAL WARSHIP",6505-21-844-4002,"ZINC OXIDE 15%, OINTMENT, 30 AND 60G TUBE",24,TU,WHSE,3.21,77.04,C,
6545-20-A0U-8754,"TREATMENT KIT, MEDICATIONS, MAJOR NAVAL WARSHIP",6505-21-846-8247,ANTACID & ANTIFLATULENT,48,BT,WHSE,3.87,185.76,C,
6545-20-A0U-8754,"TREATMENT KIT, MEDICATIONS, MAJOR NAVAL WARSHIP",6505-21-846-9956,BENZTROP MESYL 1MG/ML,6,EA,WHSE,24.45,146.7,D,
6545-20-A0U-8754,"TREATMENT KIT, MEDICATIONS, MAJOR NAVAL WARSHIP",6505-21-847-0131,(D)TRIAMCINOL .1% 7.5GR,12,TU,WHSE,11.71,140.52,D,
6545-20-A0U-8754,"TREATMENT KIT, MEDICATIONS, MAJOR NAVAL WARSHIP",6505-21-847-0464,HYDROXYZINE 25MG CAPSULE,100,EA,WHSE,0.24,24,D,
6545-20-A0U-8754,"TREATMENT KIT, MEDICATIONS, MAJOR NAVAL WARSHIP",6505-21-847-5381,METRONIDAZOLE 250 MG,500,EA,WHSE,0.06,30,D,
6545-20-A0U-8754,"TREATMENT KIT, MEDICATIONS, MAJOR NAVAL WARSHIP",6505-21-848-2656,HYOSC BUTYLBROM TB 10MG,100,EA,WHSE,0.27,27,C,
6545-20-A0U-8754,"TREATMENT KIT, MEDICATIONS, MAJOR NAVAL WARSHIP",6505-21-853-7587,MINERAL OIL (USP)250ML,2,BT,WHSE,6.48,12.96,C,
6545-20-A0U-8754,"TREATMENT KIT, MEDICATIONS, MAJOR NAVAL WARSHIP",6505-21-853-8337,PETROLATUM WHITE 25-50G G,48,TU,WHSE,1.33,63.84,C,
6545-20-A0U-8754,"TREATMENT KIT, MEDICATIONS, MAJOR NAVAL WARSHIP",6505-21-860-6967,HYDROCORTISONE 1% CREAM,32,TU,WHSE,3.11,99.52,D,
6545-20-A0U-8754,"TREATMENT KIT, MEDICATIONS, MAJOR NAVAL WARSHIP",6505-21-866-7634,GENTAM INJ MULTI 40MG/ML,10,EA,WHSE,4,40,D,
6545-20-A0U-8754,"TREATMENT KIT, MEDICATIONS, MAJOR NAVAL WARSHIP",6505-21-870-8370,FUROSEM INJ 10MG/ML-2ML,5,EA,WHSE,1.74,8.7,D,
6545-20-A0U-8754,"TREATMENT KIT, MEDICATIONS, MAJOR NAVAL WARSHIP",6505-21-870-8398,BETAMETH VALER 0.1% CRM,12,TU,WHSE,8,96,D,
6545-20-A0U-8754,"TREATMENT KIT, MEDICATIONS, MAJOR NAVAL WARSHIP",6505-21-878-2195,IBUPROFEN TB/CP 200MG,500,EA,WHSE,0.08,40,C,
6545-20-A0U-8754,"TREATMENT KIT, MEDICATIONS, MAJOR NAVAL WARSHIP",6505-21-879-8085,MGSO4 CRYSTALS,4,BT,WHSE,4.05,16.2,C,
6545-20-A0U-8754,"TREATMENT KIT, MEDICATIONS, MAJOR NAVAL WARSHIP",6505-21-879-9785,DIMENHYDRIN 50MG/ML -5ML,24,EA,WHSE,6.94,166.56,C,
6545-20-A0U-8754,"TREATMENT KIT, MEDICATIONS, MAJOR NAVAL WARSHIP",6505-21-880-6425,METOCLO HCL 5MG/ML-2ML,10,EA,WHSE,5.43,54.3,D,
6545-20-A0U-8754,"TREATMENT KIT, MEDICATIONS, MAJOR NAVAL WARSHIP",6505-21-880-9248,"NAPROXEN, 250MG, TABLETS",1000,EA,WHSE,0.05,50,D,
6545-20-A0U-8754,"TREATMENT KIT, MEDICATIONS, MAJOR NAVAL WARSHIP",6505-21-880-9649,PSEUDOEPHEDRINE HCL TABS 60MG PREPACK,200,PG,WHSE,1.82,364,C,
6545-20-A0U-8754,"TREATMENT KIT, MEDICATIONS, MAJOR NAVAL WARSHIP",6505-21-882-9481,DIMETHYLPOLYSILOXANE 50G,12,TU,WHSE,4.12,49.44,C,
6545-20-A0U-8754,"TREATMENT KIT, MEDICATIONS, MAJOR NAVAL WARSHIP",6505-21-883-2862,IBUPROFEN TABLETS/CAPLETS 400MG,2000,EA,WHSE,0.08,160,C,
6545-20-A0U-8754,"TREATMENT KIT, MEDICATIONS, MAJOR NAVAL WARSHIP",6505-21-888-4912,NICOTINE RESIN 2 MG,3,BX,WHSE,27.81,83.43,C,
6545-20-A0U-8754,"TREATMENT KIT, MEDICATIONS, MAJOR NAVAL WARSHIP",6505-21-892-3284,ISOPROP ALC 70% - 500ML,4,BT,WHSE,3.13,12.52,C,
6545-20-A0U-8754,"TREATMENT KIT, MEDICATIONS, MAJOR NAVAL WARSHIP",6505-21-892-3316,AMOXICILLIN CP 500MG,500,EA,WHSE,0.13,65,D,
6545-20-A0U-8754,"TREATMENT KIT, MEDICATIONS, MAJOR NAVAL WARSHIP",6505-21-893-3729,SILVER SULFADIAZ CRM 1%,36,TU,WHSE,11.4,410.4,D,
6545-20-A0U-8754,"TREATMENT KIT, MEDICATIONS, MAJOR NAVAL WARSHIP",6505-21-893-9739,BENZ PEROX GEL 5% 60G,6,EA,WHSE,9.96,59.76,C,
6545-20-A0U-8754,"TREATMENT KIT, MEDICATIONS, MAJOR NAVAL WARSHIP",6505-21-894-1005,ALGINIC TB ALU,2000,EA,WHSE,0.3,600,C,
6545-20-A0U-8754,"TREATMENT KIT, MEDICATIONS, MAJOR NAVAL WARSHIP",6505-21-894-2130,HALOPERIDOL 5MG/ML (1ML),10,EA,WHSE,4.06,40.6,D,
6545-20-A0U-8754,"TREATMENT KIT, MEDICATIONS, MAJOR NAVAL WARSHIP",6505-21-895-1673,ACETAMINOPHEN 325MG TABS ORAL 24 TABS / BOTTLE,200,BT,WHSE,3.48,696,C,
6545-20-A0U-8754,"TREATMENT KIT, MEDICATIONS, MAJOR NAVAL WARSHIP",6505-21-896-0814,COLLODION 500 ML,1,BT,WHSE,36.5,36.5,C,
6545-20-A0U-8754,"TREATMENT KIT, MEDICATIONS, MAJOR NAVAL WARSHIP",6505-21-896-3157,HEMORRHOIDAL OINT HC 15G,30,TU,WHSE,7.75,232.5,D,
6545-20-A0U-8754,"TREATMENT KIT, MEDICATIONS, MAJOR NAVAL WARSHIP",6505-21-896-3158,HEMORRHOIDAL SUPPS W/HC,36,BX,WHSE,16.75,603,D,
6545-20-A0U-8754,"TREATMENT KIT, MEDICATIONS, MAJOR NAVAL WARSHIP",6505-21-896-3724,"LIDOCAINE HYDROCHLORIDE 0.4% & DEXTROSE 5%, FOR INJECTION, 500ML, IV BAG",2,BG,WHSE,13.34,26.68,C,
6545-20-A0U-8754,"TREATMENT KIT, MEDICATIONS, MAJOR NAVAL WARSHIP",6505-21-896-6527,ASA TABS 325MG,100,EA,WHSE,0.07,7,C,
6545-20-A0U-8754,"TREATMENT KIT, MEDICATIONS, MAJOR NAVAL WARSHIP",6505-21-899-7534,CYCLOBENZAPR TB-FC 10MG,400,EA,WHSE,0.38,152,D,
6545-20-A0U-8754,"TREATMENT KIT, MEDICATIONS, MAJOR NAVAL WARSHIP",6505-21-902-2454,"SOLUTION, METRONIDAZOLE INWTR F/INJ, 500MG/100ML, 40/CASE",6,BG,WHSE,6.25,37.5,D,
6545-20-A0U-8754,"TREATMENT KIT, MEDICATIONS, MAJOR NAVAL WARSHIP",6505-21-902-2777,"OXYMETAZOLINE HYDROCHLORIDE, 0.05%, BOTTLE NASAL SOLUTION",24,BT,WHSE,6.89,165.36,C,
6545-20-A0U-8754,"TREATMENT KIT, MEDICATIONS, MAJOR NAVAL WARSHIP",6505-21-903-0757,CEFAZOLIN 1GM (10ML)INJ,20,VI,WHSE,5.41,108.2,D,
6545-20-A0U-8754,"TREATMENT KIT, MEDICATIONS, MAJOR NAVAL WARSHIP",6505-21-904-7233,DOXYCYC HYCL CP/TB 100MG,1000,EA,WHSE,0.12,120,D,
6545-20-A0U-8754,"TREATMENT KIT, MEDICATIONS, MAJOR NAVAL WARSHIP",6505-21-907-7815,"BISMUTH SUSALICYATE & CALCIUM CARBONATE CHEWABLE TABS, 24's",48,PG,WHSE,3.5,168,C,
6545-20-A0U-8754,"TREATMENT KIT, MEDICATIONS, MAJOR NAVAL WARSHIP",6505-21-907-8172,CEFTRIAX SOD INJ 0.25GM,20,BT,WHSE,2.38,47.6,D,
6545-20-A0U-8754,"TREATMENT KIT, MEDICATIONS, MAJOR NAVAL WARSHIP",6505-21-908-1923,BECLO DIP NAS IHLR 50MCG,6,BT,WHSE,11.89,71.34,D,
6545-20-A0U-8754,"TREATMENT KIT, MEDICATIONS, MAJOR NAVAL WARSHIP",6505-21-909-0883,CETIRIZINE HCL TB 10MG,500,EA,WHSE,0.04,20,C,
6545-20-A0U-8754,"TREATMENT KIT, MEDICATIONS, MAJOR NAVAL WARSHIP",6505-21-910-7221,DIMENHYD TB 50MG PP25-30,100,PG,WHSE,3.54,354,C,
6545-20-A0U-8754,"TREATMENT KIT, MEDICATIONS, MAJOR NAVAL WARSHIP",6505-21-910-7352,SULFAM-TRIMET 160/800MG,500,EA,WHSE,0.22,110,D,
6545-20-A0U-8754,"TREATMENT KIT, MEDICATIONS, MAJOR NAVAL WARSHIP",6505-21-911-1810,NICOTINE PATCH 7MG/DAY,3,BX,WHSE,18.01,54.03,C,
6545-20-A0U-8754,"TREATMENT KIT, MEDICATIONS, MAJOR NAVAL WARSHIP",6505-21-911-1811,NICOTINE PATCH 14MG/DAY,3,BX,WHSE,19.03,57.09,C,
6545-20-A0U-8754,"TREATMENT KIT, MEDICATIONS, MAJOR NAVAL WARSHIP",6505-21-911-1812,"PATCH, NICOTINE, TRANSDERMAL, 21MG",3,BX,WHSE,19.29,57.87,C,
6545-20-A0U-8754,"TREATMENT KIT, MEDICATIONS, MAJOR NAVAL WARSHIP",6505-21-911-2155,DESOGESTREL/ETHINYL 21'S,6,PG,WHSE,21.11,126.66,D,
6545-20-A0U-8754,"TREATMENT KIT, MEDICATIONS, MAJOR NAVAL WARSHIP",6505-21-911-2726,PERMETHRIN 5% CRM 30GM,12,TU,WHSE,15.53,186.36,C,
6545-20-A0U-8754,"TREATMENT KIT, MEDICATIONS, MAJOR NAVAL WARSHIP",6505-21-912-4580,SOD CHLOR NASAL SOLN 0.9% 30ML W/0.03% BENZALKONIUM CHLORIDE DROPS FOR CHILDREN,12,BT,WHSE,4.42,53.04,C,
6545-20-A0U-8754,"TREATMENT KIT, MEDICATIONS, MAJOR NAVAL WARSHIP",6505-21-912-4732,DEXAMETHASONE TABLETS 4MG,100,EA,WHSE,0.09,9,D,
6545-20-A0U-8754,"TREATMENT KIT, MEDICATIONS, MAJOR NAVAL WARSHIP",6505-21-912-4766,HALOPERIDOL 2.0MG TABS,100,EA,WHSE,0.32,32,D,
6545-20-A0U-8754,"TREATMENT KIT, MEDICATIONS, MAJOR NAVAL WARSHIP",6505-21-912-4976,SALICYLIC ACID SOLN 27%,6,BT,WHSE,15.14,90.84,C,
6545-20-A0U-8754,"TREATMENT KIT, MEDICATIONS, MAJOR NAVAL WARSHIP",6505-21-912-4977,SALICYLIC ACID SHAMP.4%,12,BT,WHSE,8.52,102.24,C,
6545-20-A0U-8754,"TREATMENT KIT, MEDICATIONS, MAJOR NAVAL WARSHIP",6505-21-912-6275,CLARITHROMYCN TABS 250MG,500,EA,WHSE,0.29,145,D,
6545-20-A0U-8754,"TREATMENT KIT, MEDICATIONS, MAJOR NAVAL WARSHIP",6505-21-912-6280,CLOXACIL PWDR INJ 2GM,20,EA,WHSE,31.88,637.6,D,
6545-20-A0U-8754,"TREATMENT KIT, MEDICATIONS, MAJOR NAVAL WARSHIP",6505-21-912-6283,CYCLOPENTOLATE 1% 15ML,2,BT,WHSE,19.05,38.1,D,
6545-20-A0U-8754,"TREATMENT KIT, MEDICATIONS, MAJOR NAVAL WARSHIP",6505-21-912-7153,AZITHROMYCIN TABS 250MG,100,EA,WHSE,0.64,64,D,
6545-20-A0U-8754,"TREATMENT KIT, MEDICATIONS, MAJOR NAVAL WARSHIP",6505-21-912-7294,MGSO4 50% INJ 10ML AMPUL,10,EA,WHSE,8.11,81.1,C,
6545-20-A0U-8754,"TREATMENT KIT, MEDICATIONS, MAJOR NAVAL WARSHIP",6505-21-912-7370,SENNA CONCENTRATE 8.6MG,100,EA,WHSE,0.05,5,C,
6545-20-A0U-8754,"TREATMENT KIT, MEDICATIONS, MAJOR NAVAL WARSHIP",6505-21-912-7528,CLOTRIMAZOLE TMT KIT,6,PG,WHSE,14.84,89.04,C,
6545-20-A0U-8754,"TREATMENT KIT, MEDICATIONS, MAJOR NAVAL WARSHIP",6505-21-912-7745,FAMCICLOVIR TABS 500MG,300,EA,WHSE,2.49,747,D,
6545-20-A0U-8754,"TREATMENT KIT, MEDICATIONS, MAJOR NAVAL WARSHIP",6505-21-913-6604,CHLORHEX GLUCO 4%-450ML,3,EA,WHSE,6.53,19.59,C,
6545-20-A0U-8754,"TREATMENT KIT, MEDICATIONS, MAJOR NAVAL WARSHIP",6505-21-913-6901,AMOX CLAV ACD TB 500MG,100,EA,WHSE,0.37,37,D,
6545-20-A0U-8754,"TREATMENT KIT, MEDICATIONS, MAJOR NAVAL WARSHIP",6505-21-913-9488,DIHYDROERGOTAMINE 4MG/ML,1,BX,WHSE,59.28,59.28,D,
6545-20-A0U-8754,"TREATMENT KIT, MEDICATIONS, MAJOR NAVAL WARSHIP",6505-21-914-7964,LOPERAMIDE HCL 2MG TABLETS,500,EA,WHSE,0.09,45,C,
6545-20-A0U-8754,"TREATMENT KIT, MEDICATIONS, MAJOR NAVAL WARSHIP",6505-21-920-8323,CIPROFLOXACIN 'MINIBAG',6,EA,WHSE,28.36,170.16,D,
6545-20-A0U-8754,"TREATMENT KIT, MEDICATIONS, MAJOR NAVAL WARSHIP",6505-CF-001-0515,L-NORGEST TRIQUILAR 21'S,6,PG,WHSE,15.75,94.5,D,
6545-20-A0U-8754,"TREATMENT KIT, MEDICATIONS, MAJOR NAVAL WARSHIP",6505-CF-001-2163,KETOROLAC TROMETHAMINE 30MG/ML INJECTION 1ML AMPUL OR VIAL - SEE COMMENTS,10,AM,WHSE,3.54,35.4,D,
6545-20-A0U-8754,"TREATMENT KIT, MEDICATIONS, MAJOR NAVAL WARSHIP",6505-CF-001-7742,"TROPICAMIDE 1%, OPHTHALMIC SOLUTION, DROPERETTE",10,EA,WHSE,2.83,28.3,D,
6545-20-A0U-8754,"TREATMENT KIT, MEDICATIONS, MAJOR NAVAL WARSHIP",6505-CF-001-8006,CEFIXIME 400 MG TABLET,40,PG,WHSE,15.65,626,D,
6545-20-A0U-8754,"TREATMENT KIT, MEDICATIONS, MAJOR NAVAL WARSHIP",6505-CF-001-8302,FLUCONAZOLE 150MG TABS,5,EA,WHSE,1.58,7.9,C,
6545-20-A0U-8754,"TREATMENT KIT, MEDICATIONS, MAJOR NAVAL WARSHIP",6505-CF-001-8609,CIPROFLOXACIN OPTHT 0.3%,2,BT,WHSE,10.4,20.8,D,
6545-20-A0U-8754,"TREATMENT KIT, MEDICATIONS, MAJOR NAVAL WARSHIP",6505-CF-001-9530,ACYCLOVIR 500MG 50MG/ML,15,VI,WHSE,130.87,1963.05,D,
6545-20-A0U-8754,"TREATMENT KIT, MEDICATIONS, MAJOR NAVAL WARSHIP",6505-CF-002-0446,"TETRACAINE HCL OPHTHALMIC 0.5% SOLUTION 0.5ML ""MINIMS"" (TM)",2,EA,WHSE,2.83,5.66,C,
6545-20-A0U-8754,"TREATMENT KIT, MEDICATIONS, MAJOR NAVAL WARSHIP",6505-CF-002-0464,LEVONORGESTREL ETHINYL,6,PG,WHSE,3.94,23.64,D,
6545-20-A0U-8754,"TREATMENT KIT, MEDICATIONS, MAJOR NAVAL WARSHIP",6505-CF-002-1967,VALSARTAN 40MG TABLET,100,EA,WHSE,0.41,41,D,
6545-20-A0U-8754,"TREATMENT KIT, MEDICATIONS, MAJOR NAVAL WARSHIP",6505-CF-002-6015,CIPRO DEXA OTIC SUSP,6,BT,WHSE,20.39,122.34,D,
6545-20-A0U-8754,"TREATMENT KIT, MEDICATIONS, MAJOR NAVAL WARSHIP",6505-CF-002-6027,BENZOCNE 10% GEL 5.3G TU,6,TU,WHSE,5.42,32.52,C,
6545-20-A0U-8754,"TREATMENT KIT, MEDICATIONS, MAJOR NAVAL WARSHIP",6505-CF-002-6068,SODIUM BICARB 8.4% INJ,6,VI,WHSE,18.22,109.32,C,
6545-20-A0U-8754,"TREATMENT KIT, MEDICATIONS, MAJOR NAVAL WARSHIP",6505-CF-002-6514,ACETAMINOPHEN 325 MG TAB/CAP,2000,EA,WHSE,0.02,40,C,
6545-20-A0U-8754,"TREATMENT KIT, MEDICATIONS, MAJOR NAVAL WARSHIP",6505-CF-002-7090,METOPROLOL TARTRATE 25MG,200,EA,WHSE,0.06,12,D,
6545-20-A0U-8754,"TREATMENT KIT, MEDICATIONS, MAJOR NAVAL WARSHIP",6505-CF-002-7120,ERYTHROMYCIN OPHT 5MG/G,12,TU,WHSE,22.72,272.64,D,
6545-20-A0U-8754,"TREATMENT KIT, MEDICATIONS, MAJOR NAVAL WARSHIP",6505-CF-002-8672,ANTIDOTE TMT KIT CYANIDE 5G,5,KT,WHSE,931.56,4657.8,D,
6545-20-A0U-8754,"TREATMENT KIT, MEDICATIONS, MAJOR NAVAL WARSHIP",6505-CF-002-8875,"SELENIUM SULFIDE, LOTION, 2.5%, 200ML TO 250ML BOTTLE",12,BT,WHSE,11.2,134.4,C,
6545-20-A0U-8754,"TREATMENT KIT, MEDICATIONS, MAJOR NAVAL WARSHIP",6505-CF-002-9243,"DICLOFENAC DIETHYLAMINE, 1.16%, GEL, 120GM",4,EA,WHSE,13.25,53,C,
6545-20-A0U-8754,"TREATMENT KIT, MEDICATIONS, MAJOR NAVAL WARSHIP",6505-CF-002-9245,"FLUORESCEIN SODIUM 2% OPHTHALMIC DROPS, 20 x 0.5ML",40,EA,WHSE,3.02,120.8,C,
6545-20-A0U-8754,"TREATMENT KIT, MEDICATIONS, MAJOR NAVAL WARSHIP",6505-CF-002-9370,TETRACAINE HCL OPHTHALMIC 1% SOLUTION 0.5ML,40,EA,WHSE,2.83,113.2,C,
6545-20-A0U-8754,"TREATMENT KIT, MEDICATIONS, MAJOR NAVAL WARSHIP",6505-CF-003-0096,"ONDANSETRON, INJECTION, 2MG/ML, 2ML VIAL",10,VI,WHSE,11.48,114.8,D,
6545-20-A0U-8754,"TREATMENT KIT, MEDICATIONS, MAJOR NAVAL WARSHIP",6505-CF-005-0252,"ANTIACID 200 MG ALUMINUM HYDROXIDE DRIED GEL/200 MG MAGNESIUM HYDROXIDE & ANTIFLATULENT SIMETHICONE 25 MG, CHEWABLE TABLET",48,BX,WHSE,9.53,457.44,C,
6545-20-A0U-8754,"TREATMENT KIT, MEDICATIONS, MAJOR NAVAL WARSHIP",6505-CF-005-0529,METHOXYFLURANE LIQ W/DEV 99.9% INHALATION,10,EA,WHSE,58.35,583.5,C,
6545-20-A0U-8754,"TREATMENT KIT, MEDICATIONS, MAJOR NAVAL WARSHIP",6510-CF-002-8729,"ADHESIVE, SKIN, TOPICAL, HIGH VISCOSITY, PRECISION TIP, 0.7ML",12,EA,WHSE,37.61,451.32,C,
6545-20-A0U-8766,"TREATMENT KIT, MSK AND BRACES/SPLINTS",5110-21-116-4211,KNIFE PLASTER CAST CUT,1,EA,ExternalRqn,57.05,57.05,C,
6545-20-A0U-8766,"TREATMENT KIT, MSK AND BRACES/SPLINTS",6510-01-448-8519,TAPE CAST FIBERGLAS 4 IN,5,RO,WHSE,10.29,51.45,C,
6545-20-A0U-8766,"TREATMENT KIT, MSK AND BRACES/SPLINTS",6510-CF-002-7963,PAD UNDERCAST 4IN (10CM),24,EA,WHSE,1.29,30.96,C,
6545-20-A0U-8766,"TREATMENT KIT, MSK AND BRACES/SPLINTS",6515-00-366-8200,SHEARS CAST CUT (2-HAND),1,EA,WHSE,25.76,25.76,D,
6545-20-A0U-8766,"TREATMENT KIT, MSK AND BRACES/SPLINTS",6515-00-777-7340,CUSHION CRUTCH,3,PR,WHSE,2.3,6.9,C,
6545-20-A0U-8766,"TREATMENT KIT, MSK AND BRACES/SPLINTS",6515-01-217-1236,SPLINT UNIVERSAL. FOLDED,11,EA,WHSE,10.08,110.88,C,
6545-20-A0U-8766,"TREATMENT KIT, MSK AND BRACES/SPLINTS",6515-01-446-9318,SAGER SPLINT,2,EA,WHSE,628.19,1256.38,D,
6545-20-A0U-8766,"TREATMENT KIT, MSK AND BRACES/SPLINTS",6515-01-521-5730,SPLINT LEG TRACTION 4:1,2,EA,WHSE,205.58,411.16,D,
6545-20-A0U-8766,"TREATMENT KIT, MSK AND BRACES/SPLINTS",6515-01-678-9635,"BRACE, ANKLE, STIRRUP AND STABILIZING STRAPS, MEDIUM",3,EA,WHSE,27.57,82.71,C,
6545-20-A0U-8766,"TREATMENT KIT, MSK AND BRACES/SPLINTS",6515-01-678-9640,"BRACE, ANKLE, STIRRUP AND STABILIZING STRAPS, LARGE",3,EA,WHSE,28.34,85.02,C,
6545-20-A0U-8766,"TREATMENT KIT, MSK AND BRACES/SPLINTS",6515-01-679-0354,"BRACE, ANKLE, STIRRUP AND STABILIZING STRAPS, SMALL",3,EA,WHSE,28.5,85.5,C,
6545-20-A0U-8766,"TREATMENT KIT, MSK AND BRACES/SPLINTS",6515-01-679-0436,BRACE WRIST SUEDE SM/R,2,EA,WHSE,14.59,29.18,C,
6545-20-A0U-8766,"TREATMENT KIT, MSK AND BRACES/SPLINTS",6515-01-679-0439,BRACE WRIST SUEDE MED/R,2,EA,WHSE,14.59,29.18,C,
6545-20-A0U-8766,"TREATMENT KIT, MSK AND BRACES/SPLINTS",6515-01-679-0442,BRACE WRIST SUEDE LRG/R,2,EA,WHSE,14.59,29.18,C,
6545-20-A0U-8766,"TREATMENT KIT, MSK AND BRACES/SPLINTS",6515-01-679-1044,BRACE WRIST SUEDE SM/L,2,EA,WHSE,14.59,29.18,C,
6545-20-A0U-8766,"TREATMENT KIT, MSK AND BRACES/SPLINTS",6515-01-679-1048,BRACE WRIST SUEDE MED/L,2,EA,WHSE,14.59,29.18,C,
6545-20-A0U-8766,"TREATMENT KIT, MSK AND BRACES/SPLINTS",6515-01-679-1051,BRACE WRIST SUEDE LRG/L,2,EA,WHSE,14.59,29.18,C,
6545-20-A0U-8766,"TREATMENT KIT, MSK AND BRACES/SPLINTS",6515-01-686-2467,"BRACE, KNEE, HINGED, WRAP, BREATHABLE, S, 39CM TO 47CM",2,EA,WHSE,47.89,95.78,C,
6545-20-A0U-8766,"TREATMENT KIT, MSK AND BRACES/SPLINTS",6515-21-116-2907,SPLINT (ALU)HAND-ADULT,4,EA,WHSE,9.37,37.48,C,
6545-20-A0U-8766,"TREATMENT KIT, MSK AND BRACES/SPLINTS",6515-21-859-4656,"SPLINT FNGR ALU 1 X 18""(2.5CM-45.7CM)",12,EA,WHSE,4.04,48.48,C,
6545-20-A0U-8766,"TREATMENT KIT, MSK AND BRACES/SPLINTS",6515-21-859-4657,"SPLINT FNGR ALU 3/4X18""(1.9CM X 45.7CM)",12,EA,WHSE,2.97,35.64,C,
6545-20-A0U-8766,"TREATMENT KIT, MSK AND BRACES/SPLINTS",6515-21-893-9764,SUPP KNEE X-ACTION (MED),12,EA,WHSE,16.38,196.56,C,
6545-20-A0U-8766,"TREATMENT KIT, MSK AND BRACES/SPLINTS",6515-21-893-9765,SUPP KNEE X-ACTION (LG ),12,EA,WHSE,16.38,196.56,C,
6545-20-A0U-8766,"TREATMENT KIT, MSK AND BRACES/SPLINTS",6515-21-893-9766,SUPP KNEE X-ACTION (XL ),12,EA,WHSE,16.38,196.56,C,
6545-20-A0U-8766,"TREATMENT KIT, MSK AND BRACES/SPLINTS",6515-21-893-9768,"SUPP ANKL SPIR( M) 9.0""",12,EA,WHSE,11.37,136.44,C,
6545-20-A0U-8766,"TREATMENT KIT, MSK AND BRACES/SPLINTS",6515-21-893-9769,"SUPP ANKL SPIR( L)10.0""",12,EA,WHSE,11.6,139.2,C,
6545-20-A0U-8766,"TREATMENT KIT, MSK AND BRACES/SPLINTS",6515-21-896-0874,HANDGRIP CRUTCH (CLOSED),3,PR,WHSE,1.19,3.57,C,
6545-20-A0U-8766,"TREATMENT KIT, MSK AND BRACES/SPLINTS",6515-33-218-1647,"SUPPORT ELBOW, UNIVERSAL",12,EA,WHSE,28.13,337.56,C,
6545-20-A0U-8766,"TREATMENT KIT, MSK AND BRACES/SPLINTS",6515-CF-001-7300,"CRUTCH AXILLARY (ALU) ADULT-REGULAR 5'2"" TO 5'10"" PUSH-BUTTON ADJUSTABLE COMPL W/TIPS UNDERARM PADS AND GRIPS",3,PR,WHSE,38.59,115.77,D,
6545-20-A0U-8766,"TREATMENT KIT, MSK AND BRACES/SPLINTS",6515-CF-001-9387,WRIST & THUMB SUPP S-L,2,EA,WHSE,27.68,55.36,C,
6545-20-A0U-8766,"TREATMENT KIT, MSK AND BRACES/SPLINTS",6515-CF-001-9388,WRIST & THUMB SUPP M-L,2,EA,WHSE,27.68,55.36,C,
6545-20-A0U-8766,"TREATMENT KIT, MSK AND BRACES/SPLINTS",6515-CF-001-9389,WRIST & THUMB SUPP L-L,2,EA,WHSE,27.68,55.36,C,
6545-20-A0U-8766,"TREATMENT KIT, MSK AND BRACES/SPLINTS",6515-CF-002-8768,"BRACE, KNEE, HINGED, WRAP, BREATHABLE, M, 47CM TO 53CM",2,EA,WHSE,49.23,98.46,C,
6545-20-A0U-8766,"TREATMENT KIT, MSK AND BRACES/SPLINTS",6515-CF-002-8769,"BRACE, KNEE, HINGED, WRAP, BREATHABLE, L, 53CM TO 60CM",2,EA,WHSE,44.35,88.7,C,
6545-20-A0U-8766,"TREATMENT KIT, MSK AND BRACES/SPLINTS",6515-CF-002-8770,"BRACE, KNEE, HINGED, WRAP, BREATHABLE, XL, 60CM TO 67CM",2,EA,WHSE,48.19,96.38,C,
6545-20-A0U-8766,"TREATMENT KIT, MSK AND BRACES/SPLINTS",6530-21-880-6717,PAD COLD TMT,40,EA,WHSE,0.94,37.6,C,
6545-20-A0U-8766,"TREATMENT KIT, MSK AND BRACES/SPLINTS",6530-21-880-6718,PAD HEAT TMT,20,EA,WHSE,1.53,30.6,C,
6545-20-A0U-8766,"TREATMENT KIT, MSK AND BRACES/SPLINTS",6530-CF-001-7420,SPLINT TRACTION FEMORAL,1,EA,WHSE,140,140,D,
6545-20-A0U-8766,"TREATMENT KIT, MSK AND BRACES/SPLINTS",6530-CF-001-8723,RESTRAINT WRIST LEATHER,1,PR,WHSE,209.99,209.99,C,
6545-20-A0U-8766,"TREATMENT KIT, MSK AND BRACES/SPLINTS",6530-CF-001-8724,RESTRAINT ANKLE LEATHER,1,PR,WHSE,214.77,214.77,C,
6545-20-A0U-8760,"TREATMENT KIT, PHARMACY",6530-21-846-9540,CUP MEDICINE CLEAR PLASTIC 1OZ/30CC GRADUATED IN 'CC' AND 'ML' W/LINE MARKINGS (SPOON SIZES),200,EA,WHSE,0.01,2,C,
6545-20-A0U-8760,"TREATMENT KIT, PHARMACY",6530-21-862-7859,TRAY COUNTING CAPS/TABS,2,EA,WHSE,13.27,26.54,C,
6545-20-A0U-8760,"TREATMENT KIT, PHARMACY",6530-21-868-4459,PAPER SHEETING (TABLE),6,RO,WHSE,2.86,17.16,C,
6545-20-A0U-8760,"TREATMENT KIT, PHARMACY",6530-CF-005-0361,"VIAL, CHILD-PROOF SAFETY CAP, 20DR",350,EA,WHSE,0.26,91,C,
6545-20-A0U-8760,"TREATMENT KIT, PHARMACY",6530-CF-005-0377,"VIAL, 8.5DR, TO USE WITH CENTOR SCREW LOC CAP 6530-CF-005-0378",200,EA,WHSE,0.09,18,C,
6545-20-A0U-8760,"TREATMENT KIT, PHARMACY",6530-CF-005-0378,"CENTOR SCREW LOC CLOSURE, 8.5DR, USE WITH VIAL 6530-CF-005-0377",200,EA,WHSE,0.07,14,C,
6545-20-A0U-8760,"TREATMENT KIT, PHARMACY",7520-21-884-4614,DISPENSER WARNING LABELS,1,EA,WHSE,106.88,106.88,C,
6545-20-A0U-8763,"TREATMENT KIT, SUTURES AND TAPES",6510-20-002-1149,"TAPE ADHES SOFT BACK 12""(30CM)",1,RO,WHSE,64.78,64.78,C,
6545-20-A0U-8763,"TREATMENT KIT, SUTURES AND TAPES",6510-21-846-1218,TAPE ADH WHITE 2.5CMX9M,48,SL,WHSE,1.53,73.44,C,
6545-20-A0U-8763,"TREATMENT KIT, SUTURES AND TAPES",6510-21-847-0244,REMOVER ADH TAPE 500ML,2,BT,WHSE,11.37,22.74,C,
6545-20-A0U-8763,"TREATMENT KIT, SUTURES AND TAPES",6510-21-860-8463,SKIN CLOSURE 3 X 75MM,1,BX,WHSE,43.27,43.27,C,
6545-20-A0U-8763,"TREATMENT KIT, SUTURES AND TAPES",6510-21-860-8464,SKIN CLOSURE 6 X 75MM,1,BX,WHSE,44.55,44.55,C,
6545-20-A0U-8763,"TREATMENT KIT, SUTURES AND TAPES",6510-21-860-8466,SKIN CLOSURE 12 X 100MM,1,BX,WHSE,68.73,68.73,C,
6545-20-A0U-8763,"TREATMENT KIT, SUTURES AND TAPES",6515-00-044-8799,"SUTURE, NYLON, MONOFILAMENT, NON-ABSORBABLE, SIZE 4-0, 19MM REVERSE CUTTING EDGE 3/8 CIRCLE NEEDLE, THREAD LENGTH 18IN",12,EA,WHSE,2.74,32.88,C,
6545-20-A0U-8763,"TREATMENT KIT, SUTURES AND TAPES",6515-01-054-4267,"SUTURE, POLYPROPYLENE, MONOFILAMENT, NON-ABSORBABLE, SIZE 2-0, 26MM REVERSE CUTTING EDGE 3/8 CIRCLE NEEDLE, THREAD LENGTH 18IN",12,EA,WHSE,5.2,62.4,C,
6545-20-A0U-8763,"TREATMENT KIT, SUTURES AND TAPES",6515-01-222-8480,"SUTURE, PLAIN GUT, MONOFILAMENT, ABSORBABLE, SIZE 6-0, 11MM REVERSE CUTTING EDGE 3/8 CIRCLE NEEDLES, THREAD LENGTH 18IN, DOUBLE ARMED",1,BX,WHSE,304.49,304.49,C,
6545-20-A0U-8763,"TREATMENT KIT, SUTURES AND TAPES",6515-01-448-2946,"SUTURE, POLYPROPYLENE, MONOFILAMENT, NON-ABSORBABLE, SIZE 4-0, 13MM PRIME REVERSE CUTTING EDGE 3/8 CIRCLE NEEDLE, THREAD LENGTH 18IN",3,BX,WHSE,284.59,853.77,C,
6545-20-A0U-8763,"TREATMENT KIT, SUTURES AND TAPES",6515-01-611-9498,"SUTURE, POLYPROPYLENE, MONOFILAMENT, NON-ABSORBABLE, SIZE 6-0, 11MM PRIME REVERSE CUTTING EDGE 3/8 CIRCLE NEEDLE, THREAD LENGTH 18IN",12,EA,WHSE,11.32,135.84,C,
6545-20-A0U-8763,"TREATMENT KIT, SUTURES AND TAPES",6515-01-612-6715,"SUTURE, POLYGLACT 910, UNDYED BRAIDED, ABSORBABLE, SIZE 5-0, 13MM PRIME REVERSE CUTTING EDGE 3/8 CIRCLE NEEDLE, THREAD LENGTH 18IN",12,EA,WHSE,17.39,208.68,C,
6545-20-A0U-8763,"TREATMENT KIT, SUTURES AND TAPES",6515-21-116-0303,"SUTURE, NYLON, MONOFILAMENT, NON-ABSORBABLE, SIZE 4-0, 19MM CONVENTIONAL CUTTING 3/8 CIRLCE NEEDLE, THREAD LENGTH 18IN",1,BX,WHSE,94.38,94.38,C,
6545-20-A0U-8763,"TREATMENT KIT, SUTURES AND TAPES",6515-CF-000-7810,EXTRACTOR SKIN STAPLE,1,BX,WHSE,98.41,98.41,C,
6545-20-A0U-8763,"TREATMENT KIT, SUTURES AND TAPES",6515-CF-001-3749,STAPLER DISPOSABLE 35MM,1,BX,WHSE,109.09,109.09,C,
6545-20-A0U-8763,"TREATMENT KIT, SUTURES AND TAPES",6515-CF-001-8241,"SUTURE, NYLON, MONOFILAMENT, NON-ABSORBABLE, SIZE 3-0, 19MM PRIME REVERSE CUTTING EDGE 3/8 CIRCLE NEEDLE, THREAD LENGTH 18IN",1,BX,WHSE,340.91,340.91,C,
6545-20-A0U-8763,"TREATMENT KIT, SUTURES AND TAPES",6515-CF-002-8161,"KIT, SUTURE REMOVAL WITH LITTAUER SCISSORS, FINE-TIPPED FORCEP AND A 2IN(5CM) X 2IN(5CM)GAUZE.",12,KT,WHSE,1.93,23.16,C,
6545-20-A0U-8763,"TREATMENT KIT, SUTURES AND TAPES",6515-CF-002-8809,"SUTURE, TRICLOSAN & POLYGLACT 910, UNDYED BRAIDED, ABSORBABLE, SIZE 0, 40MM REVERSE CUTTING EDGE, THREAD LENGTH 27IN, ANTIBACTERIAL",1,BX,WHSE,192.09,192.09,C,
6545-20-A0U-8759,"TREATMENT KIT, WATER TESTING",4110-20-A0W-3694,"COLEMAN EXCURSION COOLER, 8.5L",1,EA,ExternalRqn,38,38,C,
6545-20-A0U-8759,"TREATMENT KIT, WATER TESTING",6240-01-465-7702,"LAMP,ULTRAVIOLET",1,EA,WHSE,248.32,248.32,D,
6545-20-A0U-8759,"TREATMENT KIT, WATER TESTING",6240-01-465-7712,"BULB, LIGHT, ULTRAVIOLET",1,EA,WHSE,51.02,51.02,C,
6545-20-A0U-8759,"TREATMENT KIT, WATER TESTING",6550-01-456-8981,"REAGENT, DPD FREE CHLORINE, POWDER PILLOW, 10ML, 0.02- 2.00 MG/L, FOR USE WITH COLORIMETER 6630-01-623-0976",2,PG,WHSE,55.24,110.48,C,
6545-20-A0U-8759,"TREATMENT KIT, WATER TESTING",6550-01-460-7597,"REAGENT, DPD TOTAL CHLORINE, POWDER PILLOW, 10ML, 0.02-2.00 mg/L, FOR USE WITH COLORIMETER 6630-01-623-0976",2,PG,WHSE,66.29,132.58,C,
6545-20-A0U-8759,"TREATMENT KIT, WATER TESTING",6550-01-504-0944,"CHLORINE TEST, REAGENT",1,SE,WHSE,398,398,C,
6545-20-A0U-8759,"TREATMENT KIT, WATER TESTING",6630-01-012-4093,"TEST PAPER, CHLORINE",1,EA,WHSE,10.78,10.78,C,
6545-20-A0U-8759,"TREATMENT KIT, WATER TESTING",6630-01-362-8299,COLILERT TEST (200 - TEST PACK),1,PG,WHSE,1992.02,1992.02,C,
6545-20-A0U-8759,"TREATMENT KIT, WATER TESTING",6630-01-388-4098,COMPARATOR PRES/ABS IDEX,1,EA,WHSE,16.03,16.03,C,
6545-20-A0U-8759,"TREATMENT KIT, WATER TESTING",6630-01-504-0940,"CELL,COLORIMETER",1,PG,WHSE,74.4,74.4,C,
6545-20-A0U-8759,"TREATMENT KIT, WATER TESTING",6630-01-520-8479,"SAMPLE CELL,COLORIMETER",1,EA,WHSE,75.2,75.2,C,
6545-20-A0U-8759,"TREATMENT KIT, WATER TESTING",6630-01-708-2306,"COLORIMETER, PHOTOELECTRIC, HAND-HELD, DR900",1,EA,ExternalRqn,3038,3038,D,
6545-20-A0U-8759,"TREATMENT KIT, WATER TESTING",6630-20-A0U-5012,"TEST STRIPS, CHLORINE, MICRO CHECK, 0.5-10 PPM (50EA/BT)",1,BT,WHSE,72.74,72.74,C,
6545-20-A0U-8759,"TREATMENT KIT, WATER TESTING",6640-01-389-7029,SAMPLING BOTTLE IDEXX,1,CS,WHSE,274.65,274.65,C,
6545-20-A0U-8759,"TREATMENT KIT, WATER TESTING",6640-01-504-2681,PLASTIC DROPPER,1,PG,WHSE,30.6,30.6,C,
6545-20-A0U-8759,"TREATMENT KIT, WATER TESTING",6810-01-183-4634,"REAGENT, DPD TOTAL CHLORINE, POWDER PILLOW, 25ML, 0.1-10 MG/L, FOR USE WITH COLORIMETER 6630-01-623-0976",1,PG,WHSE,63.42,63.42,C,
6545-20-A0U-8759,"TREATMENT KIT, WATER TESTING",6810-01-457-5431,"SOLUTION, PHENOL RED INDICATOR, 6.5-8.5 PH, 50ML, SPEC GRADE",2,BT,WHSE,35.2,70.4,C,
6545-20-A0U-8759,"TREATMENT KIT, WATER TESTING",6810-01-494-3679,"REAGENT, DPD FREE CHLORINE, POWDER PILLOW, 25ML, 0.1-10 MG/L, FOR USE WITH COLORIMETER 6630-01-623-0976",1,PG,WHSE,61.31,61.31,C,
6545-20-A0U-8759,"TREATMENT KIT, WATER TESTING",8145-01-620-7942,DR COLORIMETER CARRYING CASE,1,EA,WHSE,380,380,C,
6545-20-A0U-8722,"TREATMENT, SET, CORE, MAJOR NAVAL WARSHIP, MEDICAL TREATMENT FACILITY.",6545-20-A0U-8754,"TREATMENT KIT, MEDICATIONS, MAJOR NAVAL WARSHIP",1,KT,WHSE,15264.6,15264.6,D,Y
6545-20-A0U-8722,"TREATMENT, SET, CORE, MAJOR NAVAL WARSHIP, MEDICAL TREATMENT FACILITY.",6545-20-A0U-8755,"TREATMENT KIT, BANDAGES/DRESSINGS AND TRAYS, MAJOR NAVAL WARSHIP, MEDICAL TREATMENT FACILITY",1,KT,WHSE,7818.37,7818.37,C,Y
6545-20-A0U-8722,"TREATMENT, SET, CORE, MAJOR NAVAL WARSHIP, MEDICAL TREATMENT FACILITY.",6545-20-A0U-8757,"TREATMENT KIT, BLOOD COLLECTION",1,KT,WHSE,213.73,213.73,D,Y
6545-20-A0U-8722,"TREATMENT, SET, CORE, MAJOR NAVAL WARSHIP, MEDICAL TREATMENT FACILITY.",6545-20-A0U-8758,"TREATMENT KIT, LAB POC AND TESTING KITS",1,KT,WHSE,1534.73,1534.73,D,Y
6545-20-A0U-8722,"TREATMENT, SET, CORE, MAJOR NAVAL WARSHIP, MEDICAL TREATMENT FACILITY.",6545-20-A0U-8759,"TREATMENT KIT, WATER TESTING",1,KT,WHSE,4645.8,4645.8,D,Y
6545-20-A0U-8722,"TREATMENT, SET, CORE, MAJOR NAVAL WARSHIP, MEDICAL TREATMENT FACILITY.",6545-20-A0U-8760,"TREATMENT KIT, PHARMACY",1,KT,WHSE,168.02,168.02,D,Y
6545-20-A0U-8722,"TREATMENT, SET, CORE, MAJOR NAVAL WARSHIP, MEDICAL TREATMENT FACILITY.",6545-20-A0U-8761,"TREATMENT KIT, IV/IO AND FLUIDS, MAJOR NAVAL WARSHIP",1,KT,WHSE,7808.24,7808.24,D,Y
6545-20-A0U-8722,"TREATMENT, SET, CORE, MAJOR NAVAL WARSHIP, MEDICAL TREATMENT FACILITY.",6545-20-A0U-8762,"TREATMENT KIT, INSTRUMENTS, MAJOR NAVAL WARSHIP",1,KT,WHSE,5592.14,5592.14,D,Y
6545-20-A0U-8722,"TREATMENT, SET, CORE, MAJOR NAVAL WARSHIP, MEDICAL TREATMENT FACILITY.",6545-20-A0U-8763,"TREATMENT KIT, SUTURES AND TAPES",1,KT,WHSE,2253.04,2253.04,D,Y
6545-20-A0U-8722,"TREATMENT, SET, CORE, MAJOR NAVAL WARSHIP, MEDICAL TREATMENT FACILITY.",6545-20-A0U-8764,"TREATMENT KIT, HYGIENE AND PPE",1,KT,WHSE,2692.73,2692.73,D,Y
6545-20-A0U-8722,"TREATMENT, SET, CORE, MAJOR NAVAL WARSHIP, MEDICAL TREATMENT FACILITY.",6545-20-A0U-8765,"TREATMENT KIT, ENT, UROLOGY, OPHTHALMO, CHEST, GI AND GENERAL",1,KT,WHSE,9111.49,9111.49,D,Y
6545-20-A0U-8722,"TREATMENT, SET, CORE, MAJOR NAVAL WARSHIP, MEDICAL TREATMENT FACILITY.",6545-20-A0U-8766,"TREATMENT KIT, MSK AND BRACES/SPLINTS",1,KT,WHSE,4926.15,4926.15,D,Y
6545-20-A0U-8722,"TREATMENT, SET, CORE, MAJOR NAVAL WARSHIP, MEDICAL TREATMENT FACILITY.",6545-20-A0U-8767,"TREATMENT KIT, DIAGNOSTIC AND SCOPES, MAJOR NAVAL WARSHIP",1,KT,WHSE,9777.72,9777.72,D,Y
6545-20-A0U-8722,"TREATMENT, SET, CORE, MAJOR NAVAL WARSHIP, MEDICAL TREATMENT FACILITY.",6545-20-A0U-8770,"TREATMENT KIT, GENERAL SUPPLY (DSC)",1,KT,WHSE,473.47,473.47,D,Y
6545-20-A0U-8722,"TREATMENT, SET, CORE, MAJOR NAVAL WARSHIP, MEDICAL TREATMENT FACILITY.",6545-20-A0U-9002,"TREATMENT KIT, MAJOR MEDICAL EQUIPMENT AND RELATED CONSUMABLES, MAJOR NAVAL WARSHIP, MEDICAL TREATMENT FACILITY.",1,KT,WHSE,29858.22,29858.22,D,Y
