NSN,Description,Unit of Measure,Total Quantity,Kit Count,Unit Price,Accountability Code,Source,Is Kit,Kit Membership
4110-20-A0W-3694,"COLEMAN EXCURSION COOLER, 8.5L",EA,1,1,38,C,ExternalRqn,,"TREATMENT KIT, WATER TESTING (6545-20-A0U-8759) x1"
4240-20-011-8588,"BLANKET,SURVIVAL. FOIL/MYLAR W142CM x L203CM",EA,12,2,1.39,C,WHSE,,"KIT, MARITIME R1 MTF, MASCAL, EVACUATION, TRAUMA (6545-CF-005-0438) x10; KIT, TREATMENT, MED TECH, BAG (6545-CF-002-1002) x2"
5110-21-116-4211,KNIFE PLASTER CAST CUT,EA,1,1,57.05,C,ExternalRqn,,"TREATMENT KIT, MSK AND BRACES/SPLINTS (6545-20-A0U-8766) x1"
5120-21-116-4929,WRENCH BOX GAS CYLINDER,EA,10,1,3.43,C,WHSE,,"TREATMENT KIT, MAJOR MEDICAL EQUIPMENT AND RELATED CONSUMABLES, MAJOR NAVAL WARSHIP, MEDICAL TREATMENT FACILITY. (6545-20-A0U-9002) x10"
5120-21-863-0096,"PLIERS, JEWELLERS, 5IN",EA,1,1,5,C,ExternalRqn,,"TREATMENT KIT, GENERAL SUPPLY (DSC) (6545-20-A0U-8770) x1"
5210-21-907-6461,"TAPE MEASURING 1.5M(60"")",EA,9,1,2.67,C,WHSE,,"TREATMENT KIT, GENERAL SUPPLY (DSC) (6545-20-A0U-8770) x9"
5340-01-518-5148,PATIENT RESTRAINT 7F 2PC,EA,2,1,37.38,C,WHSE,,"TREATMENT KIT, MAJOR MEDICAL EQUIPMENT AND RELATED CONSUMABLES, MAJOR NAVAL WARSHIP, MEDICAL TREATMENT FACILITY. (6545-20-A0U-9002) x2"
5340-01-682-0499,"CAP-PLUG,PROTECTIVE,DUST AND MOISTURE SEAL",EA,12,3,0.12,C,WHSE,,"KIT, TMT CRASH CART, MAJOR WARSHIP, MEDICAL TREATMENT FACILITY (6545-20-A0U-7793) x5; KIT, MARITIME R1 MTF, MASCAL, EVACUATION, TRAUMA (6545-CF-005-0438) x5; KIT, TREATMENT, MED TECH, BAG (6545-CF-002-1002) x2"
5340-21-868-8442,"SEAL, ANTIPILFERAGE, LEAD WIRE",EA,8,2,0.1,C,ExternalRqn,,TRANSIT UNIT MEDICAL SPECIMEN FATAL ACCIDENT (6545-21-912-4986) x4; TRANSIT UNIT MEDICAL SPECIMEN NON-FATAL ACCIDENT (6545-21-912-4985) x4
6130-01-679-5815,"BATTERY PACK, PUMP, INTRAVENOUS INFUSION WITHOUT WIFI",EA,1,1,143.29,D,WHSE,,"TREATMENT KIT, MAJOR MEDICAL EQUIPMENT AND RELATED CONSUMABLES, MAJOR NAVAL WARSHIP, MEDICAL TREATMENT FACILITY. (6545-20-A0U-9002) x1"
6130-CF-002-9300,"POWER SUPPLY FOR BASE UNIT KIT, ANALYZER, BLOOD GLUCOSE 6630-CF-002-9302",EA,1,1,41.83,D,WHSE,,"TREATMENT KIT, LAB POC AND TESTING KITS (6545-20-A0U-8758) x1"
6135-00-826-4798,"BATTERY, ALKALINE, AAA",EA,10,1,0.37,C,ExternalRqn,,"TREATMENT KIT, MAJOR MEDICAL EQUIPMENT AND RELATED CONSUMABLES, MAJOR NAVAL WARSHIP, MEDICAL TREATMENT FACILITY. (6545-20-A0U-9002) x10"
6135-21-892-7266,"BATTERY, C CELL",EA,18,3,1.44,C,ExternalRqn,,"KIT, TMT CRASH CART, MAJOR WARSHIP, MEDICAL TREATMENT FACILITY (6545-20-A0U-7793) x4; TREATMENT KIT, GENERAL SUPPLY (DSC) (6545-20-A0U-8770) x10; KIT, MARITIME R1 MTF, MASCAL, EVACUATION, TRAUMA (6545-CF-005-0438) x4"
6135-21-892-7267,BATTERY 1.5V TYPE AA,EA,30,4,0.48,C,ExternalRqn,,"TREATMENT KIT, DIAGNOSTIC AND SCOPES, MAJOR NAVAL WARSHIP (6545-20-A0U-8767) x6; TREATMENT KIT, GENERAL SUPPLY (DSC) (6545-20-A0U-8770) x10; TREATMENT KIT, MAJOR MEDICAL EQUIPMENT AND RELATED CONSUMABLES, MAJOR NAVAL WARSHIP, MEDICAL TREATMENT FACILITY. (6545-20-A0U-9002) x10; KIT, MARITIME R1 MTF, MASCAL, EVACUATION, TRAUMA (6545-CF-005-0438) x4"
6135-21-892-7268,BATTERY 1.5V TYPE D,EA,4,1,1.16,D,ExternalRqn,,"KIT, MARITIME R1 MTF, MASCAL, EVACUATION, TRAUMA (6545-CF-005-0438) x4"
6150-01-680-2292,"CORD, ELECTRICAL, PUMP, INTRAVENOUS INFUSION",EA,1,1,169.24,D,WHSE,,"TREATMENT KIT, MAJOR MEDICAL EQUIPMENT AND RELATED CONSUMABLES, MAJOR NAVAL WARSHIP, MEDICAL TREATMENT FACILITY. (6545-20-A0U-9002) x1"
6150-12-395-0168,"CABLE, COMBI LEAD POWER CABLE-TRIPLE TAIL, FOR USE WITH B BRAUN SPACE PUMP",EA,1,1,212.47,D,WHSE,,"TREATMENT KIT, MAJOR MEDICAL EQUIPMENT AND RELATED CONSUMABLES, MAJOR NAVAL WARSHIP, MEDICAL TREATMENT FACILITY. (6545-20-A0U-9002) x1"
6230-00-125-5528,FLASHLIGHT DISP 11CM LG,EA,12,3,3.02,C,WHSE,,"KIT, TMT CRASH CART, MAJOR WARSHIP, MEDICAL TREATMENT FACILITY (6545-20-A0U-7793) x10; KIT, MARITIME R1 MTF, MASCAL, EVACUATION, TRAUMA (6545-CF-005-0438) x1; KIT, TREATMENT, MED TECH, BAG (6545-CF-002-1002) x1"
6230-00-161-6422,"FLASHLIGHT, CFSS ITEM - CONTAINED IN MEDICAL KITS/SETS; 2 CELL, WITHOUT BATTERIES",EA,1,1,0,C,ExternalRqn,,"KIT, MARITIME R1 MTF, MASCAL, EVACUATION, TRAUMA (6545-CF-005-0438) x1"
6230-20-000-9253,LIGHT HEADBAND GEN PURP,EA,16,2,24,C,ExternalRqn,,"TREATMENT KIT, GENERAL SUPPLY (DSC) (6545-20-A0U-8770) x15; KIT, TREATMENT, MED TECH, BAG (6545-CF-002-1002) x1"
6230-CF-001-9910,VAGINAL SPECULUM ILLUMINATION SYSTEM CORDLESS WITH CHARGING STATION,EA,1,1,330.44,D,WHSE,,"TREATMENT KIT, DIAGNOSTIC AND SCOPES, MAJOR NAVAL WARSHIP (6545-20-A0U-8767) x1"
6240-00-295-2652,BULB REPLACEMENT 6IN,EA,1,1,11.86,C,WHSE,,"TREATMENT KIT, DIAGNOSTIC AND SCOPES, MAJOR NAVAL WARSHIP (6545-20-A0U-8767) x1"
6240-01-465-7702,"LAMP,ULTRAVIOLET",EA,2,2,248.32,D,WHSE,,"TREATMENT KIT, MAJOR MEDICAL EQUIPMENT AND RELATED CONSUMABLES, MAJOR NAVAL WARSHIP, MEDICAL TREATMENT FACILITY. (6545-20-A0U-9002) x1; TREATMENT KIT, WATER TESTING (6545-20-A0U-8759) x1"
6240-01-465-7712,"BULB, LIGHT, ULTRAVIOLET",EA,2,2,51.02,C,WHSE,,"TREATMENT KIT, MAJOR MEDICAL EQUIPMENT AND RELATED CONSUMABLES, MAJOR NAVAL WARSHIP, MEDICAL TREATMENT FACILITY. (6545-20-A0U-9002) x1; TREATMENT KIT, WATER TESTING (6545-20-A0U-8759) x1"
6240-CF-001-7021,LAMP(BULB)OTOSCOPE 2.5V,EA,1,1,20.95,C,WHSE,,"TREATMENT KIT, DIAGNOSTIC AND SCOPES, MAJOR NAVAL WARSHIP (6545-20-A0U-8767) x1"
6240-CF-002-6268,LAMP RP 2.5V OP PCKTSCP,EA,1,1,30,C,WHSE,,"TREATMENT KIT, DIAGNOSTIC AND SCOPES, MAJOR NAVAL WARSHIP (6545-20-A0U-8767) x1"
6240-CF-002-8108,LAMP HALO 3.5V MACROVIEW,EA,2,2,23.94,C,WHSE,,"TREATMENT KIT, DIAGNOSTIC AND SCOPES, MAJOR NAVAL WARSHIP (6545-20-A0U-8767) x1; KIT, MARITIME R1 MTF, MASCAL, EVACUATION, TRAUMA (6545-CF-005-0438) x1"
6505-00-299-8614,PROCAINAM 100MG/ML-10ML,BT,20,1,84.63,D,WHSE,,"KIT, TMT CRASH CART, MAJOR WARSHIP, MEDICAL TREATMENT FACILITY (6545-20-A0U-7793) x20"
6505-00-584-3131,LIDOCAINE 2% JELLY 30ML,TU,6,1,21.11,C,WHSE,,"KIT, TMT CRASH CART, MAJOR WARSHIP, MEDICAL TREATMENT FACILITY (6545-20-A0U-7793) x6"
6505-00-598-6117,LIDOCAINE 2% INJ 20ML,BT,5,1,6.98,C,WHSE,,"TREATMENT KIT, MEDICATIONS, MAJOR NAVAL WARSHIP (6545-20-A0U-8754) x5"
6505-00-935-1000,THIAMINE HCL 100MG/ML,BT,1,1,16.63,C,WHSE,,"TREATMENT KIT, MEDICATIONS, MAJOR NAVAL WARSHIP (6545-20-A0U-8754) x1"
6505-00-963-5355,DEXAM INJ 4MG/ML-5ML MUL,BT,7,2,8.21,D,WHSE,,"KIT, TREATMENT, MEDICATIONS, MED TECH BAG (6545-CF-002-8529) x2; TREATMENT KIT, MEDICATIONS, MAJOR NAVAL WARSHIP (6545-20-A0U-8754) x5"
6505-01-015-1405,CLOTRIMAZOLE CRM 1%-30GM,TU,72,1,10.43,C,WHSE,,"TREATMENT KIT, MEDICATIONS, MAJOR NAVAL WARSHIP (6545-20-A0U-8754) x72"
6505-01-063-9993,LUBRICANT SURGICAL 3.5G,EA,105,2,0.17,C,WHSE,,"KIT, TMT CRASH CART, MAJOR WARSHIP, MEDICAL TREATMENT FACILITY (6545-20-A0U-7793) x100; KIT, TREATMENT, MEDICATIONS, MED TECH BAG (6545-CF-002-8529) x5"
6505-01-074-7588,CEFOXITIN PWDR INJ 1GM,BT,12,2,10.6,D,WHSE,,"KIT, TREATMENT, MEDICATIONS, MED TECH BAG (6545-CF-002-8529) x2; TREATMENT KIT, MEDICATIONS, MAJOR NAVAL WARSHIP (6545-20-A0U-8754) x10"
6505-01-131-3855,VERAPAMIL INJ 5MG/2ML,EA,5,1,33.37,D,WHSE,,"KIT, TMT CRASH CART, MAJOR WARSHIP, MEDICAL TREATMENT FACILITY (6545-20-A0U-7793) x5"
6505-01-215-4825,INSULIN (REG) HUMULIN-R,EA,10,1,22.43,C,WHSE,,"TREATMENT KIT, MEDICATIONS, MAJOR NAVAL WARSHIP (6545-20-A0U-8754) x10"
6505-01-236-8880,ENALAPRIL MALEATE 5MG,EA,100,1,0.09,D,WHSE,,"KIT, TMT CRASH CART, MAJOR WARSHIP, MEDICAL TREATMENT FACILITY (6545-20-A0U-7793) x100"
6505-01-256-4972,PERMETHRIN 1% CRM RINSE,BT,10,1,12.11,C,WHSE,,"TREATMENT KIT, MEDICATIONS, MAJOR NAVAL WARSHIP (6545-20-A0U-8754) x10"
6505-01-273-8650,CIPROFLOXACIN TB 500MG,EA,200,1,0.31,D,WHSE,,"TREATMENT KIT, MEDICATIONS, MAJOR NAVAL WARSHIP (6545-20-A0U-8754) x200"
6505-01-302-0220,MUPIROCIN OINT 2% - 15GM,TU,10,1,7.6,C,WHSE,,"TREATMENT KIT, MEDICATIONS, MAJOR NAVAL WARSHIP (6545-20-A0U-8754) x10"
6505-01-534-2779,"DEXTROSE 5%, FOR INJECTION, 500ML, IV BAG",EA,2,1,6.13,C,WHSE,,"KIT, TMT CRASH CART, MAJOR WARSHIP, MEDICAL TREATMENT FACILITY (6545-20-A0U-7793) x2"
6505-20-001-0114,AZITHROMYCIN IV 500MG,VI,5,1,18.16,D,WHSE,,"TREATMENT KIT, MEDICATIONS, MAJOR NAVAL WARSHIP (6545-20-A0U-8754) x5"
6505-20-001-0606,ENOXAPARIN SOD 100MG/ML,EA,10,1,7.09,D,WHSE,,"TREATMENT KIT, MEDICATIONS, MAJOR NAVAL WARSHIP (6545-20-A0U-8754) x10"
6505-20-001-1183,BECLO DIP QVAR 50MCG,CN,3,1,43.9,D,WHSE,,"TREATMENT KIT, MEDICATIONS, MAJOR NAVAL WARSHIP (6545-20-A0U-8754) x3"
6505-20-001-1495,CLOPIDOGREL BISULFATE TA,EA,28,1,2.82,D,WHSE,,"TREATMENT KIT, MEDICATIONS, MAJOR NAVAL WARSHIP (6545-20-A0U-8754) x28"
6505-20-001-2711,PANTOPRAZOLE 40MG/10ML,VI,10,1,10.96,D,WHSE,,"TREATMENT KIT, MEDICATIONS, MAJOR NAVAL WARSHIP (6545-20-A0U-8754) x10"
6505-20-001-2721,PANTOPRAZOLE TB-DELAYED RELEASE 40MG,EA,200,1,0.15,D,WHSE,,"TREATMENT KIT, MEDICATIONS, MAJOR NAVAL WARSHIP (6545-20-A0U-8754) x200"
6505-20-002-1827,DIPHENH INJ 50MG/ML-1ML,EA,51,3,4.04,C,WHSE,,"KIT, TMT CRASH CART, MAJOR WARSHIP, MEDICAL TREATMENT FACILITY (6545-20-A0U-7793) x30; KIT, MARITIME R1 MTF, MASCAL, EVACUATION, TRAUMA (6545-CF-005-0438) x20; KIT, TREATMENT, MEDICATIONS, MED TECH BAG (6545-CF-002-8529) x1"
6505-20-002-2014,DIMENHYDRINATE CAPLET,EA,2016,1,0.4,C,WHSE,,"TREATMENT KIT, MEDICATIONS, MAJOR NAVAL WARSHIP (6545-20-A0U-8754) x2016"
6505-20-002-2214,METOPROLOL TARTR 1MG/ML,EA,5,1,6.37,D,WHSE,,"KIT, TMT CRASH CART, MAJOR WARSHIP, MEDICAL TREATMENT FACILITY (6545-20-A0U-7793) x5"
6505-20-002-2285,AMIODARONE 50MG/ML,VI,10,1,53.35,D,WHSE,,"KIT, TMT CRASH CART, MAJOR WARSHIP, MEDICAL TREATMENT FACILITY (6545-20-A0U-7793) x10"
6505-20-002-2287,LIDOCAINE SOLN 10MG/DOSE,EA,3,1,82.02,C,WHSE,,"KIT, TMT CRASH CART, MAJOR WARSHIP, MEDICAL TREATMENT FACILITY (6545-20-A0U-7793) x3"
6505-20-002-2937,NITRO PATCH 0.2MG/H DISC,BX,1,1,13.39,D,WHSE,,"TREATMENT KIT, MEDICATIONS, MAJOR NAVAL WARSHIP (6545-20-A0U-8754) x1"
6505-20-010-9611,"IRRIGATION SOLUTION, OPTHALMIC, 120ML",BT,25,2,4.41,C,WHSE,,"KIT, MARITIME R1 MTF, MASCAL, EVACUATION, TRAUMA (6545-CF-005-0438) x1; TREATMENT KIT, MEDICATIONS, MAJOR NAVAL WARSHIP (6545-20-A0U-8754) x24"
6505-20-011-3051,NALOXONE HCL .4MG/ML,VI,1,1,138.45,D,WHSE,,"KIT, TREATMENT, MEDICATIONS, MED TECH BAG (6545-CF-002-8529) x1"
6505-20-011-3740,"LEVONORGESTREL, 1.5MG, TABLET",EA,2,1,4.3,C,WHSE,,"TREATMENT KIT, MEDICATIONS, MAJOR NAVAL WARSHIP (6545-20-A0U-8754) x2"
6505-20-011-3933,ZOPICLONE 7.5MG TABS,EA,100,1,0.12,D,WHSE,,"TREATMENT KIT, MEDICATIONS, MAJOR NAVAL WARSHIP (6545-20-A0U-8754) x100"
6505-20-011-3951,FEXOFENADINE HCL 60 MG,PG,1,1,11,C,WHSE,,"KIT, TREATMENT, MEDICATIONS, MED TECH BAG (6545-CF-002-8529) x1"
6505-20-011-4032,LORATADINE TB 10MG,EA,300,1,0.63,C,WHSE,,"TREATMENT KIT, MEDICATIONS, MAJOR NAVAL WARSHIP (6545-20-A0U-8754) x300"
6505-20-011-4045,"CEPHALEXIN, 500MG, TABLET",EA,200,1,0.09,D,WHSE,,"TREATMENT KIT, MEDICATIONS, MAJOR NAVAL WARSHIP (6545-20-A0U-8754) x200"
6505-20-011-4194,CITALOPRAM HYDRO TB 20MG,EA,100,1,0.13,D,WHSE,,"TREATMENT KIT, MEDICATIONS, MAJOR NAVAL WARSHIP (6545-20-A0U-8754) x100"
6505-20-011-4229,QUETIAPINE TABLET 25MG,EA,100,1,0.04,D,WHSE,,"TREATMENT KIT, MEDICATIONS, MAJOR NAVAL WARSHIP (6545-20-A0U-8754) x100"
6505-20-011-4586,"VACCINE, COMBINED, TD, TD ADSORBED, 1 DOSE VIAL",VI,10,1,26.15,C,WHSE,,"TREATMENT KIT, MEDICATIONS, MAJOR NAVAL WARSHIP (6545-20-A0U-8754) x10"
6505-20-011-4591,TOBRAMYCIN OPHTHALMIC OINTMENT 3MG/G,TU,12,1,10.02,D,WHSE,,"TREATMENT KIT, MEDICATIONS, MAJOR NAVAL WARSHIP (6545-20-A0U-8754) x12"
6505-20-011-4598,POLYMYXIN B SULFATE AND GRAMICIDIN OPHTHALMIC SOLN 10000 UNITS AND 25UG/ML IN 10-15ML DROPPER BOTTLE,BT,13,2,14.26,,WHSE,,"KIT, MARITIME R1 MTF, MASCAL, EVACUATION, TRAUMA (6545-CF-005-0438) x1; TREATMENT KIT, MEDICATIONS, MAJOR NAVAL WARSHIP (6545-20-A0U-8754) x12"
6505-20-012-2554,"KETAMINE HYDROCHLORIDE 50MG/ML, 10ML VIAL",VI,1,1,55.1,C,WHSE,,"KIT, TREATMENT, MEDICATIONS, MED TECH BAG (6545-CF-002-8529) x1"
6505-20-012-2830,CODEINE PHOSPHATE AND ACETAMINOPHEN TABLETS,EA,200,1,0.09,D,WHSE,,"TREATMENT KIT, MEDICATIONS, MAJOR NAVAL WARSHIP (6545-20-A0U-8754) x200"
6505-20-012-3134,FAMOTIDINE 20MG TABLET,EA,500,1,0.48,C,WHSE,,"TREATMENT KIT, MEDICATIONS, MAJOR NAVAL WARSHIP (6545-20-A0U-8754) x500"
6505-20-012-4826,"LUBRICATING GEL, SURGICAL",TU,4,3,1.85,C,WHSE,,"KIT, TMT CRASH CART, MAJOR WARSHIP, MEDICAL TREATMENT FACILITY (6545-20-A0U-7793) x2; KIT, MARITIME R1 MTF, MASCAL, EVACUATION, TRAUMA (6545-CF-005-0438) x1; KIT, TREATMENT, MED TECH, BAG (6545-CF-002-1002) x1"
6505-20-012-6991,SALBUTAMOL SULFATE 1MG/ML 2.5ML NEBULE INHALATION SOLUTION,PG,21,2,7.23,C,WHSE,,"KIT, TMT CRASH CART, MAJOR WARSHIP, MEDICAL TREATMENT FACILITY (6545-20-A0U-7793) x20; KIT, TREATMENT, MEDICATIONS, MED TECH BAG (6545-CF-002-8529) x1"
6505-20-012-7613,"APPLICATOR,SILVER NITRATE",PG,1,1,30.67,C,WHSE,,"TREATMENT KIT, MEDICATIONS, MAJOR NAVAL WARSHIP (6545-20-A0U-8754) x1"
6505-20-012-9775,BENZTROPINE 1 MG TABLET,EA,1000,1,0.06,C,WHSE,,"TREATMENT KIT, MEDICATIONS, MAJOR NAVAL WARSHIP (6545-20-A0U-8754) x1000"
6505-20-013-2414,"SODIUM THIOSULFATE 250MG/ML, 50ML VIAL",VI,10,1,121.8,C,WHSE,,"TREATMENT KIT, MEDICATIONS, MAJOR NAVAL WARSHIP (6545-20-A0U-8754) x10"
6505-20-013-3462,POVIDONE-IODINE TOPICAL SOLUTION 10% (450 ML) ),BT,2,1,9.11,C,WHSE,,"TREATMENT KIT, MEDICATIONS, MAJOR NAVAL WARSHIP (6545-20-A0U-8754) x2"
6505-21-114-6151,BISACODYL SUPPS 10MG,EA,10,1,0.48,C,WHSE,,"TREATMENT KIT, MEDICATIONS, MAJOR NAVAL WARSHIP (6545-20-A0U-8754) x10"
6505-21-114-6342,SOD PHOSPH ENEMA 100ML,BT,6,1,3.38,C,WHSE,,"TREATMENT KIT, MEDICATIONS, MAJOR NAVAL WARSHIP (6545-20-A0U-8754) x6"
6505-21-114-6670,BISACODYL TB-EC 5MG,EA,200,1,0.07,C,WHSE,,"TREATMENT KIT, MEDICATIONS, MAJOR NAVAL WARSHIP (6545-20-A0U-8754) x200"
6505-21-114-6675,CALCIUM GLUCON 10% INJ,EA,2,1,20.23,C,WHSE,,"KIT, TMT CRASH CART, MAJOR WARSHIP, MEDICAL TREATMENT FACILITY (6545-20-A0U-7793) x2"
6505-21-114-6713,DIMENHYD TB 50MG,EA,100,1,0.14,C,WHSE,,"KIT, TREATMENT, MEDICATIONS, MED TECH BAG (6545-CF-002-8529) x100"
6505-21-114-6714,"DIPHENHYDRAMINE HCL, 50MG, CAPSULES OR TABLETS",EA,300,2,0.13,C,WHSE,,"KIT, TMT CRASH CART, MAJOR WARSHIP, MEDICAL TREATMENT FACILITY (6545-20-A0U-7793) x200; KIT, TREATMENT, MEDICATIONS, MED TECH BAG (6545-CF-002-8529) x100"
6505-21-114-6715,PHENYTOIN CP-SR 100MG,EA,100,1,0.11,D,WHSE,,"KIT, TMT CRASH CART, MAJOR WARSHIP, MEDICAL TREATMENT FACILITY (6545-20-A0U-7793) x100"
6505-21-114-6722,EPINEPHRINE 1 MG/ML INJ,AM,12,2,1.67,C,WHSE,,"KIT, TMT CRASH CART, MAJOR WARSHIP, MEDICAL TREATMENT FACILITY (6545-20-A0U-7793) x10; KIT, TREATMENT, MEDICATIONS, MED TECH BAG (6545-CF-002-8529) x2"
6505-21-114-6763,(D)ANESTHETIC LIDOCAINE,BX,0.2,1,9.4,C,WHSE,,"KIT, R1, DENTAL EMERGENCY, PA/MO (6545-CF-005-0890) x0.2"
6505-21-114-6764,LIDOCAINE 2% W/EPI 20ML,BT,4,2,10.15,D,WHSE,,"KIT, TREATMENT, MEDICATIONS, MED TECH BAG (6545-CF-002-8529) x2; TREATMENT KIT, MEDICATIONS, MAJOR NAVAL WARSHIP (6545-20-A0U-8754) x2"
6505-21-116-0041,PENICILLIN-VK TB 300MG,EA,500,1,0.19,D,WHSE,,"TREATMENT KIT, MEDICATIONS, MAJOR NAVAL WARSHIP (6545-20-A0U-8754) x500"
6505-21-116-0043,PREDNISONE TABS 5MG,EA,100,1,0.02,D,WHSE,,"TREATMENT KIT, MEDICATIONS, MAJOR NAVAL WARSHIP (6545-20-A0U-8754) x100"
6505-21-116-0061,PROTAMINE SULFATE 10 MG,BT,2,1,11.05,C,WHSE,,"TREATMENT KIT, MEDICATIONS, MAJOR NAVAL WARSHIP (6545-20-A0U-8754) x2"
6505-21-116-0364,LIDOCAINE 1% W/EPI (1:1),BT,2,1,13,C,WHSE,,"KIT, TREATMENT, MEDICATIONS, MED TECH BAG (6545-CF-002-8529) x2"
6505-21-843-5280,AMPICILLIN SODIUM 500MG,BT,20,1,3.09,D,WHSE,,"TREATMENT KIT, MEDICATIONS, MAJOR NAVAL WARSHIP (6545-20-A0U-8754) x20"
6505-21-843-5826,BACITRACIN ZINC OINT,TU,52,3,4.95,C,WHSE,,"KIT, MARITIME R1 MTF, MASCAL, EVACUATION, TRAUMA (6545-CF-005-0438) x2; KIT, TREATMENT, MEDICATIONS, MED TECH BAG (6545-CF-002-8529) x2; TREATMENT KIT, MEDICATIONS, MAJOR NAVAL WARSHIP (6545-20-A0U-8754) x48"
6505-21-843-7900,NOREPINEPHRINE 1MG/ML,EA,10,1,7.83,C,WHSE,,"KIT, TMT CRASH CART, MAJOR WARSHIP, MEDICAL TREATMENT FACILITY (6545-20-A0U-7793) x10"
6505-21-844-4002,"ZINC OXIDE 15%, OINTMENT, 30 AND 60G TUBE",TU,24,1,3.21,C,WHSE,,"TREATMENT KIT, MEDICATIONS, MAJOR NAVAL WARSHIP (6545-20-A0U-8754) x24"
6505-21-844-6131,MORPH SULF 10MG/ML-1ML,EA,16,2,2.31,D,WHSE,,"KIT, TMT CRASH CART, MAJOR WARSHIP, MEDICAL TREATMENT FACILITY (6545-20-A0U-7793) x10; KIT, TREATMENT, MEDICATIONS, MED TECH BAG (6545-CF-002-8529) x6"
6505-21-846-1276,DIAZEPAM N-CHW TB-SC 5MG,EA,100,1,0.17,D,WHSE,,"KIT, TMT CRASH CART, MAJOR WARSHIP, MEDICAL TREATMENT FACILITY (6545-20-A0U-7793) x100"
6505-21-846-8247,ANTACID & ANTIFLATULENT,BT,48,1,3.87,C,WHSE,,"TREATMENT KIT, MEDICATIONS, MAJOR NAVAL WARSHIP (6545-20-A0U-8754) x48"
6505-21-846-9956,BENZTROP MESYL 1MG/ML,EA,6,1,24.45,D,WHSE,,"TREATMENT KIT, MEDICATIONS, MAJOR NAVAL WARSHIP (6545-20-A0U-8754) x6"
6505-21-847-0131,(D)TRIAMCINOL .1% 7.5GR,TU,13,2,11.71,D,WHSE,,"KIT, R1, DENTAL EMERGENCY, PA/MO (6545-CF-005-0890) x1; TREATMENT KIT, MEDICATIONS, MAJOR NAVAL WARSHIP (6545-20-A0U-8754) x12"
6505-21-847-0464,HYDROXYZINE 25MG CAPSULE,EA,100,1,0.24,D,WHSE,,"TREATMENT KIT, MEDICATIONS, MAJOR NAVAL WARSHIP (6545-20-A0U-8754) x100"
6505-21-847-5381,METRONIDAZOLE 250 MG,EA,500,1,0.06,D,WHSE,,"TREATMENT KIT, MEDICATIONS, MAJOR NAVAL WARSHIP (6545-20-A0U-8754) x500"
6505-21-848-2656,HYOSC BUTYLBROM TB 10MG,EA,100,1,0.27,C,WHSE,,"TREATMENT KIT, MEDICATIONS, MAJOR NAVAL WARSHIP (6545-20-A0U-8754) x100"
6505-21-853-7587,MINERAL OIL (USP)250ML,BT,2,1,6.48,C,WHSE,,"TREATMENT KIT, MEDICATIONS, MAJOR NAVAL WARSHIP (6545-20-A0U-8754) x2"
6505-21-853-8337,PETROLATUM WHITE 25-50G G,TU,48,1,1.33,C,WHSE,,"TREATMENT KIT, MEDICATIONS, MAJOR NAVAL WARSHIP (6545-20-A0U-8754) x48"
6505-21-855-2221,"SODIUM CHLORIDE 0.9%, FOR INJECTION, 500ML, IV BAG",BG,11,2,2.67,C,WHSE,,"TREATMENT KIT, IV/IO AND FLUIDS, MAJOR NAVAL WARSHIP (6545-20-A0U-8761) x10; KIT, TREATMENT, MEDICATIONS, MED TECH BAG (6545-CF-002-8529) x1"
6505-21-855-3740,"DEXTROSE 5% & SODIUM CHLORIDE 0.9%, FOR INJECTION, 1000ML, IV BAG",BG,12,1,3.33,C,WHSE,,"TREATMENT KIT, IV/IO AND FLUIDS, MAJOR NAVAL WARSHIP (6545-20-A0U-8761) x12"
6505-21-855-3741,"DEXTROSE 5%, FOR INJECTION, 1000ML, IV BAG",BG,12,1,2.94,C,WHSE,,"TREATMENT KIT, IV/IO AND FLUIDS, MAJOR NAVAL WARSHIP (6545-20-A0U-8761) x12"
6505-21-855-3742,"LACTATED RINGER'S, FOR INJECTION, 1000ML, IV BAG",BG,56,3,4,C,WHSE,,"TREATMENT KIT, IV/IO AND FLUIDS, MAJOR NAVAL WARSHIP (6545-20-A0U-8761) x24; KIT, MARITIME R1 MTF, MASCAL, EVACUATION, TRAUMA (6545-CF-005-0438) x30; KIT, TREATMENT, MEDICATIONS, MED TECH BAG (6545-CF-002-8529) x2"
6505-21-855-3743,"SODIUM CHLORIDE 0.9%, FOR INJECTION, 1000ML, IV BAG",BG,48,1,2.89,C,WHSE,,"TREATMENT KIT, IV/IO AND FLUIDS, MAJOR NAVAL WARSHIP (6545-20-A0U-8761) x48"
6505-21-857-5596,"BENZOIN TINCTURE COMPOUND, 50ML-100ML BOTTLE",BT,2,1,11.04,C,WHSE,,"TREATMENT KIT, BANDAGES/DRESSINGS AND TRAYS, MAJOR NAVAL WARSHIP, MEDICAL TREATMENT FACILITY (6545-20-A0U-8755) x2"
6505-21-860-6967,HYDROCORTISONE 1% CREAM,TU,32,1,3.11,D,WHSE,,"TREATMENT KIT, MEDICATIONS, MAJOR NAVAL WARSHIP (6545-20-A0U-8754) x32"
6505-21-866-7634,GENTAM INJ MULTI 40MG/ML,EA,10,1,4,D,WHSE,,"TREATMENT KIT, MEDICATIONS, MAJOR NAVAL WARSHIP (6545-20-A0U-8754) x10"
6505-21-866-7943,DIAZEPAM INJ 5MG/ML-2ML,EA,10,1,5.44,D,WHSE,,"KIT, TMT CRASH CART, MAJOR WARSHIP, MEDICAL TREATMENT FACILITY (6545-20-A0U-7793) x10"
6505-21-870-8370,FUROSEM INJ 10MG/ML-2ML,EA,8,2,1.74,D,WHSE,,"KIT, MARITIME R1 MTF, MASCAL, EVACUATION, TRAUMA (6545-CF-005-0438) x3; TREATMENT KIT, MEDICATIONS, MAJOR NAVAL WARSHIP (6545-20-A0U-8754) x5"
6505-21-870-8398,BETAMETH VALER 0.1% CRM,TU,12,1,8,D,WHSE,,"TREATMENT KIT, MEDICATIONS, MAJOR NAVAL WARSHIP (6545-20-A0U-8754) x12"
6505-21-872-2053,SALBUTAMOL INHLR 100MCG,CN,10,3,5,D,WHSE,,"KIT, TMT CRASH CART, MAJOR WARSHIP, MEDICAL TREATMENT FACILITY (6545-20-A0U-7793) x6; KIT, MARITIME R1 MTF, MASCAL, EVACUATION, TRAUMA (6545-CF-005-0438) x3; KIT, TREATMENT, MEDICATIONS, MED TECH BAG (6545-CF-002-8529) x1"
6505-21-877-0838,PHENYTOIN 50MG/ML-5ML,EA,10,1,28.9,D,WHSE,,"KIT, TMT CRASH CART, MAJOR WARSHIP, MEDICAL TREATMENT FACILITY (6545-20-A0U-7793) x10"
6505-21-878-2195,IBUPROFEN TB/CP 200MG,EA,500,1,0.08,C,WHSE,,"TREATMENT KIT, MEDICATIONS, MAJOR NAVAL WARSHIP (6545-20-A0U-8754) x500"
6505-21-879-8085,MGSO4 CRYSTALS,BT,4,1,4.05,C,WHSE,,"TREATMENT KIT, MEDICATIONS, MAJOR NAVAL WARSHIP (6545-20-A0U-8754) x4"
6505-21-879-9785,DIMENHYDRIN 50MG/ML -5ML,EA,25,2,6.94,C,WHSE,,"KIT, TREATMENT, MEDICATIONS, MED TECH BAG (6545-CF-002-8529) x1; TREATMENT KIT, MEDICATIONS, MAJOR NAVAL WARSHIP (6545-20-A0U-8754) x24"
6505-21-880-6425,METOCLO HCL 5MG/ML-2ML,EA,10,1,5.43,D,WHSE,,"TREATMENT KIT, MEDICATIONS, MAJOR NAVAL WARSHIP (6545-20-A0U-8754) x10"
6505-21-880-6426,NALOXONE HCL 0.4MG/ML,EA,10,1,13.75,D,WHSE,,"KIT, TMT CRASH CART, MAJOR WARSHIP, MEDICAL TREATMENT FACILITY (6545-20-A0U-7793) x10"
6505-21-880-9248,"NAPROXEN, 250MG, TABLETS",EA,1000,1,0.05,D,WHSE,,"TREATMENT KIT, MEDICATIONS, MAJOR NAVAL WARSHIP (6545-20-A0U-8754) x1000"
6505-21-880-9649,PSEUDOEPHEDRINE HCL TABS 60MG PREPACK,PG,202,2,1.82,C,WHSE,,"KIT, TREATMENT, MEDICATIONS, MED TECH BAG (6545-CF-002-8529) x2; TREATMENT KIT, MEDICATIONS, MAJOR NAVAL WARSHIP (6545-20-A0U-8754) x200"
6505-21-882-6566,METOPROLOL TART TBS 50MG,EA,100,1,0.06,D,WHSE,,"KIT, TMT CRASH CART, MAJOR WARSHIP, MEDICAL TREATMENT FACILITY (6545-20-A0U-7793) x100"
6505-21-882-9481,DIMETHYLPOLYSILOXANE 50G,TU,12,1,4.12,C,WHSE,,"TREATMENT KIT, MEDICATIONS, MAJOR NAVAL WARSHIP (6545-20-A0U-8754) x12"
6505-21-883-2862,IBUPROFEN TABLETS/CAPLETS 400MG,EA,2100,2,0.08,C,WHSE,,"KIT, TREATMENT, MEDICATIONS, MED TECH BAG (6545-CF-002-8529) x100; TREATMENT KIT, MEDICATIONS, MAJOR NAVAL WARSHIP (6545-20-A0U-8754) x2000"
6505-21-883-3709,"DEXTROSE 5%, FOR INJECTION, 50ML, IV BAG",BG,4,1,2.92,C,WHSE,,"KIT, TMT CRASH CART, MAJOR WARSHIP, MEDICAL TREATMENT FACILITY (6545-20-A0U-7793) x4"
6505-21-883-3725,"SODIUM CHLORIDE 0.9%, FOR INJECTION, 50ML, IV BAG",BG,4,1,2.69,C,WHSE,,"KIT, TMT CRASH CART, MAJOR WARSHIP, MEDICAL TREATMENT FACILITY (6545-20-A0U-7793) x4"
6505-21-883-3726,"SODIUM CHLORIDE 0.9%, FOR INJECTION, 100ML, IV BAG",BG,24,1,2.77,C,WHSE,,"KIT, TMT CRASH CART, MAJOR WARSHIP, MEDICAL TREATMENT FACILITY (6545-20-A0U-7793) x24"
6505-21-888-4912,NICOTINE RESIN 2 MG,BX,3,1,27.81,C,WHSE,,"TREATMENT KIT, MEDICATIONS, MAJOR NAVAL WARSHIP (6545-20-A0U-8754) x3"
6505-21-892-3284,ISOPROP ALC 70% - 500ML,BT,4,1,3.13,C,WHSE,,"TREATMENT KIT, MEDICATIONS, MAJOR NAVAL WARSHIP (6545-20-A0U-8754) x4"
6505-21-892-3316,AMOXICILLIN CP 500MG,EA,500,1,0.13,D,WHSE,,"TREATMENT KIT, MEDICATIONS, MAJOR NAVAL WARSHIP (6545-20-A0U-8754) x500"
6505-21-893-3466,HYDROCORT SOD SUCC 500MG,VI,5,1,18.33,D,WHSE,,"KIT, TMT CRASH CART, MAJOR WARSHIP, MEDICAL TREATMENT FACILITY (6545-20-A0U-7793) x5"
6505-21-893-3729,SILVER SULFADIAZ CRM 1%,TU,36,1,11.4,D,WHSE,,"TREATMENT KIT, MEDICATIONS, MAJOR NAVAL WARSHIP (6545-20-A0U-8754) x36"
6505-21-893-9739,BENZ PEROX GEL 5% 60G,EA,6,1,9.96,C,WHSE,,"TREATMENT KIT, MEDICATIONS, MAJOR NAVAL WARSHIP (6545-20-A0U-8754) x6"
6505-21-894-1005,ALGINIC TB ALU,EA,2000,1,0.3,C,WHSE,,"TREATMENT KIT, MEDICATIONS, MAJOR NAVAL WARSHIP (6545-20-A0U-8754) x2000"
6505-21-894-2130,HALOPERIDOL 5MG/ML (1ML),EA,22,3,4.06,D,WHSE,,"KIT, TMT CRASH CART, MAJOR WARSHIP, MEDICAL TREATMENT FACILITY (6545-20-A0U-7793) x10; KIT, TREATMENT, MEDICATIONS, MED TECH BAG (6545-CF-002-8529) x2; TREATMENT KIT, MEDICATIONS, MAJOR NAVAL WARSHIP (6545-20-A0U-8754) x10"
6505-21-895-1613,WATER 10ML FOR INJECTION,EA,50,2,0.65,C,WHSE,,"TREATMENT KIT, IV/IO AND FLUIDS, MAJOR NAVAL WARSHIP (6545-20-A0U-8761) x48; KIT, TREATMENT, MEDICATIONS, MED TECH BAG (6545-CF-002-8529) x2"
6505-21-895-1673,ACETAMINOPHEN 325MG TABS ORAL 24 TABS / BOTTLE,BT,203,2,3.48,C,WHSE,,"KIT, TREATMENT, MEDICATIONS, MED TECH BAG (6545-CF-002-8529) x3; TREATMENT KIT, MEDICATIONS, MAJOR NAVAL WARSHIP (6545-20-A0U-8754) x200"
6505-21-896-0117,CLINDAMYCIN 150MG/ML-2ML,VI,10,2,7.7,D,WHSE,,"KIT, TMT CRASH CART, MAJOR WARSHIP, MEDICAL TREATMENT FACILITY (6545-20-A0U-7793) x8; KIT, TREATMENT, MEDICATIONS, MED TECH BAG (6545-CF-002-8529) x2"
6505-21-896-0309,ACETYLCYST INJ 200MG/ML,EA,72,1,27.5,C,WHSE,,"KIT, TMT CRASH CART, MAJOR WARSHIP, MEDICAL TREATMENT FACILITY (6545-20-A0U-7793) x72"
6505-21-896-0814,COLLODION 500 ML,BT,1,1,36.5,C,WHSE,,"TREATMENT KIT, MEDICATIONS, MAJOR NAVAL WARSHIP (6545-20-A0U-8754) x1"
6505-21-896-3157,HEMORRHOIDAL OINT HC 15G,TU,30,1,7.75,D,WHSE,,"TREATMENT KIT, MEDICATIONS, MAJOR NAVAL WARSHIP (6545-20-A0U-8754) x30"
6505-21-896-3158,HEMORRHOIDAL SUPPS W/HC,BX,36,1,16.75,D,WHSE,,"TREATMENT KIT, MEDICATIONS, MAJOR NAVAL WARSHIP (6545-20-A0U-8754) x36"
6505-21-896-3724,"LIDOCAINE HYDROCHLORIDE 0.4% & DEXTROSE 5%, FOR INJECTION, 500ML, IV BAG",BG,2,1,13.34,C,WHSE,,"TREATMENT KIT, MEDICATIONS, MAJOR NAVAL WARSHIP (6545-20-A0U-8754) x2"
6505-21-896-6527,ASA TABS 325MG,EA,100,1,0.07,C,WHSE,,"TREATMENT KIT, MEDICATIONS, MAJOR NAVAL WARSHIP (6545-20-A0U-8754) x100"
6505-21-897-5922,SOD CHLOR IRR .9% 1000ML,BT,3,1,5.19,C,WHSE,,"TREATMENT KIT, IV/IO AND FLUIDS, MAJOR NAVAL WARSHIP (6545-20-A0U-8761) x3"
6505-21-897-5924,WATER/IRRIGATION 500ML,BT,12,1,3.34,C,WHSE,,"TREATMENT KIT, IV/IO AND FLUIDS, MAJOR NAVAL WARSHIP (6545-20-A0U-8761) x12"
6505-21-899-7534,CYCLOBENZAPR TB-FC 10MG,EA,400,1,0.38,D,WHSE,,"TREATMENT KIT, MEDICATIONS, MAJOR NAVAL WARSHIP (6545-20-A0U-8754) x400"
6505-21-902-2080,IPRATROPIUM ORAL INHALER,EA,3,2,11.72,D,WHSE,,"KIT, TMT CRASH CART, MAJOR WARSHIP, MEDICAL TREATMENT FACILITY (6545-20-A0U-7793) x2; KIT, TREATMENT, MEDICATIONS, MED TECH BAG (6545-CF-002-8529) x1"
6505-21-902-2454,"SOLUTION, METRONIDAZOLE INWTR F/INJ, 500MG/100ML, 40/CASE",BG,6,1,6.25,D,WHSE,,"TREATMENT KIT, MEDICATIONS, MAJOR NAVAL WARSHIP (6545-20-A0U-8754) x6"
6505-21-902-2456,FENTANYL INJ 0.1MG/2ML,EA,5,1,4.77,D,WHSE,,"KIT, TMT CRASH CART, MAJOR WARSHIP, MEDICAL TREATMENT FACILITY (6545-20-A0U-7793) x5"
6505-21-902-2473,"CHARCOAL-ACTIVATED, AND SORBITOL SUSPENSION CHARCOAL / SORBITOL 50-50G/250ML ORAL SUSPENSION",BT,12,1,21.43,C,WHSE,,"KIT, TMT CRASH CART, MAJOR WARSHIP, MEDICAL TREATMENT FACILITY (6545-20-A0U-7793) x12"
6505-21-902-2777,"OXYMETAZOLINE HYDROCHLORIDE, 0.05%, BOTTLE NASAL SOLUTION",BT,24,1,6.89,C,WHSE,,"TREATMENT KIT, MEDICATIONS, MAJOR NAVAL WARSHIP (6545-20-A0U-8754) x24"
6505-21-903-0757,CEFAZOLIN 1GM (10ML)INJ,VI,20,1,5.41,D,WHSE,,"TREATMENT KIT, MEDICATIONS, MAJOR NAVAL WARSHIP (6545-20-A0U-8754) x20"
6505-21-904-7233,DOXYCYC HYCL CP/TB 100MG,EA,1000,1,0.12,D,WHSE,,"TREATMENT KIT, MEDICATIONS, MAJOR NAVAL WARSHIP (6545-20-A0U-8754) x1000"
6505-21-907-7580,"OXYGEN 93% CONCENTRATED, 6840L, COMPLETE WITH SIZE-K CYLINDER",EA,2,1,1142.15,C,WHSE,,"TREATMENT KIT, MAJOR MEDICAL EQUIPMENT AND RELATED CONSUMABLES, MAJOR NAVAL WARSHIP, MEDICAL TREATMENT FACILITY. (6545-20-A0U-9002) x2"
6505-21-907-7815,"BISMUTH SUSALICYATE & CALCIUM CARBONATE CHEWABLE TABS, 24's",PG,49,2,3.5,C,WHSE,,"KIT, TREATMENT, MEDICATIONS, MED TECH BAG (6545-CF-002-8529) x1; TREATMENT KIT, MEDICATIONS, MAJOR NAVAL WARSHIP (6545-20-A0U-8754) x48"
6505-21-907-8031,VIT K1 10MG/ML INJ 1ML,EA,5,1,6.24,D,WHSE,,"KIT, TMT CRASH CART, MAJOR WARSHIP, MEDICAL TREATMENT FACILITY (6545-20-A0U-7793) x5"
6505-21-907-8172,CEFTRIAX SOD INJ 0.25GM,BT,20,1,2.38,D,WHSE,,"TREATMENT KIT, MEDICATIONS, MAJOR NAVAL WARSHIP (6545-20-A0U-8754) x20"
6505-21-908-1923,BECLO DIP NAS IHLR 50MCG,BT,6,1,11.89,D,WHSE,,"TREATMENT KIT, MEDICATIONS, MAJOR NAVAL WARSHIP (6545-20-A0U-8754) x6"
6505-21-909-0883,CETIRIZINE HCL TB 10MG,EA,500,1,0.04,C,WHSE,,"TREATMENT KIT, MEDICATIONS, MAJOR NAVAL WARSHIP (6545-20-A0U-8754) x500"
6505-21-910-7221,DIMENHYD TB 50MG PP25-30,PG,100,1,3.54,C,WHSE,,"TREATMENT KIT, MEDICATIONS, MAJOR NAVAL WARSHIP (6545-20-A0U-8754) x100"
6505-21-910-7352,SULFAM-TRIMET 160/800MG,EA,500,1,0.22,D,WHSE,,"TREATMENT KIT, MEDICATIONS, MAJOR NAVAL WARSHIP (6545-20-A0U-8754) x500"
6505-21-911-1810,NICOTINE PATCH 7MG/DAY,BX,3,1,18.01,C,WHSE,,"TREATMENT KIT, MEDICATIONS, MAJOR NAVAL WARSHIP (6545-20-A0U-8754) x3"
6505-21-911-1811,NICOTINE PATCH 14MG/DAY,BX,3,1,19.03,C,WHSE,,"TREATMENT KIT, MEDICATIONS, MAJOR NAVAL WARSHIP (6545-20-A0U-8754) x3"
6505-21-911-1812,"PATCH, NICOTINE, TRANSDERMAL, 21MG",BX,3,1,19.29,C,WHSE,,"TREATMENT KIT, MEDICATIONS, MAJOR NAVAL WARSHIP (6545-20-A0U-8754) x3"
6505-21-911-2155,DESOGESTREL/ETHINYL 21'S,PG,6,1,21.11,D,WHSE,,"TREATMENT KIT, MEDICATIONS, MAJOR NAVAL WARSHIP (6545-20-A0U-8754) x6"
6505-21-911-2726,PERMETHRIN 5% CRM 30GM,TU,12,1,15.53,C,WHSE,,"TREATMENT KIT, MEDICATIONS, MAJOR NAVAL WARSHIP (6545-20-A0U-8754) x12"
6505-21-912-4580,SOD CHLOR NASAL SOLN 0.9% 30ML W/0.03% BENZALKONIUM CHLORIDE DROPS FOR CHILDREN,BT,12,1,4.42,C,WHSE,,"TREATMENT KIT, MEDICATIONS, MAJOR NAVAL WARSHIP (6545-20-A0U-8754) x12"
6505-21-912-4732,DEXAMETHASONE TABLETS 4MG,EA,100,1,0.09,D,WHSE,,"TREATMENT KIT, MEDICATIONS, MAJOR NAVAL WARSHIP (6545-20-A0U-8754) x100"
6505-21-912-4766,HALOPERIDOL 2.0MG TABS,EA,100,1,0.32,D,WHSE,,"TREATMENT KIT, MEDICATIONS, MAJOR NAVAL WARSHIP (6545-20-A0U-8754) x100"
6505-21-912-4939,IPRATROP INHL SOL .025%,EA,14,2,6.12,D,WHSE,,"KIT, TMT CRASH CART, MAJOR WARSHIP, MEDICAL TREATMENT FACILITY (6545-20-A0U-7793) x4; KIT, TREATMENT, MEDICATIONS, MED TECH BAG (6545-CF-002-8529) x10"
6505-21-912-4940,KETAMINE HYDROCHLORIDE,EA,5,1,28,D,WHSE,,"KIT, TMT CRASH CART, MAJOR WARSHIP, MEDICAL TREATMENT FACILITY (6545-20-A0U-7793) x5"
6505-21-912-4953,ONDANSETRON 2MG/ML-20ML,EA,1,1,130.46,D,WHSE,,"KIT, TREATMENT, MEDICATIONS, MED TECH BAG (6545-CF-002-8529) x1"
6505-21-912-4976,SALICYLIC ACID SOLN 27%,BT,6,1,15.14,C,WHSE,,"TREATMENT KIT, MEDICATIONS, MAJOR NAVAL WARSHIP (6545-20-A0U-8754) x6"
6505-21-912-4977,SALICYLIC ACID SHAMP.4%,BT,12,1,8.52,C,WHSE,,"TREATMENT KIT, MEDICATIONS, MAJOR NAVAL WARSHIP (6545-20-A0U-8754) x12"
6505-21-912-6210,CEFTRIAXONE SOD PWDR 2GM,EA,20,1,19.31,D,WHSE,,"KIT, TMT CRASH CART, MAJOR WARSHIP, MEDICAL TREATMENT FACILITY (6545-20-A0U-7793) x20"
6505-21-912-6275,CLARITHROMYCN TABS 250MG,EA,500,1,0.29,D,WHSE,,"TREATMENT KIT, MEDICATIONS, MAJOR NAVAL WARSHIP (6545-20-A0U-8754) x500"
6505-21-912-6280,CLOXACIL PWDR INJ 2GM,EA,20,1,31.88,D,WHSE,,"TREATMENT KIT, MEDICATIONS, MAJOR NAVAL WARSHIP (6545-20-A0U-8754) x20"
6505-21-912-6283,CYCLOPENTOLATE 1% 15ML,BT,2,1,19.05,D,WHSE,,"TREATMENT KIT, MEDICATIONS, MAJOR NAVAL WARSHIP (6545-20-A0U-8754) x2"
6505-21-912-6381,"ONDANSETRON HCL TABLETS 8MG ORAL, BLISTER PACK",EA,10,1,4.65,D,WHSE,,"KIT, TREATMENT, MEDICATIONS, MED TECH BAG (6545-CF-002-8529) x10"
6505-21-912-7153,AZITHROMYCIN TABS 250MG,EA,100,1,0.64,D,WHSE,,"TREATMENT KIT, MEDICATIONS, MAJOR NAVAL WARSHIP (6545-20-A0U-8754) x100"
6505-21-912-7265,FLUMAZENIL 0.1MG/ML-5ML,EA,2,1,24.44,D,WHSE,,"KIT, TMT CRASH CART, MAJOR WARSHIP, MEDICAL TREATMENT FACILITY (6545-20-A0U-7793) x2"
6505-21-912-7294,MGSO4 50% INJ 10ML AMPUL,EA,10,1,8.11,C,WHSE,,"TREATMENT KIT, MEDICATIONS, MAJOR NAVAL WARSHIP (6545-20-A0U-8754) x10"
6505-21-912-7357,PHENYLEPH 10MG/ML - 1ML,EA,10,1,4.13,C,WHSE,,"KIT, TMT CRASH CART, MAJOR WARSHIP, MEDICAL TREATMENT FACILITY (6545-20-A0U-7793) x10"
6505-21-912-7370,SENNA CONCENTRATE 8.6MG,EA,100,1,0.05,C,WHSE,,"TREATMENT KIT, MEDICATIONS, MAJOR NAVAL WARSHIP (6545-20-A0U-8754) x100"
6505-21-912-7528,CLOTRIMAZOLE TMT KIT,PG,6,1,14.84,C,WHSE,,"TREATMENT KIT, MEDICATIONS, MAJOR NAVAL WARSHIP (6545-20-A0U-8754) x6"
6505-21-912-7745,FAMCICLOVIR TABS 500MG,EA,300,1,2.49,D,WHSE,,"TREATMENT KIT, MEDICATIONS, MAJOR NAVAL WARSHIP (6545-20-A0U-8754) x300"
6505-21-913-5273,MIDAZOLAM 1MG/ML - 10ML,EA,7,2,5.68,D,WHSE,,"KIT, TMT CRASH CART, MAJOR WARSHIP, MEDICAL TREATMENT FACILITY (6545-20-A0U-7793) x5; KIT, TREATMENT, MEDICATIONS, MED TECH BAG (6545-CF-002-8529) x2"
6505-21-913-5285,ROCURON INJ 10MG/ML-5ML,EA,10,1,5.18,D,WHSE,,"KIT, TMT CRASH CART, MAJOR WARSHIP, MEDICAL TREATMENT FACILITY (6545-20-A0U-7793) x10"
6505-21-913-6604,CHLORHEX GLUCO 4%-450ML,EA,4,2,6.53,C,WHSE,,"KIT, MARITIME R1 MTF, MASCAL, EVACUATION, TRAUMA (6545-CF-005-0438) x1; TREATMENT KIT, MEDICATIONS, MAJOR NAVAL WARSHIP (6545-20-A0U-8754) x3"
6505-21-913-6901,AMOX CLAV ACD TB 500MG,EA,100,1,0.37,D,WHSE,,"TREATMENT KIT, MEDICATIONS, MAJOR NAVAL WARSHIP (6545-20-A0U-8754) x100"
6505-21-913-9488,DIHYDROERGOTAMINE 4MG/ML,BX,1,1,59.28,D,WHSE,,"TREATMENT KIT, MEDICATIONS, MAJOR NAVAL WARSHIP (6545-20-A0U-8754) x1"
6505-21-914-4258,EPINEPH 0.30MG AUTO-INJ,EA,3,2,85.42,C,WHSE,,"KIT, TMT CRASH CART, MAJOR WARSHIP, MEDICAL TREATMENT FACILITY (6545-20-A0U-7793) x2; KIT, TREATMENT, MEDICATIONS, MED TECH BAG (6545-CF-002-8529) x1"
6505-21-914-4277,METHYLPREDNIS PWDR 1GM,EA,10,1,73.69,D,WHSE,,"KIT, TMT CRASH CART, MAJOR WARSHIP, MEDICAL TREATMENT FACILITY (6545-20-A0U-7793) x10"
6505-21-914-4293,ADENOS INJ 3MG/ML - 2ML,EA,6,1,65.76,D,WHSE,,"KIT, TMT CRASH CART, MAJOR WARSHIP, MEDICAL TREATMENT FACILITY (6545-20-A0U-7793) x6"
6505-21-914-4709,DILTIAZ INJ 5MG/ML-10ML,VI,5,1,38.51,D,WHSE,,"KIT, TMT CRASH CART, MAJOR WARSHIP, MEDICAL TREATMENT FACILITY (6545-20-A0U-7793) x5"
6505-21-914-7964,LOPERAMIDE HCL 2MG TABLETS,EA,500,1,0.09,C,WHSE,,"TREATMENT KIT, MEDICATIONS, MAJOR NAVAL WARSHIP (6545-20-A0U-8754) x500"
6505-21-920-2716,NITRO SUBLING 0.4MG/DOSE,BT,3,2,14.93,C,WHSE,,"KIT, TMT CRASH CART, MAJOR WARSHIP, MEDICAL TREATMENT FACILITY (6545-20-A0U-7793) x2; KIT, TREATMENT, MEDICATIONS, MED TECH BAG (6545-CF-002-8529) x1"
6505-21-920-8323,CIPROFLOXACIN 'MINIBAG',EA,6,1,28.36,D,WHSE,,"TREATMENT KIT, MEDICATIONS, MAJOR NAVAL WARSHIP (6545-20-A0U-8754) x6"
6505-CF-001-0515,L-NORGEST TRIQUILAR 21'S,PG,6,1,15.75,D,WHSE,,"TREATMENT KIT, MEDICATIONS, MAJOR NAVAL WARSHIP (6545-20-A0U-8754) x6"
6505-CF-001-0688,LORAZEPAM SUB-L TABS 1MG,EA,100,1,0.17,D,WHSE,,"KIT, TMT CRASH CART, MAJOR WARSHIP, MEDICAL TREATMENT FACILITY (6545-20-A0U-7793) x100"
6505-CF-001-2163,KETOROLAC TROMETHAMINE 30MG/ML INJECTION 1ML AMPUL OR VIAL - SEE COMMENTS,AM,10,1,3.54,D,WHSE,,"TREATMENT KIT, MEDICATIONS, MAJOR NAVAL WARSHIP (6545-20-A0U-8754) x10"
6505-CF-001-3541,HYDROMORPHONE 10MG/ML,AM,5,1,12.1,D,WHSE,,"KIT, TMT CRASH CART, MAJOR WARSHIP, MEDICAL TREATMENT FACILITY (6545-20-A0U-7793) x5"
6505-CF-001-4283,"DEXTROSE 10%, FOR INJECTION, 500ML, IV BAG",EA,7,2,3.07,C,WHSE,,"TREATMENT KIT, IV/IO AND FLUIDS, MAJOR NAVAL WARSHIP (6545-20-A0U-8761) x6; KIT, TREATMENT, MEDICATIONS, MED TECH BAG (6545-CF-002-8529) x1"
6505-CF-001-6629,"OXYGEN 93% CONCENTRATED, 637L, COMPLETE WITH JUMBO D CYLINDER",EA,20,1,306.38,C,WHSE,,"TREATMENT KIT, MAJOR MEDICAL EQUIPMENT AND RELATED CONSUMABLES, MAJOR NAVAL WARSHIP, MEDICAL TREATMENT FACILITY. (6545-20-A0U-9002) x20"
6505-CF-001-6733,CHLORH GLUC ORAL .12%,BT,1,1,12.48,D,WHSE,,"KIT, R1, DENTAL EMERGENCY, PA/MO (6545-CF-005-0890) x1"
6505-CF-001-7492,DEXTROSE ORAL LIQ 31GM,TU,2,1,5.15,C,WHSE,,"KIT, TREATMENT, MEDICATIONS, MED TECH BAG (6545-CF-002-8529) x2"
6505-CF-001-7742,"TROPICAMIDE 1%, OPHTHALMIC SOLUTION, DROPERETTE",EA,10,1,2.83,D,WHSE,,"TREATMENT KIT, MEDICATIONS, MAJOR NAVAL WARSHIP (6545-20-A0U-8754) x10"
6505-CF-001-8006,CEFIXIME 400 MG TABLET,PG,40,1,15.65,D,WHSE,,"TREATMENT KIT, MEDICATIONS, MAJOR NAVAL WARSHIP (6545-20-A0U-8754) x40"
6505-CF-001-8243,"DOPAMINE 200MG & DEXTROSE 5%, FOR INJECTION, 250ML, IV BAG",EA,10,1,35.85,D,WHSE,,"KIT, TMT CRASH CART, MAJOR WARSHIP, MEDICAL TREATMENT FACILITY (6545-20-A0U-7793) x10"
6505-CF-001-8302,FLUCONAZOLE 150MG TABS,EA,5,1,1.58,C,WHSE,,"TREATMENT KIT, MEDICATIONS, MAJOR NAVAL WARSHIP (6545-20-A0U-8754) x5"
6505-CF-001-8609,CIPROFLOXACIN OPTHT 0.3%,BT,2,1,10.4,D,WHSE,,"TREATMENT KIT, MEDICATIONS, MAJOR NAVAL WARSHIP (6545-20-A0U-8754) x2"
6505-CF-001-8962,ANESTHETIC BUPIVACAIN,BX,0.2,1,120.23,C,WHSE,,"KIT, R1, DENTAL EMERGENCY, PA/MO (6545-CF-005-0890) x0.2"
6505-CF-001-9089,HUMIDIFIER BUBBLE 500ML,BT,2,2,2.6,C,WHSE,,"TREATMENT KIT, ENT, UROLOGY, OPHTHALMO, CHEST, GI AND GENERAL (6545-20-A0U-8765) x1; TREATMENT KIT, MAJOR MEDICAL EQUIPMENT AND RELATED CONSUMABLES, MAJOR NAVAL WARSHIP, MEDICAL TREATMENT FACILITY. (6545-20-A0U-9002) x1"
6505-CF-001-9296,"POTASSIUM CHLORIDE 0.15% & SODIUM CHLORIDE 0.9%, FOR INJECTION, 1000 ML, IV BAG",EA,12,1,4.03,C,WHSE,,"TREATMENT KIT, IV/IO AND FLUIDS, MAJOR NAVAL WARSHIP (6545-20-A0U-8761) x12"
6505-CF-001-9319,MELOXICAM 7.5 MG,EA,100,1,0.2,D,WHSE,,"KIT, TREATMENT, MEDICATIONS, MED TECH BAG (6545-CF-002-8529) x100"
6505-CF-001-9530,ACYCLOVIR 500MG 50MG/ML,VI,15,1,130.87,D,WHSE,,"TREATMENT KIT, MEDICATIONS, MAJOR NAVAL WARSHIP (6545-20-A0U-8754) x15"
6505-CF-002-0407,TENECTEPLASE 50MG,EA,2,1,3295.38,D,WHSE,,"KIT, TMT CRASH CART, MAJOR WARSHIP, MEDICAL TREATMENT FACILITY (6545-20-A0U-7793) x2"
6505-CF-002-0446,"TETRACAINE HCL OPHTHALMIC 0.5% SOLUTION 0.5ML ""MINIMS"" (TM)",EA,2,1,2.83,C,WHSE,,"TREATMENT KIT, MEDICATIONS, MAJOR NAVAL WARSHIP (6545-20-A0U-8754) x2"
6505-CF-002-0464,LEVONORGESTREL ETHINYL,PG,6,1,3.94,D,WHSE,,"TREATMENT KIT, MEDICATIONS, MAJOR NAVAL WARSHIP (6545-20-A0U-8754) x6"
6505-CF-002-1309,"SODIUM CHLORIDE 3%, FOR INJECTION, 250ML, IV BAG",BG,4,1,3.73,C,WHSE,,"TREATMENT KIT, IV/IO AND FLUIDS, MAJOR NAVAL WARSHIP (6545-20-A0U-8761) x4"
6505-CF-002-1954,"TRANEXAMIC ACID, LIQUID INJECTION, 100MG/ML, 10ML VIAL",EA,10,2,30.18,D,WHSE,,"KIT, TMT CRASH CART, MAJOR WARSHIP, MEDICAL TREATMENT FACILITY (6545-20-A0U-7793) x8; KIT, TREATMENT, MEDICATIONS, MED TECH BAG (6545-CF-002-8529) x2"
6505-CF-002-1967,VALSARTAN 40MG TABLET,EA,100,1,0.41,D,WHSE,,"TREATMENT KIT, MEDICATIONS, MAJOR NAVAL WARSHIP (6545-20-A0U-8754) x100"
6505-CF-002-6015,CIPRO DEXA OTIC SUSP,BT,6,1,20.39,D,WHSE,,"TREATMENT KIT, MEDICATIONS, MAJOR NAVAL WARSHIP (6545-20-A0U-8754) x6"
6505-CF-002-6027,BENZOCNE 10% GEL 5.3G TU,TU,7,2,5.42,C,WHSE,,"KIT, R1, DENTAL EMERGENCY, PA/MO (6545-CF-005-0890) x1; TREATMENT KIT, MEDICATIONS, MAJOR NAVAL WARSHIP (6545-20-A0U-8754) x6"
6505-CF-002-6068,SODIUM BICARB 8.4% INJ,VI,9,2,18.22,C,WHSE,,"KIT, MARITIME R1 MTF, MASCAL, EVACUATION, TRAUMA (6545-CF-005-0438) x3; TREATMENT KIT, MEDICATIONS, MAJOR NAVAL WARSHIP (6545-20-A0U-8754) x6"
6505-CF-002-6302,VASOPRESSIN INJECTION 20 UNITS/ML 5ML VIAL,EA,10,1,91.58,D,WHSE,,"KIT, TMT CRASH CART, MAJOR WARSHIP, MEDICAL TREATMENT FACILITY (6545-20-A0U-7793) x10"
6505-CF-002-6514,ACETAMINOPHEN 325 MG TAB/CAP,EA,2000,1,0.02,C,WHSE,,"TREATMENT KIT, MEDICATIONS, MAJOR NAVAL WARSHIP (6545-20-A0U-8754) x2000"
6505-CF-002-7090,METOPROLOL TARTRATE 25MG,EA,200,1,0.06,D,WHSE,,"TREATMENT KIT, MEDICATIONS, MAJOR NAVAL WARSHIP (6545-20-A0U-8754) x200"
6505-CF-002-7108,OXYCODONE HCL 10MG IR,EA,60,1,0.42,D,WHSE,,"KIT, TMT CRASH CART, MAJOR WARSHIP, MEDICAL TREATMENT FACILITY (6545-20-A0U-7793) x60"
6505-CF-002-7120,ERYTHROMYCIN OPHT 5MG/G,TU,12,1,22.72,D,WHSE,,"TREATMENT KIT, MEDICATIONS, MAJOR NAVAL WARSHIP (6545-20-A0U-8754) x12"
6505-CF-002-7688,"MOXIFLOXACIN 400MG, 100 TABLETS",EA,90,1,0.76,D,WHSE,,"KIT, TREATMENT, MEDICATIONS, MED TECH BAG (6545-CF-002-8529) x90"
6505-CF-002-7857,DEX 50% INJ PRE-SYR 50ML,EA,5,2,38.12,C,WHSE,,"KIT, TMT CRASH CART, MAJOR WARSHIP, MEDICAL TREATMENT FACILITY (6545-20-A0U-7793) x3; KIT, MARITIME R1 MTF, MASCAL, EVACUATION, TRAUMA (6545-CF-005-0438) x2"
6505-CF-002-8123,ASA 81MG CHEW TABS,BT,3,2,9.5,C,WHSE,,"KIT, TMT CRASH CART, MAJOR WARSHIP, MEDICAL TREATMENT FACILITY (6545-20-A0U-7793) x2; KIT, TREATMENT, MEDICATIONS, MED TECH BAG (6545-CF-002-8529) x1"
6505-CF-002-8505,"GEL, GLUCOSE, DIETARY, 15G OF d-GLUCOSE, FRUIT PUNCH FLAVOUR",TU,4,1,2.97,C,WHSE,,"KIT, TMT CRASH CART, MAJOR WARSHIP, MEDICAL TREATMENT FACILITY (6545-20-A0U-7793) x4"
6505-CF-002-8629,"LIDOCAINE HCL 2%, 20MG/ML, INJECTION, PREFILLED SYRINGE WITH SAFETY NEEDLE",EA,3,1,38.12,C,WHSE,,"KIT, TMT CRASH CART, MAJOR WARSHIP, MEDICAL TREATMENT FACILITY (6545-20-A0U-7793) x3"
6505-CF-002-8648,"ATROPINE SULFATE PREFILL SYRINGE 1MG, 10ML",EA,6,1,37.64,D,WHSE,,"KIT, TMT CRASH CART, MAJOR WARSHIP, MEDICAL TREATMENT FACILITY (6545-20-A0U-7793) x6"
6505-CF-002-8672,ANTIDOTE TMT KIT CYANIDE 5G,KT,5,1,931.56,D,WHSE,,"TREATMENT KIT, MEDICATIONS, MAJOR NAVAL WARSHIP (6545-20-A0U-8754) x5"
6505-CF-002-8875,"SELENIUM SULFIDE, LOTION, 2.5%, 200ML TO 250ML BOTTLE",BT,12,1,11.2,C,WHSE,,"TREATMENT KIT, MEDICATIONS, MAJOR NAVAL WARSHIP (6545-20-A0U-8754) x12"
6505-CF-002-8890,"EMTRICITABINE 200MG/TENOFOVIR 300MG, TABLET",EA,30,1,1.05,D,WHSE,,TREATMENT KIT HIV POST-EXPOSURE PROPHYLAXIS (6545-21-920-2280) x30
6505-CF-002-8891,"RALTEGRAVIR POTASSIUM 400MG, TABLET",EA,60,1,14.03,D,WHSE,,TREATMENT KIT HIV POST-EXPOSURE PROPHYLAXIS (6545-21-920-2280) x60
6505-CF-002-9243,"DICLOFENAC DIETHYLAMINE, 1.16%, GEL, 120GM",EA,4,1,13.25,C,WHSE,,"TREATMENT KIT, MEDICATIONS, MAJOR NAVAL WARSHIP (6545-20-A0U-8754) x4"
6505-CF-002-9245,"FLUORESCEIN SODIUM 2% OPHTHALMIC DROPS, 20 x 0.5ML",EA,50,2,3.02,C,WHSE,,"KIT, TREATMENT, MEDICATIONS, MED TECH BAG (6545-CF-002-8529) x10; TREATMENT KIT, MEDICATIONS, MAJOR NAVAL WARSHIP (6545-20-A0U-8754) x40"
6505-CF-002-9370,TETRACAINE HCL OPHTHALMIC 1% SOLUTION 0.5ML,EA,50,2,2.83,C,WHSE,,"KIT, TREATMENT, MEDICATIONS, MED TECH BAG (6545-CF-002-8529) x10; TREATMENT KIT, MEDICATIONS, MAJOR NAVAL WARSHIP (6545-20-A0U-8754) x40"
6505-CF-002-9861,ADENOSINE INJECTION 3MG/ML 4ML PRE-FILL SYRINGE,EA,5,1,125.11,D,WHSE,,"KIT, TMT CRASH CART, MAJOR WARSHIP, MEDICAL TREATMENT FACILITY (6545-20-A0U-7793) x5"
6505-CF-003-0096,"ONDANSETRON, INJECTION, 2MG/ML, 2ML VIAL",VI,10,1,11.48,D,WHSE,,"TREATMENT KIT, MEDICATIONS, MAJOR NAVAL WARSHIP (6545-20-A0U-8754) x10"
6505-CF-005-0187,ELECTROLYTE POWDER 4.9G,EA,8,1,0.9,C,WHSE,,"KIT, TREATMENT, MEDICATIONS, MED TECH BAG (6545-CF-002-8529) x8"
6505-CF-005-0252,"ANTIACID 200 MG ALUMINUM HYDROXIDE DRIED GEL/200 MG MAGNESIUM HYDROXIDE & ANTIFLATULENT SIMETHICONE 25 MG, CHEWABLE TABLET",BX,49,2,9.53,C,WHSE,,"KIT, TREATMENT, MEDICATIONS, MED TECH BAG (6545-CF-002-8529) x1; TREATMENT KIT, MEDICATIONS, MAJOR NAVAL WARSHIP (6545-20-A0U-8754) x48"
6505-CF-005-0253,"GLUCAGON, DRY POWDER, NASAL, 3MG PER SINGLE-USE DEVICE",EA,6,2,160.22,C,WHSE,,"KIT, TMT CRASH CART, MAJOR WARSHIP, MEDICAL TREATMENT FACILITY (6545-20-A0U-7793) x4; KIT, TREATMENT, MEDICATIONS, MED TECH BAG (6545-CF-002-8529) x2"
6505-CF-005-0503,"FENTANYL CITRATE, 800 MCG, COMPRESSED LOZENGE, CYNRIL",EA,12,2,49.88,C,WHSE,,"KIT, TMT CRASH CART, MAJOR WARSHIP, MEDICAL TREATMENT FACILITY (6545-20-A0U-7793) x10; KIT, TREATMENT, MEDICATIONS, MED TECH BAG (6545-CF-002-8529) x2"
6505-CF-005-0529,METHOXYFLURANE LIQ W/DEV 99.9% INHALATION,EA,10,1,58.35,C,WHSE,,"TREATMENT KIT, MEDICATIONS, MAJOR NAVAL WARSHIP (6545-20-A0U-8754) x10"
6505-CF-005-0634,"EPINEPHRINE, 0.1MG/ML, ADULT, 10ML PREFILL SYRINGE, WITHOUT NEEDLE",EA,12,2,38.06,C,WHSE,,"KIT, TMT CRASH CART, MAJOR WARSHIP, MEDICAL TREATMENT FACILITY (6545-20-A0U-7793) x10; KIT, MARITIME R1 MTF, MASCAL, EVACUATION, TRAUMA (6545-CF-005-0438) x2"
6510-00-203-4510,TAPE ADHES 5CM X 4.5M,SL,4,1,3.06,C,WHSE,,"KIT, MARITIME R1 MTF, MASCAL, EVACUATION, TRAUMA (6545-CF-005-0438) x4"
6510-00-786-3736,PAD ISOPROPYL ALCOHOL,BX,6.55,4,2.07,C,WHSE,,"KIT, TMT CRASH CART, MAJOR WARSHIP, MEDICAL TREATMENT FACILITY (6545-20-A0U-7793) x5; FIRST AID KIT GENERAL PURPOSE NO.1 FOR 1 TO 9 PERSONS (6545-21-111-8439) x0.05; KIT, MARITIME R1 MTF, MASCAL, EVACUATION, TRAUMA (6545-CF-005-0438) x1; KIT, TREATMENT, MED TECH, BAG (6545-CF-002-1002) x0.5"
6510-01-344-1119,TAPE WHITE 2.5CM X 9.0M,RO,37,2,1.06,C,WHSE,,"KIT, TMT CRASH CART, MAJOR WARSHIP, MEDICAL TREATMENT FACILITY (6545-20-A0U-7793) x35; KIT, TREATMENT, MED TECH, BAG (6545-CF-002-1002) x2"
6510-01-448-8519,TAPE CAST FIBERGLAS 4 IN,RO,5,1,10.29,C,WHSE,,"TREATMENT KIT, MSK AND BRACES/SPLINTS (6545-20-A0U-8766) x5"
6510-01-503-2117,"GAUZE COMPRESSED 4.5""(11.4CM)",EA,25,2,5.69,C,WHSE,,"TREATMENT KIT, BANDAGES/DRESSINGS AND TRAYS, MAJOR NAVAL WARSHIP, MEDICAL TREATMENT FACILITY (6545-20-A0U-8755) x21; KIT, TREATMENT, MED TECH, BAG (6545-CF-002-1002) x4"
6510-01-532-8930,BANDAGE ABD TRAUMA CINCH,EA,8,1,13.87,C,WHSE,,"TREATMENT KIT, BANDAGES/DRESSINGS AND TRAYS, MAJOR NAVAL WARSHIP, MEDICAL TREATMENT FACILITY (6545-20-A0U-8755) x8"
6510-01-540-6484,"BANDAGE HARD CMPRSSN ""H""",EA,5,1,10.5,C,WHSE,,"TREATMENT KIT, BANDAGES/DRESSINGS AND TRAYS, MAJOR NAVAL WARSHIP, MEDICAL TREATMENT FACILITY (6545-20-A0U-8755) x5"
6510-01-558-3342,DRSSNG MODULAR 4IN NLTX,EA,188,5,11.76,C,WHSE,,"TREATMENT KIT, BANDAGES/DRESSINGS AND TRAYS, MAJOR NAVAL WARSHIP, MEDICAL TREATMENT FACILITY (6545-20-A0U-8755) x100; KIT, MEDICAL, C.A.F. DIVE TEAM (6545-20-A0M-1006) x3; KIT, TMT CRASH CART, MAJOR WARSHIP, MEDICAL TREATMENT FACILITY (6545-20-A0U-7793) x53; KIT, MARITIME R1 MTF, MASCAL, EVACUATION, TRAUMA (6545-CF-005-0438) x30; KIT, TREATMENT, MED TECH, BAG (6545-CF-002-1002) x2"
6510-01-558-3443,DRSSNG MODULAR 6IN(15CM) NLTX,EA,342,4,13.44,C,WHSE,,"TREATMENT KIT, BANDAGES/DRESSINGS AND TRAYS, MAJOR NAVAL WARSHIP, MEDICAL TREATMENT FACILITY (6545-20-A0U-8755) x10; KIT, TMT CRASH CART, MAJOR WARSHIP, MEDICAL TREATMENT FACILITY (6545-20-A0U-7793) x300; KIT, MARITIME R1 MTF, MASCAL, EVACUATION, TRAUMA (6545-CF-005-0438) x30; KIT, TREATMENT, MED TECH, BAG (6545-CF-002-1002) x2"
6510-01-562-3325,GAUZE HEMOSTATIC 7.5CM,EA,85,4,56.33,C,WHSE,,"TREATMENT KIT, BANDAGES/DRESSINGS AND TRAYS, MAJOR NAVAL WARSHIP, MEDICAL TREATMENT FACILITY (6545-20-A0U-8755) x40; KIT, TMT CRASH CART, MAJOR WARSHIP, MEDICAL TREATMENT FACILITY (6545-20-A0U-7793) x40; KIT, MARITIME R1 MTF, MASCAL, EVACUATION, TRAUMA (6545-CF-005-0438) x4; KIT, TREATMENT, MED TECH, BAG (6545-CF-002-1002) x1"
6510-01-586-4314,BANDAGE TRAUMA 20IN X 20IN(50.8CM X 50.8CM),EA,5,2,15.03,C,WHSE,,"KIT, MEDICAL, C.A.F. DIVE TEAM (6545-20-A0M-1006) x1; KIT, MARITIME R1 MTF, MASCAL, EVACUATION, TRAUMA (6545-CF-005-0438) x4"
6510-01-621-1129,"DRESSING, CHEST WOUND SEAL, NON-VALVED",PG,7,4,36.59,C,WHSE,,"KIT, MEDICAL, C.A.F. DIVE TEAM (6545-20-A0M-1006) x2; KIT, TMT CRASH CART, MAJOR WARSHIP, MEDICAL TREATMENT FACILITY (6545-20-A0U-7793) x2; KIT, MARITIME R1 MTF, MASCAL, EVACUATION, TRAUMA (6545-CF-005-0438) x2; KIT, TREATMENT, MED TECH, BAG (6545-CF-002-1002) x1"
6510-01-658-7745,CHEST SEAL W/VALVE 2.0 NO PAD OR CAP,EA,18,3,31.82,C,WHSE,,"KIT, MEDICAL, C.A.F. DIVE TEAM (6545-20-A0M-1006) x2; KIT, TMT CRASH CART, MAJOR WARSHIP, MEDICAL TREATMENT FACILITY (6545-20-A0U-7793) x13; KIT, MARITIME R1 MTF, MASCAL, EVACUATION, TRAUMA (6545-CF-005-0438) x3"
6510-20-002-1149,"TAPE ADHES SOFT BACK 12""(30CM)",RO,1,1,64.78,C,WHSE,,"TREATMENT KIT, SUTURES AND TAPES (6545-20-A0U-8763) x1"
6510-20-012-5182,"DRESSING RETAINER, TUBULAR, ELASTIC, LATEX-FREE. SMALL HAND ARM LEG FOOT. 25 YD(22.8M)/ROLL. SZ 2",BX,4,1,9.23,C,WHSE,,"TREATMENT KIT, BANDAGES/DRESSINGS AND TRAYS, MAJOR NAVAL WARSHIP, MEDICAL TREATMENT FACILITY (6545-20-A0U-8755) x4"
6510-20-012-5185,"DRESSING RETAINER, TUBULAR, ELASTIC, LATEX-FREE. SMALL HEAD SHOULDER THIGH. 25 YD(22.8M)/ROLL. SZ 5",BX,2,1,18.11,C,WHSE,,"TREATMENT KIT, BANDAGES/DRESSINGS AND TRAYS, MAJOR NAVAL WARSHIP, MEDICAL TREATMENT FACILITY (6545-20-A0U-8755) x2"
6510-20-013-4808,"DRESSING, ADHESIVE, NON-STERILE, BREATHABLE",BX,11,2,29.53,C,WHSE,,"TREATMENT KIT, BANDAGES/DRESSINGS AND TRAYS, MAJOR NAVAL WARSHIP, MEDICAL TREATMENT FACILITY (6545-20-A0U-8755) x10; KIT, MARITIME R1 MTF, MASCAL, EVACUATION, TRAUMA (6545-CF-005-0438) x1"
6510-21-116-0140,APPLICATOR TUBULAR NO.0,EA,1,1,36.11,C,WHSE,,"TREATMENT KIT, BANDAGES/DRESSINGS AND TRAYS, MAJOR NAVAL WARSHIP, MEDICAL TREATMENT FACILITY (6545-20-A0U-8755) x1"
6510-21-116-0141,APPLICATOR TUBULAR NO.1,EA,2,2,39.24,C,WHSE,,"TREATMENT KIT, BANDAGES/DRESSINGS AND TRAYS, MAJOR NAVAL WARSHIP, MEDICAL TREATMENT FACILITY (6545-20-A0U-8755) x1; KIT, MARITIME R1 MTF, MASCAL, EVACUATION, TRAUMA (6545-CF-005-0438) x1"
6510-21-116-0142,APPLICATOR TUBULAR NO.2,EA,2,2,43.16,C,WHSE,,"TREATMENT KIT, BANDAGES/DRESSINGS AND TRAYS, MAJOR NAVAL WARSHIP, MEDICAL TREATMENT FACILITY (6545-20-A0U-8755) x1; KIT, MARITIME R1 MTF, MASCAL, EVACUATION, TRAUMA (6545-CF-005-0438) x1"
6510-21-116-0149,BANDAGE TENSOR 6IN X5YDS,EA,15,2,1.01,C,WHSE,,"TREATMENT KIT, BANDAGES/DRESSINGS AND TRAYS, MAJOR NAVAL WARSHIP, MEDICAL TREATMENT FACILITY (6545-20-A0U-8755) x12; KIT, MARITIME R1 MTF, MASCAL, EVACUATION, TRAUMA (6545-CF-005-0438) x3"
6510-21-116-0150,BANDAGE CREPE 3IN X 5YDS,EA,12,1,3.78,C,WHSE,,"KIT, MARITIME R1 MTF, MASCAL, EVACUATION, TRAUMA (6545-CF-005-0438) x12"
6510-21-116-0151,BANDAGE CREPE 4IN X 5YDS,EA,36,1,6.65,C,WHSE,,"TREATMENT KIT, BANDAGES/DRESSINGS AND TRAYS, MAJOR NAVAL WARSHIP, MEDICAL TREATMENT FACILITY (6545-20-A0U-8755) x36"
6510-21-116-0152,BANDAGE CREPE 6IN X 5YDS,EA,36,1,9.34,C,WHSE,,"TREATMENT KIT, BANDAGES/DRESSINGS AND TRAYS, MAJOR NAVAL WARSHIP, MEDICAL TREATMENT FACILITY (6545-20-A0U-8755) x36"
6510-21-116-0154,"BANDAGE ELASTIC ADHESIVE BACK 7.5CM X 4.6M ROLLED, SKIN COLOUR, ONE SIDE COATED WITH ADHESIVE BACKING",EA,7,2,9.58,C,WHSE,,"KIT, MEDICAL, C.A.F. DIVE TEAM (6545-20-A0M-1006) x1; KIT, MARITIME R1 MTF, MASCAL, EVACUATION, TRAUMA (6545-CF-005-0438) x6"
6510-21-116-0177,BANDAGE GZ TUB 1.6CMX20M,EA,4,2,6.24,C,WHSE,,"TREATMENT KIT, BANDAGES/DRESSINGS AND TRAYS, MAJOR NAVAL WARSHIP, MEDICAL TREATMENT FACILITY (6545-20-A0U-8755) x2; KIT, MARITIME R1 MTF, MASCAL, EVACUATION, TRAUMA (6545-CF-005-0438) x2"
6510-21-116-0178,BANDAGE GAUZE TUBULAR 2.5CM W X 20M LG WHITE NONSTERILE W/O APPLICATOR ROLLED FORM IN DISPENSING PACKAGE (SIZE 2),EA,4,2,6.76,C,WHSE,,"TREATMENT KIT, BANDAGES/DRESSINGS AND TRAYS, MAJOR NAVAL WARSHIP, MEDICAL TREATMENT FACILITY (6545-20-A0U-8755) x2; KIT, MARITIME R1 MTF, MASCAL, EVACUATION, TRAUMA (6545-CF-005-0438) x2"
6510-21-116-0179,BANDAGE TRIANGLE KHAKI,PG,1106,4,1.95,C,WHSE,,"TREATMENT KIT, BANDAGES/DRESSINGS AND TRAYS, MAJOR NAVAL WARSHIP, MEDICAL TREATMENT FACILITY (6545-20-A0U-8755) x800; FIRST AID KIT GENERAL PURPOSE NO.1 FOR 1 TO 9 PERSONS (6545-21-111-8439) x2; KIT, MARITIME R1 MTF, MASCAL, EVACUATION, TRAUMA (6545-CF-005-0438) x300; KIT, TREATMENT, MED TECH, BAG (6545-CF-002-1002) x4"
6510-21-116-0202,PAD NONADHERENT 7.5X10CM,EA,184,4,0.11,C,WHSE,,"TREATMENT KIT, BANDAGES/DRESSINGS AND TRAYS, MAJOR NAVAL WARSHIP, MEDICAL TREATMENT FACILITY (6545-20-A0U-8755) x144; KIT, MEDICAL, C.A.F. DIVE TEAM (6545-20-A0M-1006) x10; KIT, MARITIME R1 MTF, MASCAL, EVACUATION, TRAUMA (6545-CF-005-0438) x25; KIT, TREATMENT, MED TECH, BAG (6545-CF-002-1002) x5"
6510-21-116-0204,PAD NONADHERENT 7.5X20CM,EA,24,1,0.2,C,WHSE,,"TREATMENT KIT, BANDAGES/DRESSINGS AND TRAYS, MAJOR NAVAL WARSHIP, MEDICAL TREATMENT FACILITY (6545-20-A0U-8755) x24"
6510-21-116-0209,GAUZE ABSORBENT STERILE,BT,1,1,3.62,C,WHSE,,"TREATMENT KIT, BANDAGES/DRESSINGS AND TRAYS, MAJOR NAVAL WARSHIP, MEDICAL TREATMENT FACILITY (6545-20-A0U-8755) x1"
6510-21-116-0224,PAD ABDOMINAL (18M) ROLL,RO,3,1,28.06,C,WHSE,,"TREATMENT KIT, BANDAGES/DRESSINGS AND TRAYS, MAJOR NAVAL WARSHIP, MEDICAL TREATMENT FACILITY (6545-20-A0U-8755) x3"
6510-21-845-2189,PAD COTTON (EYE) OVAL,EA,58,3,0.16,C,WHSE,,"TREATMENT KIT, BANDAGES/DRESSINGS AND TRAYS, MAJOR NAVAL WARSHIP, MEDICAL TREATMENT FACILITY (6545-20-A0U-8755) x48; KIT, MARITIME R1 MTF, MASCAL, EVACUATION, TRAUMA (6545-CF-005-0438) x6; KIT, TREATMENT, MED TECH, BAG (6545-CF-002-1002) x4"
6510-21-845-2199,BANDAGE GZ WHITE 2IN WD,RO,48,1,2.26,C,WHSE,,"TREATMENT KIT, BANDAGES/DRESSINGS AND TRAYS, MAJOR NAVAL WARSHIP, MEDICAL TREATMENT FACILITY (6545-20-A0U-8755) x48"
6510-21-845-2200,"BANDAGE, STRETCH GAUZE, WHITE 7.6CM W X 4.5M LG, ROLL, NONSTERILE, LATEX-FREE",RO,12,1,0.2,C,WHSE,,"KIT, MARITIME R1 MTF, MASCAL, EVACUATION, TRAUMA (6545-CF-005-0438) x12"
6510-21-845-2201,BANDGE GZ WHITE 4IN X5YD,EA,84,2,0.66,C,WHSE,,"TREATMENT KIT, BANDAGES/DRESSINGS AND TRAYS, MAJOR NAVAL WARSHIP, MEDICAL TREATMENT FACILITY (6545-20-A0U-8755) x72; KIT, MARITIME R1 MTF, MASCAL, EVACUATION, TRAUMA (6545-CF-005-0438) x12"
6510-21-845-2238,BANDAID 25'S,PG,1,1,1.07,C,WHSE,,"KIT, TREATMENT, MED TECH, BAG (6545-CF-002-1002) x1"
6510-21-845-2239,BANDAGE 100'S,BX,26,3,2,C,WHSE,,"TREATMENT KIT, BANDAGES/DRESSINGS AND TRAYS, MAJOR NAVAL WARSHIP, MEDICAL TREATMENT FACILITY (6545-20-A0U-8755) x24; FIRST AID KIT GENERAL PURPOSE NO.1 FOR 1 TO 9 PERSONS (6545-21-111-8439) x1; KIT, MARITIME R1 MTF, MASCAL, EVACUATION, TRAUMA (6545-CF-005-0438) x1"
6510-21-846-1217,TAPE X-RAY TRANSPARENT,SL,6,1,1.19,C,WHSE,,"KIT, MARITIME R1 MTF, MASCAL, EVACUATION, TRAUMA (6545-CF-005-0438) x6"
6510-21-846-1218,TAPE ADH WHITE 2.5CMX9M,SL,61,3,1.53,C,WHSE,,"FIRST AID KIT GENERAL PURPOSE NO.1 FOR 1 TO 9 PERSONS (6545-21-111-8439) x1; KIT, MARITIME R1 MTF, MASCAL, EVACUATION, TRAUMA (6545-CF-005-0438) x12; TREATMENT KIT, SUTURES AND TAPES (6545-20-A0U-8763) x48"
6510-21-847-0244,REMOVER ADH TAPE 500ML,BT,2,1,11.37,C,WHSE,,"TREATMENT KIT, SUTURES AND TAPES (6545-20-A0U-8763) x2"
6510-21-849-8650,BANDAGE KNUCKLE 3X7CM(L),BX,3.41,3,17.05,C,WHSE,,"TREATMENT KIT, BANDAGES/DRESSINGS AND TRAYS, MAJOR NAVAL WARSHIP, MEDICAL TREATMENT FACILITY (6545-20-A0U-8755) x3; KIT, MEDICAL, C.A.F. DIVE TEAM (6545-20-A0M-1006) x0.25; KIT, TREATMENT, MED TECH, BAG (6545-CF-002-1002) x0.16"
6510-21-851-4200,BANDAGE COMPRESS 4 X 4IN,EA,9,3,0.34,C,WHSE,,"KIT, MEDICAL, C.A.F. DIVE TEAM (6545-20-A0M-1006) x3; FIRST AID KIT GENERAL PURPOSE NO.1 FOR 1 TO 9 PERSONS (6545-21-111-8439) x3; KIT, TREATMENT, MED TECH, BAG (6545-CF-002-1002) x3"
6510-21-860-8463,SKIN CLOSURE 3 X 75MM,BX,2,2,43.27,C,WHSE,,"KIT, MARITIME R1 MTF, MASCAL, EVACUATION, TRAUMA (6545-CF-005-0438) x1; TREATMENT KIT, SUTURES AND TAPES (6545-20-A0U-8763) x1"
6510-21-860-8464,SKIN CLOSURE 6 X 75MM,BX,4.1,5,44.55,C,WHSE,,"TREATMENT KIT, BANDAGES/DRESSINGS AND TRAYS, MAJOR NAVAL WARSHIP, MEDICAL TREATMENT FACILITY (6545-20-A0U-8755) x1; KIT, MEDICAL, C.A.F. DIVE TEAM (6545-20-A0M-1006) x1; KIT, MARITIME R1 MTF, MASCAL, EVACUATION, TRAUMA (6545-CF-005-0438) x1; KIT, TREATMENT, MED TECH, BAG (6545-CF-002-1002) x0.1; TREATMENT KIT, SUTURES AND TAPES (6545-20-A0U-8763) x1"
6510-21-860-8466,SKIN CLOSURE 12 X 100MM,BX,1,1,68.73,C,WHSE,,"TREATMENT KIT, SUTURES AND TAPES (6545-20-A0U-8763) x1"
6510-21-890-0883,SPONGE 4-P STER 10X10CM,PG,563,4,0.1,C,WHSE,,"TREATMENT KIT, BANDAGES/DRESSINGS AND TRAYS, MAJOR NAVAL WARSHIP, MEDICAL TREATMENT FACILITY (6545-20-A0U-8755) x500; KIT, R1, DENTAL EMERGENCY, PA/MO (6545-CF-005-0890) x3; KIT, MARITIME R1 MTF, MASCAL, EVACUATION, TRAUMA (6545-CF-005-0438) x50; KIT, TREATMENT, MED TECH, BAG (6545-CF-002-1002) x10"
6510-21-891-0089,SPONGE SURG 4PLY 5 X 5CM,PG,1,1,1.24,C,WHSE,,"KIT, MARITIME R1 MTF, MASCAL, EVACUATION, TRAUMA (6545-CF-005-0438) x1"
6510-21-891-0091,SPONGE 4-P N-ST 10X10CM,PG,25,2,4.83,C,WHSE,,"TREATMENT KIT, BANDAGES/DRESSINGS AND TRAYS, MAJOR NAVAL WARSHIP, MEDICAL TREATMENT FACILITY (6545-20-A0U-8755) x24; KIT, MARITIME R1 MTF, MASCAL, EVACUATION, TRAUMA (6545-CF-005-0438) x1"
6510-21-893-3536,BANDAGE (FILM) 6 X 7.5CM,BX,2,1,23.46,C,WHSE,,"KIT, TMT CRASH CART, MAJOR WARSHIP, MEDICAL TREATMENT FACILITY (6545-20-A0U-7793) x2"
6510-21-893-3537,BANDAGE (FILM) 10 X 12CM,BX,0.08,1,50.99,C,WHSE,,"KIT, TREATMENT, MED TECH, BAG (6545-CF-002-1002) x0.08"
6510-21-899-4381,"DRESSING 3"" GEL PAD",JR,3,1,48.36,C,WHSE,,"TREATMENT KIT, BANDAGES/DRESSINGS AND TRAYS, MAJOR NAVAL WARSHIP, MEDICAL TREATMENT FACILITY (6545-20-A0U-8755) x3"
6510-21-899-4382,DRESSING BLISTER KIT,PG,1,1,11.33,C,WHSE,,"KIT, MEDICAL, C.A.F. DIVE TEAM (6545-20-A0M-1006) x1"
6510-21-903-0018,DRESSNG CHLORHX 4 X 4IN,BX,12,1,14.22,C,WHSE,,"TREATMENT KIT, BANDAGES/DRESSINGS AND TRAYS, MAJOR NAVAL WARSHIP, MEDICAL TREATMENT FACILITY (6545-20-A0U-8755) x12"
6510-21-907-7261,SPONGE ( 8-P)5 X 5CM,PG,35,2,0.04,C,WHSE,,"KIT, TMT CRASH CART, MAJOR WARSHIP, MEDICAL TREATMENT FACILITY (6545-20-A0U-7793) x25; KIT, TREATMENT, MED TECH, BAG (6545-CF-002-1002) x10"
6510-21-907-7341,SPONGE 8-P N-ST 7X 7CM,PG,1,1,3.27,C,WHSE,,"KIT, MARITIME R1 MTF, MASCAL, EVACUATION, TRAUMA (6545-CF-005-0438) x1"
6510-21-909-0875,"BANDAGE, POST-OP, ADHESIVE, HIGHLY ABSORBENT, NON-STICK, WATERPROOF WITH BACTERIAL BARRIER, 15.5CM X 8.5CM",BX,1,1,54.58,C,WHSE,,"KIT, MARITIME R1 MTF, MASCAL, EVACUATION, TRAUMA (6545-CF-005-0438) x1"
6510-21-912-7057,TAMPON SANITARY W/O APPLICATOR SUPER,EA,52,2,0.23,C,WHSE,,TRANSIT UNIT MEDICAL SPECIMEN FATAL ACCIDENT (6545-21-912-4986) x36; TRANSIT UNIT MEDICAL SPECIMEN NON-FATAL ACCIDENT (6545-21-912-4985) x16
6510-21-913-9494,DRESSING MEPORE 9 X 10CM,BX,2,1,22.5,C,WHSE,,"TREATMENT KIT, BANDAGES/DRESSINGS AND TRAYS, MAJOR NAVAL WARSHIP, MEDICAL TREATMENT FACILITY (6545-20-A0U-8755) x2"
6510-21-914-4733,DRESSING MEPORE 7CM X 5M,RO,4,1,9.3,C,WHSE,,"TREATMENT KIT, BANDAGES/DRESSINGS AND TRAYS, MAJOR NAVAL WARSHIP, MEDICAL TREATMENT FACILITY (6545-20-A0U-8755) x4"
6510-25-125-9106,DRESSING MEPORE 9 X 20CM,EA,3,1,0.76,C,WHSE,,"TREATMENT KIT, BANDAGES/DRESSINGS AND TRAYS, MAJOR NAVAL WARSHIP, MEDICAL TREATMENT FACILITY (6545-20-A0U-8755) x3"
6510-CF-001-7793,DRESSING STRIP 4CM X 5M,EA,12,3,17.64,C,WHSE,,"TREATMENT KIT, BANDAGES/DRESSINGS AND TRAYS, MAJOR NAVAL WARSHIP, MEDICAL TREATMENT FACILITY (6545-20-A0U-8755) x10; KIT, MEDICAL, C.A.F. DIVE TEAM (6545-20-A0M-1006) x1; KIT, MARITIME R1 MTF, MASCAL, EVACUATION, TRAUMA (6545-CF-005-0438) x1"
6510-CF-001-9229,PAD ABDOMINAL 8IN X 10IN,BX,4,1,7.85,C,WHSE,,"KIT, MARITIME R1 MTF, MASCAL, EVACUATION, TRAUMA (6545-CF-005-0438) x4"
6510-CF-001-9356,BANDAGE ELASTIC 2IN X5YD (5cm x 4.5m),RO,36,1,2.8,C,WHSE,,"TREATMENT KIT, BANDAGES/DRESSINGS AND TRAYS, MAJOR NAVAL WARSHIP, MEDICAL TREATMENT FACILITY (6545-20-A0U-8755) x36"
6510-CF-001-9358,BANDAGE ELASTIC 4IN X 5YD (10CM X 4.5M),RO,1,1,5.2,C,WHSE,,"KIT, TREATMENT, MED TECH, BAG (6545-CF-002-1002) x1"
6510-CF-001-9420,TAPE HEAVY DUTY (COTTON),SL,1,1,50.78,C,WHSE,,"KIT, TMT CRASH CART, MAJOR WARSHIP, MEDICAL TREATMENT FACILITY (6545-20-A0U-7793) x1"
6510-CF-001-9836,PAD CHLORHEXIDINE 0.5%,BX,1.5,2,14.24,C,WHSE,,"KIT, MEDICAL, C.A.F. DIVE TEAM (6545-20-A0M-1006) x0.5; KIT, TMT CRASH CART, MAJOR WARSHIP, MEDICAL TREATMENT FACILITY (6545-20-A0U-7793) x1"
6510-CF-002-0196,BANDAGE ELASTOPLAST 6-8 X 10CM STRIP,BX,1,1,4.42,C,WHSE,,"KIT, TREATMENT, MED TECH, BAG (6545-CF-002-1002) x1"
6510-CF-002-0797,"DRESSING, BURN, DRY, 10CM X 20CM, ACTICOAT, ANTIMICROBIAL SILVER COATED",EA,36,2,14.67,C,WHSE,,"TREATMENT KIT, BANDAGES/DRESSINGS AND TRAYS, MAJOR NAVAL WARSHIP, MEDICAL TREATMENT FACILITY (6545-20-A0U-8755) x24; KIT, MARITIME R1 MTF, MASCAL, EVACUATION, TRAUMA (6545-CF-005-0438) x12"
6510-CF-002-0798,"DRESSING, BURN, DRY, 20CM X 40CM, ACTICOAT, ANTIMICROBIAL SILVER COATED",EA,18,2,80.33,C,WHSE,,"TREATMENT KIT, BANDAGES/DRESSINGS AND TRAYS, MAJOR NAVAL WARSHIP, MEDICAL TREATMENT FACILITY (6545-20-A0U-8755) x12; KIT, MARITIME R1 MTF, MASCAL, EVACUATION, TRAUMA (6545-CF-005-0438) x6"
6510-CF-002-0901,BANDAGE BLISTER PROTECT,EA,15,2,1.99,C,WHSE,,"KIT, MEDICAL, C.A.F. DIVE TEAM (6545-20-A0M-1006) x5; KIT, TREATMENT, MED TECH, BAG (6545-CF-002-1002) x10"
6510-CF-002-6931,TAPE WHITE 1/2IN X 10YDS(1.25CM X 9.1M),RO,1,1,0.54,C,WHSE,,"KIT, TMT CRASH CART, MAJOR WARSHIP, MEDICAL TREATMENT FACILITY (6545-20-A0U-7793) x1"
6510-CF-002-7935,BANDAGE TENSOR LF 10CM,EA,64,3,0.8,C,WHSE,,"TREATMENT KIT, BANDAGES/DRESSINGS AND TRAYS, MAJOR NAVAL WARSHIP, MEDICAL TREATMENT FACILITY (6545-20-A0U-8755) x50; KIT, MARITIME R1 MTF, MASCAL, EVACUATION, TRAUMA (6545-CF-005-0438) x12; KIT, TREATMENT, MED TECH, BAG (6545-CF-002-1002) x2"
6510-CF-002-7963,PAD UNDERCAST 4IN (10CM),EA,24,1,1.29,C,WHSE,,"TREATMENT KIT, MSK AND BRACES/SPLINTS (6545-20-A0U-8766) x24"
6510-CF-002-8729,"ADHESIVE, SKIN, TOPICAL, HIGH VISCOSITY, PRECISION TIP, 0.7ML",EA,12,1,37.61,C,WHSE,,"TREATMENT KIT, MEDICATIONS, MAJOR NAVAL WARSHIP (6545-20-A0U-8754) x12"
6510-CF-005-0004,"PAD, POVIDONE-IODINE IMPREGNATED, SINGLE",EA,20,2,0.33,C,WHSE,,TRANSIT UNIT MEDICAL SPECIMEN FATAL ACCIDENT (6545-21-912-4986) x10; TRANSIT UNIT MEDICAL SPECIMEN NON-FATAL ACCIDENT (6545-21-912-4985) x10
6515-00-044-8799,"SUTURE, NYLON, MONOFILAMENT, NON-ABSORBABLE, SIZE 4-0, 19MM REVERSE CUTTING EDGE 3/8 CIRCLE NEEDLE, THREAD LENGTH 18IN",EA,12,1,2.74,C,WHSE,,"TREATMENT KIT, SUTURES AND TAPES (6545-20-A0U-8763) x12"
6515-00-054-8174,SYRINGE IRRIG EAR 60ML,EA,1,1,0.93,C,WHSE,,"TREATMENT KIT, ENT, UROLOGY, OPHTHALMO, CHEST, GI AND GENERAL (6545-20-A0U-8765) x1"
6515-00-165-6544,DIAGNOSTIC SET ADC 2.5V,SE,1,1,588.01,D,WHSE,,"TREATMENT KIT, DIAGNOSTIC AND SCOPES, MAJOR NAVAL WARSHIP (6545-20-A0U-8767) x1"
6515-00-318-0140,CATH URET 16FR MERCIER,EA,1,1,478.26,C,WHSE,,"TREATMENT KIT, ENT, UROLOGY, OPHTHALMO, CHEST, GI AND GENERAL (6545-20-A0U-8765) x1"
6515-00-320-4600,FORCEPS TOWEL BACK 14CM,EA,12,1,17.42,D,WHSE,,"TREATMENT KIT, INSTRUMENTS, MAJOR NAVAL WARSHIP (6545-20-A0U-8762) x12"
6515-00-332-3300,FORCEPS TRACH TUBE 24CM,EA,1,1,28.08,D,WHSE,,"KIT, TMT CRASH CART, MAJOR WARSHIP, MEDICAL TREATMENT FACILITY (6545-20-A0U-7793) x1"
6515-00-334-4300,FORCEPS HEMOSTATIC ROCHESTER-PEAN DSGN CURVED SERRATED JAWS 6-1/4 IN SINGLE JOINT BOX LOCK W/FINGER RINGS,EA,12,1,65.41,C,WHSE,,"TREATMENT KIT, INSTRUMENTS, MAJOR NAVAL WARSHIP (6545-20-A0U-8762) x12"
6515-00-334-4900,FORCEP HEMO HALST CV,EA,12,1,19.24,D,WHSE,,"KIT, TMT CRASH CART, MAJOR WARSHIP, MEDICAL TREATMENT FACILITY (6545-20-A0U-7793) x12"
6515-00-337-2400,"FORCEPS SPLINTER 4""(10CM)LG",EA,13,4,1.1,D,WHSE,,"KIT, MEDICAL, C.A.F. DIVE TEAM (6545-20-A0M-1006) x1; FIRST AID KIT GENERAL PURPOSE NO.1 FOR 1 TO 9 PERSONS (6545-21-111-8439) x1; TREATMENT KIT, INSTRUMENTS, MAJOR NAVAL WARSHIP (6545-20-A0U-8762) x10; KIT, TREATMENT, MED TECH, BAG (6545-CF-002-1002) x1"
6515-00-337-7800,"FORCEP TIS ADSN 4""/1X2TH",EA,6,1,37.77,D,WHSE,,"TREATMENT KIT, INSTRUMENTS, MAJOR NAVAL WARSHIP (6545-20-A0U-8762) x6"
6515-00-337-9900,"FORCEP TIS TWZR 5""/1X2TH",EA,4,1,14.97,D,WHSE,,"TREATMENT KIT, INSTRUMENTS, MAJOR NAVAL WARSHIP (6545-20-A0U-8762) x4"
6515-00-338-0300,"FORCEPS, TISSUE, ALLIS DESIGN, 6IN(15CM)LONG, 4 TO 5 TEETH AT TIP, BOX LOCK RATCH- PAWL WITH FINGER RINGS, SINGLE JOINTED",EA,5,1,101.12,C,WHSE,,"TREATMENT KIT, INSTRUMENTS, MAJOR NAVAL WARSHIP (6545-20-A0U-8762) x5"
6515-00-347-8600,MIRROR LARYNGEAL SZ 3,EA,1,1,8.15,D,WHSE,,"TREATMENT KIT, DIAGNOSTIC AND SCOPES, MAJOR NAVAL WARSHIP (6545-20-A0U-8767) x1"
6515-00-363-8800,"SCISS BAND LISTER 5.5""",EA,5,2,3.53,D,WHSE,,"TREATMENT KIT, INSTRUMENTS, MAJOR NAVAL WARSHIP (6545-20-A0U-8762) x4; KIT, MARITIME R1 MTF, MASCAL, EVACUATION, TRAUMA (6545-CF-005-0438) x1"
6515-00-363-8840,SCISS BAND LISTER 7IN,EA,3,2,18.42,D,WHSE,,"TREATMENT KIT, INSTRUMENTS, MAJOR NAVAL WARSHIP (6545-20-A0U-8762) x2; KIT, MARITIME R1 MTF, MASCAL, EVACUATION, TRAUMA (6545-CF-005-0438) x1"
6515-00-364-0900,SCISSORS MAYO DSGN 13CM,EA,4,1,24.33,D,WHSE,,"TREATMENT KIT, INSTRUMENTS, MAJOR NAVAL WARSHIP (6545-20-A0U-8762) x4"
6515-00-364-0920,"SCISSORS GENERAL 6 3/4""(17.1CM)L",EA,3,1,13.38,D,WHSE,,"KIT, TMT CRASH CART, MAJOR WARSHIP, MEDICAL TREATMENT FACILITY (6545-20-A0U-7793) x3"
6515-00-364-4600,"SCISS IRIS 4.5""(11.4CM)SHARP",EA,4,1,18.78,D,WHSE,,"TREATMENT KIT, INSTRUMENTS, MAJOR NAVAL WARSHIP (6545-20-A0U-8762) x4"
6515-00-364-4800,SCISS IRIS SHARP 4.5IN,EA,4,1,1.8,D,WHSE,,"TREATMENT KIT, INSTRUMENTS, MAJOR NAVAL WARSHIP (6545-20-A0U-8762) x4"
6515-00-365-1820,SCISS GEN SURG STRT 13CM,EA,5,1,14.25,D,WHSE,,"TREATMENT KIT, INSTRUMENTS, MAJOR NAVAL WARSHIP (6545-20-A0U-8762) x5"
6515-00-366-8200,SHEARS CAST CUT (2-HAND),EA,1,1,25.76,D,WHSE,,"TREATMENT KIT, MSK AND BRACES/SPLINTS (6545-20-A0U-8766) x1"
6515-00-367-0420,SHIELD EYE PATCH W/CORD,EA,6,1,5.87,C,WHSE,,"KIT, MARITIME R1 MTF, MASCAL, EVACUATION, TRAUMA (6545-CF-005-0438) x6"
6515-00-369-9100,SPECUL NASAL VENNA ADLT,EA,1,1,265.2,D,WHSE,,"TREATMENT KIT, INSTRUMENTS, MAJOR NAVAL WARSHIP (6545-20-A0U-8762) x1"
6515-00-373-9700,SPUD EYE DOUBLE ENDED,EA,1,1,50.46,D,WHSE,,"TREATMENT KIT, INSTRUMENTS, MAJOR NAVAL WARSHIP (6545-20-A0U-8762) x1"
6515-00-386-7600,CANNULA LARYNGEAL GOMCO,EA,2,1,137.01,C,WHSE,,"KIT, TMT CRASH CART, MAJOR WARSHIP, MEDICAL TREATMENT FACILITY (6545-20-A0U-7793) x2"
6515-00-777-7340,CUSHION CRUTCH,PR,3,1,2.3,C,WHSE,,"TREATMENT KIT, MSK AND BRACES/SPLINTS (6545-20-A0U-8766) x3"
6515-00-982-7493,"MASK, SURGICAL, MEDICAL, HALYARD CANADA, HEADBAND, CONE SHAPED, BLUE",BX,2,1,15.03,C,ExternalRqn,,"TREATMENT KIT, HYGIENE AND PPE (6545-20-A0U-8764) x2"
6515-01-008-3338,PEN SKIN MARKING,EA,6,3,0.89,C,WHSE,,"TREATMENT KIT, ENT, UROLOGY, OPHTHALMO, CHEST, GI AND GENERAL (6545-20-A0U-8765) x2; KIT, MARITIME R1 MTF, MASCAL, EVACUATION, TRAUMA (6545-CF-005-0438) x3; KIT, TREATMENT, MED TECH, BAG (6545-CF-002-1002) x1"
6515-01-054-4267,"SUTURE, POLYPROPYLENE, MONOFILAMENT, NON-ABSORBABLE, SIZE 2-0, 26MM REVERSE CUTTING EDGE 3/8 CIRCLE NEEDLE, THREAD LENGTH 18IN",EA,12,1,5.2,C,WHSE,,"TREATMENT KIT, SUTURES AND TAPES (6545-20-A0U-8763) x12"
6515-01-137-9203,TUBE TRACH 8.0MM CUFFED,EA,2,1,2.64,C,WHSE,,"KIT, TMT CRASH CART, MAJOR WARSHIP, MEDICAL TREATMENT FACILITY (6545-20-A0U-7793) x2"
6515-01-158-8010,SPECULUM OTOSCOPE 2.75MM,BG,1,1,32.48,C,WHSE,,"KIT, MARITIME R1 MTF, MASCAL, EVACUATION, TRAUMA (6545-CF-005-0438) x1"
6515-01-162-1956,"SUTURE, POLYPROPYLENE, MONOFILAMENT, NON-ABSORBABLE, SIZE 1, 48MM TAPER POINT 1/2 CIRCLE NEEDLE, THREAD LENGTH 30IN",BX,1,1,248.92,C,WHSE,,"KIT, TMT CRASH CART, MAJOR WARSHIP, MEDICAL TREATMENT FACILITY (6545-20-A0U-7793) x1"
6515-01-217-1236,SPLINT UNIVERSAL. FOLDED,EA,15,3,10.08,C,WHSE,,"KIT, TMT, C.A.F. DIVE TEAM C-SPINE IMMOBILIZATION (6545-20-A0M-1004) x2; KIT, MEDICAL, C.A.F. DIVE TEAM (6545-20-A0M-1006) x2; TREATMENT KIT, MSK AND BRACES/SPLINTS (6545-20-A0U-8766) x11"
6515-01-222-8480,"SUTURE, PLAIN GUT, MONOFILAMENT, ABSORBABLE, SIZE 6-0, 11MM REVERSE CUTTING EDGE 3/8 CIRCLE NEEDLES, THREAD LENGTH 18IN, DOUBLE ARMED",BX,1,1,304.49,C,WHSE,,"TREATMENT KIT, SUTURES AND TAPES (6545-20-A0U-8763) x1"
6515-01-225-4681,"SPLINT, UNIVERSAL.LIGHTWEIGHT; RADIOLUCENT; GRAY; 4-1/2 BY 36 INCH (10.8 BY 92.2 CM);FOR IMMOBILIZATION OF INJURED EXTREMITIES",EA,3,2,11.13,C,WHSE,,"KIT, MARITIME R1 MTF, MASCAL, EVACUATION, TRAUMA (6545-CF-005-0438) x2; KIT, TREATMENT, MED TECH, BAG (6545-CF-002-1002) x1"
6515-01-227-4935,TUBE TRACH 7.0MM CUFFED,EA,2,1,2.58,C,WHSE,,"KIT, TMT CRASH CART, MAJOR WARSHIP, MEDICAL TREATMENT FACILITY (6545-20-A0U-7793) x2"
6515-01-246-2951,CANNULA LARYNGEAL(BISON),EA,5,1,0.62,C,WHSE,,"TREATMENT KIT, MAJOR MEDICAL EQUIPMENT AND RELATED CONSUMABLES, MAJOR NAVAL WARSHIP, MEDICAL TREATMENT FACILITY. (6545-20-A0U-9002) x5"
6515-01-251-3764,KNIFE (DISPOSABLE),BX,3,1,23.3,C,WHSE,,"TREATMENT KIT, INSTRUMENTS, MAJOR NAVAL WARSHIP (6545-20-A0U-8762) x3"
6515-01-257-6384,TUBE TRACH 6.5MM CUFFED,EA,3,2,2.59,C,WHSE,,"KIT, TMT CRASH CART, MAJOR WARSHIP, MEDICAL TREATMENT FACILITY (6545-20-A0U-7793) x2; KIT, MARITIME R1 MTF, MASCAL, EVACUATION, TRAUMA (6545-CF-005-0438) x1"
6515-01-261-5877,TUBE TRACH 6.0MM CUFFED,EA,2,1,2.59,C,WHSE,,"KIT, TMT CRASH CART, MAJOR WARSHIP, MEDICAL TREATMENT FACILITY (6545-20-A0U-7793) x2"
6515-01-269-1792,AIRWAY NASOPHARYNG 28FR,EA,16,3,9.12,C,WHSE,,"KIT, TMT CRASH CART, MAJOR WARSHIP, MEDICAL TREATMENT FACILITY (6545-20-A0U-7793) x12; KIT, MARITIME R1 MTF, MASCAL, EVACUATION, TRAUMA (6545-CF-005-0438) x1; KIT, TREATMENT, MED TECH, BAG (6545-CF-002-1002) x3"
6515-01-315-6095,"MASK, SURGICAL, MEDICAL, HALYARD CANADA, ASTM LEVEL 3, PLEAT STYLE, W/FACE SHEILD, ORANGE",BX,2,1,43.93,C,WHSE,,"TREATMENT KIT, HYGIENE AND PPE (6545-20-A0U-8764) x2"
6515-01-318-3468,SPHYGMOMANOMETER W/CASE,EA,1,1,117,D,WHSE,,"KIT, MARITIME R1 MTF, MASCAL, EVACUATION, TRAUMA (6545-CF-005-0438) x1"
6515-01-322-5881,"ADMINISTRATION SET, IV SECONDARY 15GTT, 40INL, SPIN LOCK W/HANGER, 50'S",EA,51,2,1.26,C,WHSE,,"KIT, TMT CRASH CART, MAJOR WARSHIP, MEDICAL TREATMENT FACILITY (6545-20-A0U-7793) x1; TREATMENT KIT, MAJOR MEDICAL EQUIPMENT AND RELATED CONSUMABLES, MAJOR NAVAL WARSHIP, MEDICAL TREATMENT FACILITY. (6545-20-A0U-9002) x50"
6515-01-356-8511,SYR HYPO PLS 10-12CC,EA,100,1,0.21,C,WHSE,,"KIT, TMT CRASH CART, MAJOR WARSHIP, MEDICAL TREATMENT FACILITY (6545-20-A0U-7793) x100"
6515-01-357-5932,SYR HYPO PLS/DBL-SC 6CC,EA,107,3,0.19,C,WHSE,,"KIT, TMT CRASH CART, MAJOR WARSHIP, MEDICAL TREATMENT FACILITY (6545-20-A0U-7793) x100; KIT, MARITIME R1 MTF, MASCAL, EVACUATION, TRAUMA (6545-CF-005-0438) x3; KIT, TREATMENT, MED TECH, BAG (6545-CF-002-1002) x4"
6515-01-358-4886,ELECTRODE ECG 200 SERIES,PG,1,1,19.78,C,WHSE,,"KIT, TMT CRASH CART, MAJOR WARSHIP, MEDICAL TREATMENT FACILITY (6545-20-A0U-7793) x1"
6515-01-375-4798,CONNECTOR SALINE LOCK,EA,13,2,2.15,C,WHSE,,"KIT, TMT CRASH CART, MAJOR WARSHIP, MEDICAL TREATMENT FACILITY (6545-20-A0U-7793) x10; KIT, TREATMENT, MED TECH, BAG (6545-CF-002-1002) x3"
6515-01-390-9627,"CATHETER, I.V., SAFETY VERSION, 14G X 1.25IN",EA,6,1,2.36,C,WHSE,,"KIT, TMT CRASH CART, MAJOR WARSHIP, MEDICAL TREATMENT FACILITY (6545-20-A0U-7793) x6"
6515-01-390-9654,"CATHETER, I.V., SAFETY VERSION, 18G X 1.25IN",EA,125,2,1.8,C,WHSE,,"KIT, TMT CRASH CART, MAJOR WARSHIP, MEDICAL TREATMENT FACILITY (6545-20-A0U-7793) x100; KIT, MARITIME R1 MTF, MASCAL, EVACUATION, TRAUMA (6545-CF-005-0438) x25"
6515-01-417-7883,LIGHT (UV) BURTON 110V,EA,1,1,1042.77,D,WHSE,,"TREATMENT KIT, DIAGNOSTIC AND SCOPES, MAJOR NAVAL WARSHIP (6545-20-A0U-8767) x1"
6515-01-428-7546,"PAD, ELECTRODE, DEFIBRILLATOR ""STAT PADZ""",PR,2,1,55.93,C,WHSE,,"TREATMENT KIT, MAJOR MEDICAL EQUIPMENT AND RELATED CONSUMABLES, MAJOR NAVAL WARSHIP, MEDICAL TREATMENT FACILITY. (6545-20-A0U-9002) x2"
6515-01-446-9318,SAGER SPLINT,EA,2,1,628.19,D,WHSE,,"TREATMENT KIT, MSK AND BRACES/SPLINTS (6545-20-A0U-8766) x2"
6515-01-448-2946,"SUTURE, POLYPROPYLENE, MONOFILAMENT, NON-ABSORBABLE, SIZE 4-0, 13MM PRIME REVERSE CUTTING EDGE 3/8 CIRCLE NEEDLE, THREAD LENGTH 18IN",BX,3,1,284.59,C,WHSE,,"TREATMENT KIT, SUTURES AND TAPES (6545-20-A0U-8763) x3"
6515-01-452-1329,ADAPTER PEEP VALVE,EA,1,1,5.1,C,WHSE,,"KIT, TREATMENT, MED TECH, BAG (6545-CF-002-1002) x1"
6515-01-452-4435,SUPP CERV COLLAR SELECT,EA,19,3,17.15,C,WHSE,,"KIT, TMT, C.A.F. DIVE TEAM C-SPINE IMMOBILIZATION (6545-20-A0M-1004) x2; KIT, TMT CRASH CART, MAJOR WARSHIP, MEDICAL TREATMENT FACILITY (6545-20-A0U-7793) x16; KIT, TREATMENT, MED TECH, BAG (6545-CF-002-1002) x1"
6515-01-452-5833,CONNECTOR 22MM OD TUBING,EA,1,1,0.48,C,WHSE,,"KIT, MEDICAL, C.A.F. DIVE TEAM (6545-20-A0M-1006) x1"
6515-01-457-1496,"NEEDLE HYPO 21G X 1-1/2""",EA,150,2,0.19,C,WHSE,,"TREATMENT KIT, BLOOD COLLECTION (6545-20-A0U-8757) x100; TREATMENT KIT, IV/IO AND FLUIDS, MAJOR NAVAL WARSHIP (6545-20-A0U-8761) x50"
6515-01-458-6178,"SET, E.N.T. DIAGNOSTICS, LIGHTWEIGHT, FIELD USE",KT,1,1,898.23,D,WHSE,,"KIT, TREATMENT, MED TECH, BAG (6545-CF-002-1002) x1"
6515-01-479-5756,DETECTOR C02 EASY CAP II,EA,2,1,17.4,C,WHSE,,"KIT, TREATMENT, MED TECH, BAG (6545-CF-002-1002) x2"
6515-01-505-3037,"ELECTRODE,ELECTROCARDIOGRAPH. DISPOSABLE",BX,1,1,30.8,C,WHSE,,"TREATMENT KIT, MAJOR MEDICAL EQUIPMENT AND RELATED CONSUMABLES, MAJOR NAVAL WARSHIP, MEDICAL TREATMENT FACILITY. (6545-20-A0U-9002) x1"
6515-01-509-6866,SPLINT PELVIC SAM,EA,2,1,87.22,D,WHSE,,"KIT, MARITIME R1 MTF, MASCAL, EVACUATION, TRAUMA (6545-CF-005-0438) x2"
6515-01-518-3518,THERMOMETER CLIN DIGITAL,EA,1,1,349.18,D,WHSE,,"TREATMENT KIT, DIAGNOSTIC AND SCOPES, MAJOR NAVAL WARSHIP (6545-20-A0U-8767) x1"
6515-01-521-5730,SPLINT LEG TRACTION 4:1,EA,3,2,205.58,D,WHSE,,"TREATMENT KIT, MSK AND BRACES/SPLINTS (6545-20-A0U-8766) x2; KIT, TREATMENT, MED TECH, BAG (6545-CF-002-1002) x1"
6515-01-521-7976,"TOURNIQUET, COMBAT APPLICATION, HEMORRHAGE CONTROL, C-A-T, BLACK",EA,10,3,32.98,C,WHSE,,"KIT, TMT CRASH CART, MAJOR WARSHIP, MEDICAL TREATMENT FACILITY (6545-20-A0U-7793) x3; KIT, MARITIME R1 MTF, MASCAL, EVACUATION, TRAUMA (6545-CF-005-0438) x4; KIT, TREATMENT, MED TECH, BAG (6545-CF-002-1002) x3"
6515-01-523-3317,"CONSTRICTING AND SECURING DEVICE,IV",EA,2,1,13.3,D,WHSE,,"KIT, TREATMENT, MED TECH, BAG (6545-CF-002-1002) x2"
6515-01-525-0236,SPECULUM OTOSCOPE 4.25MM,BG,3,2,35.19,C,WHSE,,"TREATMENT KIT, DIAGNOSTIC AND SCOPES, MAJOR NAVAL WARSHIP (6545-20-A0U-8767) x2; KIT, MARITIME R1 MTF, MASCAL, EVACUATION, TRAUMA (6545-CF-005-0438) x1"
6515-01-537-2611,BAND CONSTRICTING IV,EA,1,1,20.9,C,WHSE,,"KIT, TREATMENT, MED TECH, BAG (6545-CF-002-1002) x1"
6515-01-537-9007,"NEEDLE SET,INTRAOSSEOUS INJECTION, ADULT, 15 GAUGE, 25MM LONG, 304 STAINLESS STEEL, LATEX-FREE, FOR USE WITH 6515-01-590-8589 DRIVER INTRAOSSEOUS",EA,5,1,175,C,WHSE,,"TREATMENT KIT, IV/IO AND FLUIDS, MAJOR NAVAL WARSHIP (6545-20-A0U-8761) x5"
6515-01-537-9013,"NEEDLE SET,INTRAOSSEOUS INJECTION, PEDIATRIC, 15 GAUGE, 15MM LONG, 304 STAINLESS STEEL, LATEX-FREE, FOR USE WITH 6515-01-590-8589 DRIVER INTRAOSSEOUS OR MANUALLY FOR PEDIATRIC USAGE.",EA,5,1,175,C,WHSE,,"TREATMENT KIT, IV/IO AND FLUIDS, MAJOR NAVAL WARSHIP (6545-20-A0U-8761) x5"
6515-01-540-3238,"DEFIBRILLATOR, AUTOMATIC EXTERNAL, LCD SCREEN",EA,2,1,1453.58,B,WHSE,,"TREATMENT KIT, MAJOR MEDICAL EQUIPMENT AND RELATED CONSUMABLES, MAJOR NAVAL WARSHIP, MEDICAL TREATMENT FACILITY. (6545-20-A0U-9002) x2"
6515-01-540-7226,"LANYARD, RETRACTABLE FOR MEDICAL SCISSORS WITH CLIP FOR D-RINGS",EA,1,1,18.73,D,WHSE,,"KIT, TREATMENT, MED TECH, BAG (6545-CF-002-1002) x1"
6515-01-541-0629,BAG MARINER ORNG EMPTY,EA,30,1,154.82,D,WHSE,,"TREATMENT KIT, ENT, UROLOGY, OPHTHALMO, CHEST, GI AND GENERAL (6545-20-A0U-8765) x30"
6515-01-565-7028,"SPECULUM, VAGINAL, MEDIUM",EA,14,2,2,C,WHSE,,"TREATMENT KIT, DIAGNOSTIC AND SCOPES, MAJOR NAVAL WARSHIP (6545-20-A0U-8767) x10; TREATMENT KIT, INSTRUMENTS, MAJOR NAVAL WARSHIP (6545-20-A0U-8762) x4"
6515-01-577-0312,"SET, NEEDLE, INTRAOSSEOUS, 45MM, HUMERUS, YELLOW HUB, 15G, USED WITH BONE GUN 6515- 01-590-8589",SE,10,1,175,C,WHSE,,"TREATMENT KIT, IV/IO AND FLUIDS, MAJOR NAVAL WARSHIP (6545-20-A0U-8761) x10"
6515-01-583-0475,"SYRINGE,HYPODERMIC. CAPACITY 50 ML",EA,8,3,0.99,C,WHSE,,"TREATMENT KIT, IV/IO AND FLUIDS, MAJOR NAVAL WARSHIP (6545-20-A0U-8761) x6; KIT, MARITIME R1 MTF, MASCAL, EVACUATION, TRAUMA (6545-CF-005-0438) x1; KIT, TREATMENT, MED TECH, BAG (6545-CF-002-1002) x1"
6515-01-587-9943,"TOURNIQUET, TACTICAL, BLACK, SPECIAL OPERATIONS FORCES",EA,1,1,38.51,C,WHSE,,"KIT, TREATMENT, MED TECH, BAG (6545-CF-002-1002) x1"
6515-01-590-8589,"INTRAOSSEOUS INJECTION GUN, BONE HAND HELD, LITHIUM BATTERY POWERED, 450G , RED COLOUR, CIVILIAN VERSION",EA,1,1,422.94,D,WHSE,,"TREATMENT KIT, IV/IO AND FLUIDS, MAJOR NAVAL WARSHIP (6545-20-A0U-8761) x1"
6515-01-611-9498,"SUTURE, POLYPROPYLENE, MONOFILAMENT, NON-ABSORBABLE, SIZE 6-0, 11MM PRIME REVERSE CUTTING EDGE 3/8 CIRCLE NEEDLE, THREAD LENGTH 18IN",EA,12,1,11.32,C,WHSE,,"TREATMENT KIT, SUTURES AND TAPES (6545-20-A0U-8763) x12"
6515-01-612-6715,"SUTURE, POLYGLACT 910, UNDYED BRAIDED, ABSORBABLE, SIZE 5-0, 13MM PRIME REVERSE CUTTING EDGE 3/8 CIRCLE NEEDLE, THREAD LENGTH 18IN",EA,12,1,17.39,C,WHSE,,"TREATMENT KIT, SUTURES AND TAPES (6545-20-A0U-8763) x12"
6515-01-615-2305,"SET, ELECTRODE, ECG READINESS PACK FOR VITAL SIGNS MONITOR 6515-01-693-1239",SE,2,1,170.52,C,WHSE,,"TREATMENT KIT, MAJOR MEDICAL EQUIPMENT AND RELATED CONSUMABLES, MAJOR NAVAL WARSHIP, MEDICAL TREATMENT FACILITY. (6545-20-A0U-9002) x2"
6515-01-618-6471,"SYRINGE, HYPODERMIC 3ML",EA,9,2,0.13,C,WHSE,,"KIT, MARITIME R1 MTF, MASCAL, EVACUATION, TRAUMA (6545-CF-005-0438) x6; KIT, TREATMENT, MED TECH, BAG (6545-CF-002-1002) x3"
6515-01-618-7475,"TOURNIQUET, JUNCTIONAL, SAM",EA,3,2,447.78,C,WHSE,,"KIT, TMT CRASH CART, MAJOR WARSHIP, MEDICAL TREATMENT FACILITY (6545-20-A0U-7793) x2; KIT, TREATMENT, MED TECH, BAG (6545-CF-002-1002) x1"
6515-01-618-8278,"PACK, AIRWAY SUPRAGLOTTIC, ADULT, SIZE 4 COMES WITH LUBRICANT AND AIRWAY SUPPORT STRAP",EA,6,3,35,C,WHSE,,"KIT, TMT CRASH CART, MAJOR WARSHIP, MEDICAL TREATMENT FACILITY (6545-20-A0U-7793) x3; KIT, MARITIME R1 MTF, MASCAL, EVACUATION, TRAUMA (6545-CF-005-0438) x2; KIT, TREATMENT, MED TECH, BAG (6545-CF-002-1002) x1"
6515-01-621-2401,"PACK, AIRWAY SUPRAGLOTTIC, ADULT, SIZE 5 COMES WITH LUBRICANT AND AIRWAY SUPPORT STRAP",EA,8,3,35,C,WHSE,,"KIT, TMT CRASH CART, MAJOR WARSHIP, MEDICAL TREATMENT FACILITY (6545-20-A0U-7793) x3; KIT, MARITIME R1 MTF, MASCAL, EVACUATION, TRAUMA (6545-CF-005-0438) x4; KIT, TREATMENT, MED TECH, BAG (6545-CF-002-1002) x1"
6515-01-626-6395,"DRIVER, MANUAL, INTRAOSSEOUS DEVICE AND NEEDLE, STERILE",PG,6,2,391.67,C,WHSE,,"TREATMENT KIT, IV/IO AND FLUIDS, MAJOR NAVAL WARSHIP (6545-20-A0U-8761) x5; KIT, TREATMENT, MED TECH, BAG (6545-CF-002-1002) x1"
6515-01-626-8691,"MONITOR, CO2, COMPACT WITH ALARMS",EA,1,1,1451.93,B,WHSE,,"TREATMENT KIT, MAJOR MEDICAL EQUIPMENT AND RELATED CONSUMABLES, MAJOR NAVAL WARSHIP, MEDICAL TREATMENT FACILITY. (6545-20-A0U-9002) x1"
6515-01-649-5343,TOURNIQUET LATEX FREE,EA,133,4,0.29,C,WHSE,,"TREATMENT KIT, BLOOD COLLECTION (6545-20-A0U-8757) x100; KIT, TMT CRASH CART, MAJOR WARSHIP, MEDICAL TREATMENT FACILITY (6545-20-A0U-7793) x25; TRANSIT UNIT MEDICAL SPECIMEN FATAL ACCIDENT (6545-21-912-4986) x4; TRANSIT UNIT MEDICAL SPECIMEN NON-FATAL ACCIDENT (6545-21-912-4985) x4"
6515-01-652-4131,"ADAPTER, AIRWAY, INFANT FOR CO2 MONITOR 6515-01-652-4131",BX,1,1,200,C,WHSE,,"TREATMENT KIT, MAJOR MEDICAL EQUIPMENT AND RELATED CONSUMABLES, MAJOR NAVAL WARSHIP, MEDICAL TREATMENT FACILITY. (6545-20-A0U-9002) x1"
6515-01-656-4726,TUBE PATIENT FOR LSU,EA,5,1,21.87,C,WHSE,,"TREATMENT KIT, MAJOR MEDICAL EQUIPMENT AND RELATED CONSUMABLES, MAJOR NAVAL WARSHIP, MEDICAL TREATMENT FACILITY. (6545-20-A0U-9002) x5"
6515-01-661-3370,STETHOSCOPE CARDIOLOGY,EA,3,1,86.75,D,WHSE,,"KIT, TMT CRASH CART, MAJOR WARSHIP, MEDICAL TREATMENT FACILITY (6545-20-A0U-7793) x3"
6515-01-673-1021,"CATHETER, I.V., SAFETY VERSION, 16G X 1.25IN",EA,40,2,1.8,C,WHSE,,"KIT, TMT CRASH CART, MAJOR WARSHIP, MEDICAL TREATMENT FACILITY (6545-20-A0U-7793) x15; KIT, MARITIME R1 MTF, MASCAL, EVACUATION, TRAUMA (6545-CF-005-0438) x25"
6515-01-673-7560,STETHOSCOPE,EA,4,2,131.24,D,WHSE,,"KIT, MARITIME R1 MTF, MASCAL, EVACUATION, TRAUMA (6545-CF-005-0438) x3; KIT, TREATMENT, MED TECH, BAG (6545-CF-002-1002) x1"
6515-01-674-6444,"TOURNIQUET, FLAT, 1 X 18IN, BLUE, DISPOSABLE, NON-LATEX",EA,1,1,0.24,C,WHSE,,"KIT, TREATMENT, MED TECH, BAG (6545-CF-002-1002) x1"
6515-01-676-0320,"PUMP, INTRAVENOUS INFUSION",EA,1,1,3000,B,WHSE,,"TREATMENT KIT, MAJOR MEDICAL EQUIPMENT AND RELATED CONSUMABLES, MAJOR NAVAL WARSHIP, MEDICAL TREATMENT FACILITY. (6545-20-A0U-9002) x1"
6515-01-676-8354,"ADMINISTRATION SET, INFUSION PUMP, 120IN LONG,15 DROPS/ML.",EA,49,2,6.65,C,WHSE,,"KIT, TMT CRASH CART, MAJOR WARSHIP, MEDICAL TREATMENT FACILITY (6545-20-A0U-7793) x1; TREATMENT KIT, MAJOR MEDICAL EQUIPMENT AND RELATED CONSUMABLES, MAJOR NAVAL WARSHIP, MEDICAL TREATMENT FACILITY. (6545-20-A0U-9002) x48"
6515-01-676-8390,"ADMINISTRATION SET, Y TYPE BLOOD PUMP CARESITE INJ, 24'S",EA,49,2,9.45,C,WHSE,,"KIT, TMT CRASH CART, MAJOR WARSHIP, MEDICAL TREATMENT FACILITY (6545-20-A0U-7793) x1; TREATMENT KIT, MAJOR MEDICAL EQUIPMENT AND RELATED CONSUMABLES, MAJOR NAVAL WARSHIP, MEDICAL TREATMENT FACILITY. (6545-20-A0U-9002) x48"
6515-01-678-9635,"BRACE, ANKLE, STIRRUP AND STABILIZING STRAPS, MEDIUM",EA,3,1,27.57,C,WHSE,,"TREATMENT KIT, MSK AND BRACES/SPLINTS (6545-20-A0U-8766) x3"
6515-01-678-9640,"BRACE, ANKLE, STIRRUP AND STABILIZING STRAPS, LARGE",EA,3,1,28.34,C,WHSE,,"TREATMENT KIT, MSK AND BRACES/SPLINTS (6545-20-A0U-8766) x3"
6515-01-679-0354,"BRACE, ANKLE, STIRRUP AND STABILIZING STRAPS, SMALL",EA,3,1,28.5,C,WHSE,,"TREATMENT KIT, MSK AND BRACES/SPLINTS (6545-20-A0U-8766) x3"
6515-01-679-0436,BRACE WRIST SUEDE SM/R,EA,2,1,14.59,C,WHSE,,"TREATMENT KIT, MSK AND BRACES/SPLINTS (6545-20-A0U-8766) x2"
6515-01-679-0439,BRACE WRIST SUEDE MED/R,EA,2,1,14.59,C,WHSE,,"TREATMENT KIT, MSK AND BRACES/SPLINTS (6545-20-A0U-8766) x2"
6515-01-679-0442,BRACE WRIST SUEDE LRG/R,EA,2,1,14.59,C,WHSE,,"TREATMENT KIT, MSK AND BRACES/SPLINTS (6545-20-A0U-8766) x2"
6515-01-679-1044,BRACE WRIST SUEDE SM/L,EA,2,1,14.59,C,WHSE,,"TREATMENT KIT, MSK AND BRACES/SPLINTS (6545-20-A0U-8766) x2"
6515-01-679-1048,BRACE WRIST SUEDE MED/L,EA,2,1,14.59,C,WHSE,,"TREATMENT KIT, MSK AND BRACES/SPLINTS (6545-20-A0U-8766) x2"
6515-01-679-1051,BRACE WRIST SUEDE LRG/L,EA,2,1,14.59,C,WHSE,,"TREATMENT KIT, MSK AND BRACES/SPLINTS (6545-20-A0U-8766) x2"
6515-01-679-7743,"CLAMP, IV POLE, PUMP, INTRAVENOUS INFUSION",EA,1,1,151,D,WHSE,,"TREATMENT KIT, MAJOR MEDICAL EQUIPMENT AND RELATED CONSUMABLES, MAJOR NAVAL WARSHIP, MEDICAL TREATMENT FACILITY. (6545-20-A0U-9002) x1"
6515-01-681-6750,"VALVE,SURGICAL DRAIN",SE,6,1,107.7,C,WHSE,,"KIT, TMT CRASH CART, MAJOR WARSHIP, MEDICAL TREATMENT FACILITY (6545-20-A0U-7793) x6"
6515-01-681-8769,"BAG & EXTENSION TUBE, LEG, ANTI-RFLX TWSTVLV, URINE COLLECTION, 32OZ, PVC, SINGLE USE",EA,2,1,2.95,C,WHSE,,"KIT, TREATMENT, MED TECH, BAG (6545-CF-002-1002) x2"
6515-01-685-3762,"SOLUTION SET, NON-VENTED, 10 DROPS/ML, 112IN (2.8M)",EA,15,1,6.02,C,WHSE,,"KIT, MARITIME R1 MTF, MASCAL, EVACUATION, TRAUMA (6545-CF-005-0438) x15"
6515-01-685-4875,"CLIPPER, SURGICAL, CORDLESS",EA,1,1,94,D,WHSE,,"KIT, TMT CRASH CART, MAJOR WARSHIP, MEDICAL TREATMENT FACILITY (6545-20-A0U-7793) x1"
6515-01-685-4887,"BLADE, SURGICAL CLIPPER",EA,2,1,2.18,C,WHSE,,"KIT, TMT CRASH CART, MAJOR WARSHIP, MEDICAL TREATMENT FACILITY (6545-20-A0U-7793) x2"
6515-01-686-2467,"BRACE, KNEE, HINGED, WRAP, BREATHABLE, S, 39CM TO 47CM",EA,2,1,47.89,C,WHSE,,"TREATMENT KIT, MSK AND BRACES/SPLINTS (6545-20-A0U-8766) x2"
6515-01-688-4412,FORCEPS TISSUE 4 3/4IN,EA,8,1,2.53,D,WHSE,,"TREATMENT KIT, INSTRUMENTS, MAJOR NAVAL WARSHIP (6545-20-A0U-8762) x8"
6515-01-690-0047,"FILTER, BACTERIAL VIRAL PLUS HME",EA,6,1,27.14,C,WHSE,,"TREATMENT KIT, HYGIENE AND PPE (6545-20-A0U-8764) x6"
6515-01-690-1463,SPACE PUMP IV SET WITH ANTI-SIPHON VALVE,EA,25,2,6.21,D,WHSE,,"KIT, TMT CRASH CART, MAJOR WARSHIP, MEDICAL TREATMENT FACILITY (6545-20-A0U-7793) x1; TREATMENT KIT, MAJOR MEDICAL EQUIPMENT AND RELATED CONSUMABLES, MAJOR NAVAL WARSHIP, MEDICAL TREATMENT FACILITY. (6545-20-A0U-9002) x24"
6515-01-690-3760,"VACUUM CLEANER, PLASTER",EA,1,1,7545.73,B,WHSE,,"TREATMENT KIT, MAJOR MEDICAL EQUIPMENT AND RELATED CONSUMABLES, MAJOR NAVAL WARSHIP, MEDICAL TREATMENT FACILITY. (6545-20-A0U-9002) x1"
6515-01-693-0950,"SYRINGE, IRRIGATING, TOOMEY, 60ML",EA,2,1,1.54,C,WHSE,,"KIT, TMT CRASH CART, MAJOR WARSHIP, MEDICAL TREATMENT FACILITY (6545-20-A0U-7793) x2"
6515-01-693-1239,PROPAQ MD,EA,1,1,30968.93,A,WHSE,,"TREATMENT KIT, MAJOR MEDICAL EQUIPMENT AND RELATED CONSUMABLES, MAJOR NAVAL WARSHIP, MEDICAL TREATMENT FACILITY. (6545-20-A0U-9002) x1"
6515-01-693-3656,"MASK, N95, MEDICAL, HALYARD CANADA, DUCKBILL, WHITE",EA,50,1,1.74,C,WHSE,,"TREATMENT KIT, HYGIENE AND PPE (6545-20-A0U-8764) x50"
6515-01-695-8358,"CATHETER, I.V. SAFETY VERSION, 20G X 1.25IN",EA,25,1,1.8,C,WHSE,,"KIT, MARITIME R1 MTF, MASCAL, EVACUATION, TRAUMA (6545-CF-005-0438) x25"
6515-12-381-0798,SODIUM CHLORIDE 0.9%,EA,50,2,1.36,C,WHSE,,"KIT, TMT CRASH CART, MAJOR WARSHIP, MEDICAL TREATMENT FACILITY (6545-20-A0U-7793) x20; TREATMENT KIT, IV/IO AND FLUIDS, MAJOR NAVAL WARSHIP (6545-20-A0U-8761) x30"
6515-14-503-7510,"CATHETER, STRAIGHT, IN-DWELLING, MALE",EA,1,1,8.76,C,WHSE,,"KIT, TREATMENT, MED TECH, BAG (6545-CF-002-1002) x1"
6515-14-537-1249,"CATHETER, MALE, FOLEY 2-WAY, STRAIGHT, IN-DWELLING",EA,1,1,8.76,C,WHSE,,"KIT, TREATMENT, MED TECH, BAG (6545-CF-002-1002) x1"
6515-20-006-8681,COTTON TIP APPLICATOR. PLASTIC,BX,0.05,1,5.3,C,WHSE,,"KIT, R1, DENTAL EMERGENCY, PA/MO (6545-CF-005-0890) x0.05"
6515-20-011-1758,SCALPEL DISP 11 SAFETY SHIELD,EA,62,3,2.89,C,WHSE,,"KIT, MEDICAL, C.A.F. DIVE TEAM (6545-20-A0M-1006) x2; KIT, TMT CRASH CART, MAJOR WARSHIP, MEDICAL TREATMENT FACILITY (6545-20-A0U-7793) x50; TREATMENT KIT, INSTRUMENTS, MAJOR NAVAL WARSHIP (6545-20-A0U-8762) x10"
6515-20-011-2559,"TRAY, TACTICAL VASCULAR",SE,13,3,46.78,D,WHSE,,"TREATMENT KIT, IV/IO AND FLUIDS, MAJOR NAVAL WARSHIP (6545-20-A0U-8761) x6; KIT, MARITIME R1 MTF, MASCAL, EVACUATION, TRAUMA (6545-CF-005-0438) x4; KIT, TREATMENT, MED TECH, BAG (6545-CF-002-1002) x3"
6515-20-011-4681,SET AIRWAY SURGICAL STER,EA,10,3,50.83,C,WHSE,,"KIT, TMT CRASH CART, MAJOR WARSHIP, MEDICAL TREATMENT FACILITY (6545-20-A0U-7793) x4; KIT, MARITIME R1 MTF, MASCAL, EVACUATION, TRAUMA (6545-CF-005-0438) x4; KIT, TREATMENT, MED TECH, BAG (6545-CF-002-1002) x2"
6515-20-A0H-9391,"VENTILATOR, PORTABLE, CRITICAL CARE WITH INTEGRAL SPO2 AND HEART RATE MONITOR",EA,1,1,15529.08,A,WHSE,,"TREATMENT KIT, MAJOR MEDICAL EQUIPMENT AND RELATED CONSUMABLES, MAJOR NAVAL WARSHIP, MEDICAL TREATMENT FACILITY. (6545-20-A0U-9002) x1"
6515-20-A0V-9736,MICROBORE EXTENSION SET,EA,51,2,2.04,C,WHSE,,"KIT, TMT CRASH CART, MAJOR WARSHIP, MEDICAL TREATMENT FACILITY (6545-20-A0U-7793) x1; TREATMENT KIT, MAJOR MEDICAL EQUIPMENT AND RELATED CONSUMABLES, MAJOR NAVAL WARSHIP, MEDICAL TREATMENT FACILITY. (6545-20-A0U-9002) x50"
6515-20-A0V-9737,"CATHETER EXTENSION SET, 8IN",EA,26,2,2.39,C,WHSE,,"KIT, TMT CRASH CART, MAJOR WARSHIP, MEDICAL TREATMENT FACILITY (6545-20-A0U-7793) x1; TREATMENT KIT, MAJOR MEDICAL EQUIPMENT AND RELATED CONSUMABLES, MAJOR NAVAL WARSHIP, MEDICAL TREATMENT FACILITY. (6545-20-A0U-9002) x25"
6515-20-A0Y-6206,"MONITOR,PATIENT VITAL SIGNS",EA,2,1,5200,A,WHSE,,"TREATMENT KIT, MAJOR MEDICAL EQUIPMENT AND RELATED CONSUMABLES, MAJOR NAVAL WARSHIP, MEDICAL TREATMENT FACILITY. (6545-20-A0U-9002) x2"
6515-21-113-1540,HAMMER REFLEX TESTING,EA,2,2,3.94,D,WHSE,,"TREATMENT KIT, DIAGNOSTIC AND SCOPES, MAJOR NAVAL WARSHIP (6545-20-A0U-8767) x1; KIT, MARITIME R1 MTF, MASCAL, EVACUATION, TRAUMA (6545-CF-005-0438) x1"
6515-21-113-1564,SPHYGMOMANO POCKET TYPE,EA,5,3,23.28,D,WHSE,,"KIT, TMT CRASH CART, MAJOR WARSHIP, MEDICAL TREATMENT FACILITY (6545-20-A0U-7793) x3; TREATMENT KIT, DIAGNOSTIC AND SCOPES, MAJOR NAVAL WARSHIP (6545-20-A0U-8767) x1; KIT, MARITIME R1 MTF, MASCAL, EVACUATION, TRAUMA (6545-CF-005-0438) x1"
6515-21-116-0241,STOCKINET SURGICAL 7.62C,RO,1,1,7.65,C,WHSE,,"TREATMENT KIT, BANDAGES/DRESSINGS AND TRAYS, MAJOR NAVAL WARSHIP, MEDICAL TREATMENT FACILITY (6545-20-A0U-8755) x1"
6515-21-116-0303,"SUTURE, NYLON, MONOFILAMENT, NON-ABSORBABLE, SIZE 4-0, 19MM CONVENTIONAL CUTTING 3/8 CIRLCE NEEDLE, THREAD LENGTH 18IN",BX,1,1,94.38,C,WHSE,,"TREATMENT KIT, SUTURES AND TAPES (6545-20-A0U-8763) x1"
6515-21-116-0445,TUBING LATEX 3/16IN X 1/16IN X 50FT/RL,RO,6,2,17.2,C,WHSE,,"TREATMENT KIT, ENT, UROLOGY, OPHTHALMO, CHEST, GI AND GENERAL (6545-20-A0U-8765) x2; KIT, MARITIME R1 MTF, MASCAL, EVACUATION, TRAUMA (6545-CF-005-0438) x4"
6515-21-116-2907,SPLINT (ALU)HAND-ADULT,EA,4,1,9.37,C,WHSE,,"TREATMENT KIT, MSK AND BRACES/SPLINTS (6545-20-A0U-8766) x4"
6515-21-116-2953,CONNECTOR (TUBE)1/4IN OD,EA,2,1,0.35,C,WHSE,,"TREATMENT KIT, ENT, UROLOGY, OPHTHALMO, CHEST, GI AND GENERAL (6545-20-A0U-8765) x2"
6515-21-116-3551,PLUG CATHETER SMALL,EA,8,2,0.81,C,WHSE,,"TREATMENT KIT, ENT, UROLOGY, OPHTHALMO, CHEST, GI AND GENERAL (6545-20-A0U-8765) x6; KIT, MARITIME R1 MTF, MASCAL, EVACUATION, TRAUMA (6545-CF-005-0438) x2"
6515-21-116-3555,CATH URET 14FR/30C FOLEY,EA,2,1,17.57,C,WHSE,,"KIT, MARITIME R1 MTF, MASCAL, EVACUATION, TRAUMA (6545-CF-005-0438) x2"
6515-21-116-3556,CATH URET 16FR/30C FOLEY,EA,2,1,17.57,C,WHSE,,"KIT, MARITIME R1 MTF, MASCAL, EVACUATION, TRAUMA (6545-CF-005-0438) x2"
6515-21-116-3926,"DIRECTOR & TONGUE TIE 6""",EA,2,1,38,C,WHSE,,"TREATMENT KIT, INSTRUMENTS, MAJOR NAVAL WARSHIP (6545-20-A0U-8762) x2"
6515-21-116-4037,"FORCEPS DRESSING 6""(15.2CM)LG",EA,6,1,6.13,C,WHSE,,"TREATMENT KIT, INSTRUMENTS, MAJOR NAVAL WARSHIP (6545-20-A0U-8762) x6"
6515-21-116-4046,FORCEP GAUZE PAD HOLDING,EA,8,1,19.88,C,WHSE,,"TREATMENT KIT, INSTRUMENTS, MAJOR NAVAL WARSHIP (6545-20-A0U-8762) x8"
6515-21-116-4050,FORCEP HEMO CRIL CV 13CM,EA,6,1,12.44,C,WHSE,,"TREATMENT KIT, INSTRUMENTS, MAJOR NAVAL WARSHIP (6545-20-A0U-8762) x6"
6515-21-116-4057,FORCEP HEM CRIL ST 13CM,EA,1,1,23.75,C,WHSE,,"KIT, TREATMENT, MED TECH, BAG (6545-CF-002-1002) x1"
6515-21-116-4069,"FORCEPS IRIS 2-1/2""",EA,5,1,83.13,C,WHSE,,"TREATMENT KIT, INSTRUMENTS, MAJOR NAVAL WARSHIP (6545-20-A0U-8762) x5"
6515-21-116-4391,NIPPER INGROWN TOENAIL 4.5-5IN LG CONCAVE JAWS LAP LOCK JOINT,EA,1,1,119.14,C,WHSE,,"TREATMENT KIT, INSTRUMENTS, MAJOR NAVAL WARSHIP (6545-20-A0U-8762) x1"
6515-21-116-4482,PROBE W/EYE (GP) 15.2CM,EA,15,1,6.2,C,WHSE,,"TREATMENT KIT, INSTRUMENTS, MAJOR NAVAL WARSHIP (6545-20-A0U-8762) x15"
6515-21-116-4548,RETRACTOR MASTOID SENN,EA,4,1,20.5,C,WHSE,,"TREATMENT KIT, INSTRUMENTS, MAJOR NAVAL WARSHIP (6545-20-A0U-8762) x4"
6515-21-116-4574,SAW FINGER RING,EA,1,1,24.35,C,WHSE,,"TREATMENT KIT, INSTRUMENTS, MAJOR NAVAL WARSHIP (6545-20-A0U-8762) x1"
6515-21-116-4589,"SCISSORS SUTURE 5 1/2""(14CM)LG",EA,15,1,35.67,C,WHSE,,"TREATMENT KIT, INSTRUMENTS, MAJOR NAVAL WARSHIP (6545-20-A0U-8762) x15"
6515-21-116-4672,"SPECULUM RECTAL 4 1/2""LG",EA,1,1,110,C,WHSE,,"TREATMENT KIT, INSTRUMENTS, MAJOR NAVAL WARSHIP (6545-20-A0U-8762) x1"
6515-21-116-9252,CATH URET 16FR/5CC FOLEY,EA,6,1,6.08,C,WHSE,,"TREATMENT KIT, ENT, UROLOGY, OPHTHALMO, CHEST, GI AND GENERAL (6545-20-A0U-8765) x6"
6515-21-116-9975,"SCISSORS 9""(23CM)LG BLUNT",EA,3,1,22.25,C,WHSE,,"TREATMENT KIT, INSTRUMENTS, MAJOR NAVAL WARSHIP (6545-20-A0U-8762) x3"
6515-21-840-9136,SCISS SUT DELIC STRT 8CM,EA,2,1,10.84,D,WHSE,,"TREATMENT KIT, INSTRUMENTS, MAJOR NAVAL WARSHIP (6545-20-A0U-8762) x2"
6515-21-842-6372,"TUBE CONNECT 5/16""-9/16""",EA,4,1,1.94,C,WHSE,,"TREATMENT KIT, ENT, UROLOGY, OPHTHALMO, CHEST, GI AND GENERAL (6545-20-A0U-8765) x4"
6515-21-842-6747,HOLDER S-N CRILE 15CM,EA,10,1,50.9,D,WHSE,,"TREATMENT KIT, INSTRUMENTS, MAJOR NAVAL WARSHIP (6545-20-A0U-8762) x10"
6515-21-843-5483,STOCKINET SURGICAL 10.16,RO,1,1,9.31,C,WHSE,,"TREATMENT KIT, BANDAGES/DRESSINGS AND TRAYS, MAJOR NAVAL WARSHIP, MEDICAL TREATMENT FACILITY (6545-20-A0U-8755) x1"
6515-21-844-4259,TRANSILLUM HEAD WA43200,EA,1,1,131.61,C,WHSE,,"TREATMENT KIT, DIAGNOSTIC AND SCOPES, MAJOR NAVAL WARSHIP (6545-20-A0U-8767) x1"
6515-21-845-2882,(D)SYRINGE ASPI HARPOON,EA,3,1,33.32,C,WHSE,,"KIT, R1, DENTAL EMERGENCY, PA/MO (6545-CF-005-0890) x3"
6515-21-846-0930,"CUFF, BLOOD PRESSURE, CHILD, 18CM TO 26CM ARM CIRCUMFERENCE",EA,1,1,8.1,C,WHSE,,"TREATMENT KIT, DIAGNOSTIC AND SCOPES, MAJOR NAVAL WARSHIP (6545-20-A0U-8767) x1"
6515-21-847-0797,"TROCAR CATHETER 28FR/16""",EA,4,1,22.24,C,WHSE,,"KIT, TMT CRASH CART, MAJOR WARSHIP, MEDICAL TREATMENT FACILITY (6545-20-A0U-7793) x4"
6515-21-847-0798,"TROCAR CATHETER 20FR/16""",EA,4,1,26.16,C,WHSE,,"KIT, TMT CRASH CART, MAJOR WARSHIP, MEDICAL TREATMENT FACILITY (6545-20-A0U-7793) x4"
6515-21-847-0876,"SET, TUNING FORKS, SET OF 5 FORKS WITH CASE, RALK DESIGN, MAGNESIUM ALLOY CLASS 'C' PITCH",SE,1,1,437,D,WHSE,,"TREATMENT KIT, DIAGNOSTIC AND SCOPES, MAJOR NAVAL WARSHIP (6545-20-A0U-8767) x1"
6515-21-848-1891,STYLET CATH GUIDE 8FR,EA,2,1,32.08,C,WHSE,,"TREATMENT KIT, INSTRUMENTS, MAJOR NAVAL WARSHIP (6545-20-A0U-8762) x2"
6515-21-848-2730,TUBE DUODENAL 16FR,EA,3,2,1.15,C,WHSE,,"TREATMENT KIT, ENT, UROLOGY, OPHTHALMO, CHEST, GI AND GENERAL (6545-20-A0U-8765) x2; KIT, MARITIME R1 MTF, MASCAL, EVACUATION, TRAUMA (6545-CF-005-0438) x1"
6515-21-848-2731,TUBE DUODENAL 18FR,EA,2,1,0.81,C,WHSE,,"TREATMENT KIT, ENT, UROLOGY, OPHTHALMO, CHEST, GI AND GENERAL (6545-20-A0U-8765) x2"
6515-21-855-0152,"FORCEP TIS GILL 6""/1X2TH",EA,10,1,11.57,C,WHSE,,"TREATMENT KIT, INSTRUMENTS, MAJOR NAVAL WARSHIP (6545-20-A0U-8762) x10"
6515-21-859-1545,"BAG, COMPRESSION, PEDIATRIC FOR SPHYGMOMANOMETER, 6.75IN X 3.75IN",EA,1,1,5.74,C,WHSE,,"TREATMENT KIT, DIAGNOSTIC AND SCOPES, MAJOR NAVAL WARSHIP (6545-20-A0U-8767) x1"
6515-21-859-1546,"BAG, COMPRESSION, PEDIATRIC FOR SPHYGMOMANOMETER, 4.75IN X 2.5IN",EA,1,1,5.12,C,WHSE,,"TREATMENT KIT, DIAGNOSTIC AND SCOPES, MAJOR NAVAL WARSHIP (6545-20-A0U-8767) x1"
6515-21-859-4656,"SPLINT FNGR ALU 1 X 18""(2.5CM-45.7CM)",EA,12,1,4.04,C,WHSE,,"TREATMENT KIT, MSK AND BRACES/SPLINTS (6545-20-A0U-8766) x12"
6515-21-859-4657,"SPLINT FNGR ALU 3/4X18""(1.9CM X 45.7CM)",EA,12,1,2.97,C,WHSE,,"TREATMENT KIT, MSK AND BRACES/SPLINTS (6545-20-A0U-8766) x12"
6515-21-870-5191,KNIFE SURG W/BLADE NO.15,EA,5,1,1.51,C,WHSE,,"KIT, TREATMENT, MED TECH, BAG (6545-CF-002-1002) x5"
6515-21-870-5822,SYR HYPO PLS/SGL-SC 20CC,EA,20,1,0.66,C,WHSE,,"TREATMENT KIT, IV/IO AND FLUIDS, MAJOR NAVAL WARSHIP (6545-20-A0U-8761) x20"
6515-21-870-8181,SYR HYPO PLS/DBL-SC 1CC,EA,50,2,0.33,C,WHSE,,"KIT, TMT CRASH CART, MAJOR WARSHIP, MEDICAL TREATMENT FACILITY (6545-20-A0U-7793) x25; TREATMENT KIT, IV/IO AND FLUIDS, MAJOR NAVAL WARSHIP (6545-20-A0U-8761) x25"
6515-21-877-1517,TUBING ASSY OXYGEN 7FT,EA,51,2,0.85,C,WHSE,,"KIT, MEDICAL, C.A.F. DIVE TEAM (6545-20-A0M-1006) x1; KIT, TMT CRASH CART, MAJOR WARSHIP, MEDICAL TREATMENT FACILITY (6545-20-A0U-7793) x50"
6515-21-878-1120,AIRWAY PHARYNGEAL SZ 2,EA,1,1,0.83,C,WHSE,,"KIT, MEDICAL, C.A.F. DIVE TEAM (6545-20-A0M-1006) x1"
6515-21-878-1122,AIRWAY PHARYNG SZ4/90MM,EA,11,2,3.12,C,WHSE,,"KIT, MEDICAL, C.A.F. DIVE TEAM (6545-20-A0M-1006) x1; KIT, TMT CRASH CART, MAJOR WARSHIP, MEDICAL TREATMENT FACILITY (6545-20-A0U-7793) x10"
6515-21-878-1123,AIRWAY PHARYNGEAL SZ 6,EA,4,2,4.04,C,WHSE,,"KIT, TMT CRASH CART, MAJOR WARSHIP, MEDICAL TREATMENT FACILITY (6545-20-A0U-7793) x2; KIT, MARITIME R1 MTF, MASCAL, EVACUATION, TRAUMA (6545-CF-005-0438) x2"
6515-21-878-1957,SCISSORS UNIVERSAL,EA,26,5,2.94,D,WHSE,,"TREATMENT KIT, BANDAGES/DRESSINGS AND TRAYS, MAJOR NAVAL WARSHIP, MEDICAL TREATMENT FACILITY (6545-20-A0U-8755) x2; KIT, MEDICAL, C.A.F. DIVE TEAM (6545-20-A0M-1006) x2; TREATMENT KIT, ENT, UROLOGY, OPHTHALMO, CHEST, GI AND GENERAL (6545-20-A0U-8765) x20; KIT, MARITIME R1 MTF, MASCAL, EVACUATION, TRAUMA (6545-CF-005-0438) x1; KIT, TREATMENT, MED TECH, BAG (6545-CF-002-1002) x1"
6515-21-878-2219,LOCKING COLLAR SET OF 2,SE,1,1,42.06,C,WHSE,,"TREATMENT KIT, INSTRUMENTS, MAJOR NAVAL WARSHIP (6545-20-A0U-8762) x1"
6515-21-879-7639,BLADE FINGER RING SAW,EA,1,1,12.15,C,WHSE,,"TREATMENT KIT, INSTRUMENTS, MAJOR NAVAL WARSHIP (6545-20-A0U-8762) x1"
6515-21-880-6732,SYR INSUL 28G-1.0CC/100U,EA,12,1,0.13,C,WHSE,,"TREATMENT KIT, IV/IO AND FLUIDS, MAJOR NAVAL WARSHIP (6545-20-A0U-8761) x12"
6515-21-884-3180,AIRWAY PHARYNGEAL SZ 3,EA,1,1,0.83,C,WHSE,,"KIT, MEDICAL, C.A.F. DIVE TEAM (6545-20-A0M-1006) x1"
6515-21-884-3181,AIRWAY PHARYNGEAL SZ 1,EA,1,1,1.5,C,WHSE,,"KIT, MEDICAL, C.A.F. DIVE TEAM (6545-20-A0M-1006) x1"
6515-21-884-3182,AIRWAY PHARYNG SZ5/100MM,EA,3,2,2.35,C,WHSE,,"KIT, MEDICAL, C.A.F. DIVE TEAM (6545-20-A0M-1006) x1; KIT, TMT CRASH CART, MAJOR WARSHIP, MEDICAL TREATMENT FACILITY (6545-20-A0U-7793) x2"
6515-21-886-0787,CATHETERIZATION SET,EA,2,1,4.55,C,WHSE,,"TREATMENT KIT, ENT, UROLOGY, OPHTHALMO, CHEST, GI AND GENERAL (6545-20-A0U-8765) x2"
6515-21-886-4424,RESUSCITATOR (FLYNN),EA,2,1,1491.2,B,WHSE,,"TREATMENT KIT, MAJOR MEDICAL EQUIPMENT AND RELATED CONSUMABLES, MAJOR NAVAL WARSHIP, MEDICAL TREATMENT FACILITY. (6545-20-A0U-9002) x2"
6515-21-888-4548,"HANDLE, RECHARGEABLE, 3.5V FOR OTOSCOPE 6515-CF-002-8513 OR 6515-CF-002-7372 AND OPHTHALMOSCOPE 6540-01-239-5474",EA,1,1,178.26,D,WHSE,,"TREATMENT KIT, DIAGNOSTIC AND SCOPES, MAJOR NAVAL WARSHIP (6545-20-A0U-8767) x1"
6515-21-893-6397,MAGNIFIER BINOCULAR TYPE,EA,1,1,70.85,D,WHSE,,"TREATMENT KIT, DIAGNOSTIC AND SCOPES, MAJOR NAVAL WARSHIP (6545-20-A0U-8767) x1"
6515-21-893-9764,SUPP KNEE X-ACTION (MED),EA,12,1,16.38,C,WHSE,,"TREATMENT KIT, MSK AND BRACES/SPLINTS (6545-20-A0U-8766) x12"
6515-21-893-9765,SUPP KNEE X-ACTION (LG ),EA,12,1,16.38,C,WHSE,,"TREATMENT KIT, MSK AND BRACES/SPLINTS (6545-20-A0U-8766) x12"
6515-21-893-9766,SUPP KNEE X-ACTION (XL ),EA,12,1,16.38,C,WHSE,,"TREATMENT KIT, MSK AND BRACES/SPLINTS (6545-20-A0U-8766) x12"
6515-21-893-9768,"SUPP ANKL SPIR( M) 9.0""",EA,12,1,11.37,C,WHSE,,"TREATMENT KIT, MSK AND BRACES/SPLINTS (6545-20-A0U-8766) x12"
6515-21-893-9769,"SUPP ANKL SPIR( L)10.0""",EA,12,1,11.6,C,WHSE,,"TREATMENT KIT, MSK AND BRACES/SPLINTS (6545-20-A0U-8766) x12"
6515-21-895-1456,MASK ADULT MED W/TUBE,EA,12,1,1.1,C,WHSE,,"KIT, TMT CRASH CART, MAJOR WARSHIP, MEDICAL TREATMENT FACILITY (6545-20-A0U-7793) x12"
6515-21-896-0874,HANDGRIP CRUTCH (CLOSED),PR,3,1,1.19,C,WHSE,,"TREATMENT KIT, MSK AND BRACES/SPLINTS (6545-20-A0U-8766) x3"
6515-21-896-0917,BANDAGE SCISSORS 14.6CM,EA,1,1,1.21,C,WHSE,,FIRST AID KIT GENERAL PURPOSE NO.1 FOR 1 TO 9 PERSONS (6545-21-111-8439) x1
6515-21-896-3208,TOURNIQUET QUICK-RELEASE,EA,1,1,18.8,C,WHSE,,"KIT, MARITIME R1 MTF, MASCAL, EVACUATION, TRAUMA (6545-CF-005-0438) x1"
6515-21-897-5565,OTOSCOPE HEAD (3.5V),EA,2,1,122.28,D,WHSE,,"TREATMENT KIT, DIAGNOSTIC AND SCOPES, MAJOR NAVAL WARSHIP (6545-20-A0U-8767) x2"
6515-21-897-5566,TRANSFORMER (WALL) 3.5V,EA,1,1,389.33,D,WHSE,,"TREATMENT KIT, DIAGNOSTIC AND SCOPES, MAJOR NAVAL WARSHIP (6545-20-A0U-8767) x1"
6515-21-897-9278,"LARYNGOSCOPE, BLADE, MACINTOSH, SIZE 3, FIBEROPTIC, REUSABLE, CLOSED SYSTEM",EA,1,1,384.22,D,WHSE,,"KIT, MARITIME R1 MTF, MASCAL, EVACUATION, TRAUMA (6545-CF-005-0438) x1"
6515-21-897-9449,HANDLE LARYNGOSCOPE,EA,3,2,229.24,D,WHSE,,"KIT, TMT CRASH CART, MAJOR WARSHIP, MEDICAL TREATMENT FACILITY (6545-20-A0U-7793) x2; KIT, MARITIME R1 MTF, MASCAL, EVACUATION, TRAUMA (6545-CF-005-0438) x1"
6515-21-902-2389,STYLET CATHETER-TUBE 14FR ENDOTRACHEAL TUBE MALLEABLE ALUM W/PLASTIC SHEATH STERILE F/5-10MM LF,EA,3,1,3.1,C,WHSE,,"KIT, TMT CRASH CART, MAJOR WARSHIP, MEDICAL TREATMENT FACILITY (6545-20-A0U-7793) x3"
6515-21-911-2480,"NOZZLE, FOR ENDOTRACHEAL XYLOCAINE 6505-20-002-2287",PG,1,1,102.77,C,WHSE,,"KIT, TMT CRASH CART, MAJOR WARSHIP, MEDICAL TREATMENT FACILITY (6545-20-A0U-7793) x1"
6515-21-911-2645,INHALER ASST DEVICE ADLT,EA,4,1,17.85,C,WHSE,,"KIT, TMT CRASH CART, MAJOR WARSHIP, MEDICAL TREATMENT FACILITY (6545-20-A0U-7793) x4"
6515-21-913-9362,TIP SUCTION W/O VENT,EA,2,1,1.32,C,WHSE,,"KIT, TMT CRASH CART, MAJOR WARSHIP, MEDICAL TREATMENT FACILITY (6545-20-A0U-7793) x2"
6515-22-121-0337,RESUSCITATOR (AMBU),EA,3,2,694.33,C,WHSE,,"KIT, TMT CRASH CART, MAJOR WARSHIP, MEDICAL TREATMENT FACILITY (6545-20-A0U-7793) x2; KIT, MARITIME R1 MTF, MASCAL, EVACUATION, TRAUMA (6545-CF-005-0438) x1"
6515-22-627-0841,"BLADE, LARYNGOSCOPE, CHANNELED, SIZE 3 USED WITH 6515-CF-002-8652",EA,1,1,53.33,C,WHSE,,"KIT, TMT CRASH CART, MAJOR WARSHIP, MEDICAL TREATMENT FACILITY (6545-20-A0U-7793) x1"
6515-33-218-1647,"SUPPORT ELBOW, UNIVERSAL",EA,12,1,28.13,C,WHSE,,"TREATMENT KIT, MSK AND BRACES/SPLINTS (6545-20-A0U-8766) x12"
6515-99-154-1005,COMFORT SPACE COVER,EA,1,1,455,C,WHSE,,"TREATMENT KIT, MAJOR MEDICAL EQUIPMENT AND RELATED CONSUMABLES, MAJOR NAVAL WARSHIP, MEDICAL TREATMENT FACILITY. (6545-20-A0U-9002) x1"
6515-99-361-3111,"AIRWAY, SUPRAGLOTTIC, SIZE 2.0, SMALL PAEDIATRIC, 10-25KG",EA,1,1,16.45,C,WHSE,,"KIT, TMT CRASH CART, MAJOR WARSHIP, MEDICAL TREATMENT FACILITY (6545-20-A0U-7793) x1"
6515-99-371-2040,"AIRWAY, SUPRAGLOTTIC, SIZE 1.5, INFANT 5 - 12KG",EA,1,1,16.44,C,WHSE,,"KIT, TMT CRASH CART, MAJOR WARSHIP, MEDICAL TREATMENT FACILITY (6545-20-A0U-7793) x1"
6515-99-391-2691,"AIRWAY, SUPRAGLOTTIC, SIZE 2.5, LARGE PAEDIATRIC 25 - 35KG",EA,1,1,16.8,C,WHSE,,"KIT, TMT CRASH CART, MAJOR WARSHIP, MEDICAL TREATMENT FACILITY (6545-20-A0U-7793) x1"
6515-CF-000-4976,TRAY DRESSING DISPOSABLE,EA,4,1,1.09,C,WHSE,,"TREATMENT KIT, BANDAGES/DRESSINGS AND TRAYS, MAJOR NAVAL WARSHIP, MEDICAL TREATMENT FACILITY (6545-20-A0U-8755) x4"
6515-CF-000-5736,ANOSCOPE CLEAR PLASTIC,EA,4,1,0.97,C,WHSE,,"TREATMENT KIT, DIAGNOSTIC AND SCOPES, MAJOR NAVAL WARSHIP (6545-20-A0U-8767) x4"
6515-CF-000-7807,FILTER I.V. 0.22 MICRON,EA,2,1,5.38,C,WHSE,,"TREATMENT KIT, IV/IO AND FLUIDS, MAJOR NAVAL WARSHIP (6545-20-A0U-8761) x2"
6515-CF-000-7810,EXTRACTOR SKIN STAPLE,BX,1,1,98.41,C,WHSE,,"TREATMENT KIT, SUTURES AND TAPES (6545-20-A0U-8763) x1"
6515-CF-001-1378,"TUBE KIT, STOMACH, SURGICAL. 16 FRENCH",EA,3,1,1.09,C,WHSE,,"KIT, TMT CRASH CART, MAJOR WARSHIP, MEDICAL TREATMENT FACILITY (6545-20-A0U-7793) x3"
6515-CF-001-2452,CATHETER SUCTION 8FR,EA,2,1,0.45,C,WHSE,,"KIT, TMT CRASH CART, MAJOR WARSHIP, MEDICAL TREATMENT FACILITY (6545-20-A0U-7793) x2"
6515-CF-001-2659,LIGHT HEAD ANOSCOPE,EA,1,1,1143.88,D,WHSE,,"TREATMENT KIT, DIAGNOSTIC AND SCOPES, MAJOR NAVAL WARSHIP (6545-20-A0U-8767) x1"
6515-CF-001-3749,STAPLER DISPOSABLE 35MM,BX,1.16,2,109.09,C,WHSE,,"KIT, TREATMENT, MED TECH, BAG (6545-CF-002-1002) x0.16; TREATMENT KIT, SUTURES AND TAPES (6545-20-A0U-8763) x1"
6515-CF-001-4008,MASK OXYGEN (ADULT),EA,37,1,1.62,C,WHSE,,"KIT, TMT CRASH CART, MAJOR WARSHIP, MEDICAL TREATMENT FACILITY (6545-20-A0U-7793) x37"
6515-CF-001-5108,CATHETER 5FR (INFANT),EA,2,1,0.99,C,WHSE,,"KIT, TMT CRASH CART, MAJOR WARSHIP, MEDICAL TREATMENT FACILITY (6545-20-A0U-7793) x2"
6515-CF-001-5205,"ADAPTER -PRN 3/4""SHORT",BX,0.6,1,37.06,C,WHSE,,"KIT, TMT CRASH CART, MAJOR WARSHIP, MEDICAL TREATMENT FACILITY (6545-20-A0U-7793) x0.6"
6515-CF-001-6355,DESK CHARGER WELCH ALLYN,EA,2,1,1375,D,WHSE,,"TREATMENT KIT, DIAGNOSTIC AND SCOPES, MAJOR NAVAL WARSHIP (6545-20-A0U-8767) x2"
6515-CF-001-6515,VALVE ONE-WAY RESUS,EA,51,3,2.44,D,WHSE,,"KIT, MEDICAL, C.A.F. DIVE TEAM (6545-20-A0M-1006) x1; KIT, TMT CRASH CART, MAJOR WARSHIP, MEDICAL TREATMENT FACILITY (6545-20-A0U-7793) x20; KIT, MARITIME R1 MTF, MASCAL, EVACUATION, TRAUMA (6545-CF-005-0438) x30"
6515-CF-001-7300,"CRUTCH AXILLARY (ALU) ADULT-REGULAR 5'2"" TO 5'10"" PUSH-BUTTON ADJUSTABLE COMPL W/TIPS UNDERARM PADS AND GRIPS",PR,3,1,38.59,D,WHSE,,"TREATMENT KIT, MSK AND BRACES/SPLINTS (6545-20-A0U-8766) x3"
6515-CF-001-7449,TAPE COLOUR-CODED PEDIAT,EA,5,1,3.8,D,WHSE,,"KIT, TMT CRASH CART, MAJOR WARSHIP, MEDICAL TREATMENT FACILITY (6545-20-A0U-7793) x5"
6515-CF-001-7496,HOLDER/ET-TUBE RESTRAINT,EA,1,1,2.71,C,WHSE,,"KIT, TREATMENT, MED TECH, BAG (6545-CF-002-1002) x1"
6515-CF-001-7498,STRAPS ELASTIC ANKL/THIG,PR,2,1,37.27,C,WHSE,,"TREATMENT KIT, MAJOR MEDICAL EQUIPMENT AND RELATED CONSUMABLES, MAJOR NAVAL WARSHIP, MEDICAL TREATMENT FACILITY. (6545-20-A0U-9002) x2"
6515-CF-001-7547,TRANSDUCER 'DURASENSOR',EA,1,1,191.25,D,WHSE,,"TREATMENT KIT, MAJOR MEDICAL EQUIPMENT AND RELATED CONSUMABLES, MAJOR NAVAL WARSHIP, MEDICAL TREATMENT FACILITY. (6545-20-A0U-9002) x1"
6515-CF-001-7638,"BLOOD KT SAFLOK 21GX3/4""",EA,106,4,1.22,C,WHSE,,"TREATMENT KIT, BLOOD COLLECTION (6545-20-A0U-8757) x50; TRANSIT UNIT MEDICAL SPECIMEN FATAL ACCIDENT (6545-21-912-4986) x2; TREATMENT KIT, IV/IO AND FLUIDS, MAJOR NAVAL WARSHIP (6545-20-A0U-8761) x50; TRANSIT UNIT MEDICAL SPECIMEN NON-FATAL ACCIDENT (6545-21-912-4985) x4"
6515-CF-001-7899,(D)NEEDLE 30G SHORT MTL,BX,0.05,1,29.95,C,WHSE,,"KIT, R1, DENTAL EMERGENCY, PA/MO (6545-CF-005-0890) x0.05"
6515-CF-001-8134,(D)SYRINGE IRRIGTN 12CC,EA,5,1,0.87,C,WHSE,,"KIT, R1, DENTAL EMERGENCY, PA/MO (6545-CF-005-0890) x5"
6515-CF-001-8241,"SUTURE, NYLON, MONOFILAMENT, NON-ABSORBABLE, SIZE 3-0, 19MM PRIME REVERSE CUTTING EDGE 3/8 CIRCLE NEEDLE, THREAD LENGTH 18IN",BX,1,1,340.91,C,WHSE,,"TREATMENT KIT, SUTURES AND TAPES (6545-20-A0U-8763) x1"
6515-CF-001-8628,DEPRESSOR TONGUE IND WRP,EA,72,4,0.04,C,WHSE,,"KIT, TMT CRASH CART, MAJOR WARSHIP, MEDICAL TREATMENT FACILITY (6545-20-A0U-7793) x10; FIRST AID KIT GENERAL PURPOSE NO.1 FOR 1 TO 9 PERSONS (6545-21-111-8439) x4; KIT, MARITIME R1 MTF, MASCAL, EVACUATION, TRAUMA (6545-CF-005-0438) x50; KIT, TREATMENT, MED TECH, BAG (6545-CF-002-1002) x8"
6515-CF-001-9052,INDICATOR BIOLOGICAL,EA,100,1,3.06,C,WHSE,,"TREATMENT KIT, MAJOR MEDICAL EQUIPMENT AND RELATED CONSUMABLES, MAJOR NAVAL WARSHIP, MEDICAL TREATMENT FACILITY. (6545-20-A0U-9002) x100"
6515-CF-001-9068,CANISTER REUSABLE LSU,EA,5,1,162,C,WHSE,,"KIT, TMT CRASH CART, MAJOR WARSHIP, MEDICAL TREATMENT FACILITY (6545-20-A0U-7793) x5"
6515-CF-001-9074,RESUSCITATIOR DISPOSABLE,EA,1,1,17.06,C,WHSE,,"KIT, TREATMENT, MED TECH, BAG (6545-CF-002-1002) x1"
6515-CF-001-9134,MOUTHPIECE PEAKFLW ADULT,EA,25,1,1.04,C,WHSE,,"TREATMENT KIT, DIAGNOSTIC AND SCOPES, MAJOR NAVAL WARSHIP (6545-20-A0U-8767) x25"
6515-CF-001-9272,PROBE AND WELL KIT ORAL,EA,1,1,92.33,C,WHSE,,"TREATMENT KIT, DIAGNOSTIC AND SCOPES, MAJOR NAVAL WARSHIP (6545-20-A0U-8767) x1"
6515-CF-001-9294,"LUBRICANT, INSTRUMENT",BT,1,1,11.76,C,WHSE,,"TREATMENT KIT, GENERAL SUPPLY (DSC) (6545-20-A0U-8770) x1"
6515-CF-001-9324,IV LINE SET,EA,1,1,8.45,C,WHSE,,"KIT, TMT CRASH CART, MAJOR WARSHIP, MEDICAL TREATMENT FACILITY (6545-20-A0U-7793) x1"
6515-CF-001-9387,WRIST & THUMB SUPP S-L,EA,2,1,27.68,C,WHSE,,"TREATMENT KIT, MSK AND BRACES/SPLINTS (6545-20-A0U-8766) x2"
6515-CF-001-9388,WRIST & THUMB SUPP M-L,EA,2,1,27.68,C,WHSE,,"TREATMENT KIT, MSK AND BRACES/SPLINTS (6545-20-A0U-8766) x2"
6515-CF-001-9389,WRIST & THUMB SUPP L-L,EA,2,1,27.68,C,WHSE,,"TREATMENT KIT, MSK AND BRACES/SPLINTS (6545-20-A0U-8766) x2"
6515-CF-001-9569,INDICATOR BIOLOGICAL,BX,1,1,263.63,C,WHSE,,"TREATMENT KIT, MAJOR MEDICAL EQUIPMENT AND RELATED CONSUMABLES, MAJOR NAVAL WARSHIP, MEDICAL TREATMENT FACILITY. (6545-20-A0U-9002) x1"
6515-CF-001-9815,"PELVIC BINDER, TRAUMA PELVIC ORTHOTIC DEVICE, BLACK",EA,2,1,168,C,WHSE,,"KIT, TMT CRASH CART, MAJOR WARSHIP, MEDICAL TREATMENT FACILITY (6545-20-A0U-7793) x2"
6515-CF-001-9911,TRANSFORMER/VAGINAL SPEC,EA,1,1,97.77,D,WHSE,,"TREATMENT KIT, DIAGNOSTIC AND SCOPES, MAJOR NAVAL WARSHIP (6545-20-A0U-8767) x1"
6515-CF-001-9923,PAPER PRINTER STERILIZER,PG,4,1,5.16,C,WHSE,,"TREATMENT KIT, MAJOR MEDICAL EQUIPMENT AND RELATED CONSUMABLES, MAJOR NAVAL WARSHIP, MEDICAL TREATMENT FACILITY. (6545-20-A0U-9002) x4"
6515-CF-001-9930,UNIT DRAINAGE PLEURAL CA,EA,2,1,79.34,D,WHSE,,"KIT, TMT CRASH CART, MAJOR WARSHIP, MEDICAL TREATMENT FACILITY (6545-20-A0U-7793) x2"
6515-CF-002-0026,"ELECTRODES DEFIBRILLATOR AED (SET OF 2) ""STAT PADZ 11"" U/W DEFIBRILLATOR AED 6515-01-540-3238",SE,16,2,94.32,C,WHSE,,"KIT, TMT CRASH CART, MAJOR WARSHIP, MEDICAL TREATMENT FACILITY (6545-20-A0U-7793) x8; TREATMENT KIT, MAJOR MEDICAL EQUIPMENT AND RELATED CONSUMABLES, MAJOR NAVAL WARSHIP, MEDICAL TREATMENT FACILITY. (6545-20-A0U-9002) x8"
6515-CF-002-0090,READER BIOLOGICAL,EA,1,1,1947,B,WHSE,,"TREATMENT KIT, MAJOR MEDICAL EQUIPMENT AND RELATED CONSUMABLES, MAJOR NAVAL WARSHIP, MEDICAL TREATMENT FACILITY. (6545-20-A0U-9002) x1"
6515-CF-002-0102,AIRWAY NASAL 26FR,BX,2,1,35.25,C,WHSE,,"KIT, TMT CRASH CART, MAJOR WARSHIP, MEDICAL TREATMENT FACILITY (6545-20-A0U-7793) x2"
6515-CF-002-0105,"AIRWAY NASAL 30FR, ROBERTAZZI MODEL",EA,1,1,6.25,C,WHSE,,"KIT, TMT CRASH CART, MAJOR WARSHIP, MEDICAL TREATMENT FACILITY (6545-20-A0U-7793) x1"
6515-CF-002-0107,AIRWAY NASAL 34FR,EA,1,1,3.05,C,WHSE,,"KIT, TMT CRASH CART, MAJOR WARSHIP, MEDICAL TREATMENT FACILITY (6545-20-A0U-7793) x1"
6515-CF-002-0114,ADMIN SET IV FLUIDS,EA,4,1,26.03,C,WHSE,,"TREATMENT KIT, IV/IO AND FLUIDS, MAJOR NAVAL WARSHIP (6545-20-A0U-8761) x4"
6515-CF-002-0119,ELECTRODE ECG 200 SERIES,PG,4,1,5.42,C,WHSE,,"TREATMENT KIT, MAJOR MEDICAL EQUIPMENT AND RELATED CONSUMABLES, MAJOR NAVAL WARSHIP, MEDICAL TREATMENT FACILITY. (6545-20-A0U-9002) x4"
6515-CF-002-0282,FILTER AEROSOL FOR LSU,EA,10,2,34.91,C,WHSE,,"KIT, TMT CRASH CART, MAJOR WARSHIP, MEDICAL TREATMENT FACILITY (6545-20-A0U-7793) x5; TREATMENT KIT, MAJOR MEDICAL EQUIPMENT AND RELATED CONSUMABLES, MAJOR NAVAL WARSHIP, MEDICAL TREATMENT FACILITY. (6545-20-A0U-9002) x5"
6515-CF-002-0462,"BAG OXYGEN EQUIPMENT, ROYAL BLUE",EA,5,1,556.3,D,WHSE,,"TREATMENT KIT, MAJOR MEDICAL EQUIPMENT AND RELATED CONSUMABLES, MAJOR NAVAL WARSHIP, MEDICAL TREATMENT FACILITY. (6545-20-A0U-9002) x5"
6515-CF-002-0594,"LARYNGOSCOPE, BLADE, MILLER, SIZE 4, FIBEROPTIC, REUSABLE, OPEN SYSTEM *TRAINING PURPOSES ONLY*",EA,2,1,273.06,C,WHSE,,"KIT, TMT CRASH CART, MAJOR WARSHIP, MEDICAL TREATMENT FACILITY (6545-20-A0U-7793) x2"
6515-CF-002-0605,"LARYNGOSCOPE, BLADE, MILLER, SIZE 3, FIBEROPTIC, REUSABLE, OPEN SYSTEM *TRAINING PURPOSES ONLY*",EA,2,1,143,C,WHSE,,"KIT, TMT CRASH CART, MAJOR WARSHIP, MEDICAL TREATMENT FACILITY (6545-20-A0U-7793) x2"
6515-CF-002-0608,"LARYNGOSCOPE, BLADE, MACINTOSH, SIZE 2, FIBEROPTIC, REUSABLE, OPEN SYSTEM *TRAINING PURPOSES ONLY*",EA,2,1,143,C,WHSE,,"KIT, TMT CRASH CART, MAJOR WARSHIP, MEDICAL TREATMENT FACILITY (6545-20-A0U-7793) x2"
6515-CF-002-0609,"LARYNGOSCOPE, BLADE, MACINTOSH, SIZE 3, FIBEROPTIC, REUSABLE, OPEN SYSTEM *TRAINING PURPOSES ONLY*",EA,2,1,143,C,WHSE,,"KIT, TMT CRASH CART, MAJOR WARSHIP, MEDICAL TREATMENT FACILITY (6545-20-A0U-7793) x2"
6515-CF-002-0610,"LARYNGOSCOPE, BLADE, MACINTOSH, SIZE 4, FIBEROPTIC, REUSABLE, OPEN SYSTEM *TRAINING PURPOSES ONLY*",EA,2,1,143,C,WHSE,,"KIT, TMT CRASH CART, MAJOR WARSHIP, MEDICAL TREATMENT FACILITY (6545-20-A0U-7793) x2"
6515-CF-002-0614,HANDLE LARYNGOSCOPE F/O,EA,2,1,115.81,D,WHSE,,"KIT, TMT CRASH CART, MAJOR WARSHIP, MEDICAL TREATMENT FACILITY (6545-20-A0U-7793) x2"
6515-CF-002-0662,PAPER PORTABLE PRINTER,EA,0.5,1,8.67,C,WHSE,,"TREATMENT KIT, MAJOR MEDICAL EQUIPMENT AND RELATED CONSUMABLES, MAJOR NAVAL WARSHIP, MEDICAL TREATMENT FACILITY. (6545-20-A0U-9002) x0.5"
6515-CF-002-0794,CATHETER IV TFL ORG 14G,EA,12,3,7.33,C,WHSE,,"KIT, TMT CRASH CART, MAJOR WARSHIP, MEDICAL TREATMENT FACILITY (6545-20-A0U-7793) x5; KIT, MARITIME R1 MTF, MASCAL, EVACUATION, TRAUMA (6545-CF-005-0438) x5; KIT, TREATMENT, MED TECH, BAG (6545-CF-002-1002) x2"
6515-CF-002-0856,SET EXTEN IV .4ML 15.2CM,EA,63,3,6.09,C,WHSE,,"KIT, TMT CRASH CART, MAJOR WARSHIP, MEDICAL TREATMENT FACILITY (6545-20-A0U-7793) x40; TREATMENT KIT, IV/IO AND FLUIDS, MAJOR NAVAL WARSHIP (6545-20-A0U-8761) x20; KIT, TREATMENT, MED TECH, BAG (6545-CF-002-1002) x3"
6515-CF-002-0945,SPHYGMOM HAND HELD ANERO,EA,1,1,158.87,D,WHSE,,"KIT, TREATMENT, MED TECH, BAG (6545-CF-002-1002) x1"
6515-CF-002-1013,CATHETER SUCTION 12FR,EA,5,1,6.44,C,WHSE,,"KIT, TMT CRASH CART, MAJOR WARSHIP, MEDICAL TREATMENT FACILITY (6545-20-A0U-7793) x5"
6515-CF-002-1607,MASK OXYGEN ADULT VENT,EA,1,1,1.78,C,WHSE,,"KIT, MEDICAL, C.A.F. DIVE TEAM (6545-20-A0M-1006) x1"
6515-CF-002-1922,CUTTER CAST ORTHO OSCILL,EA,1,1,2309.32,B,WHSE,,"TREATMENT KIT, MAJOR MEDICAL EQUIPMENT AND RELATED CONSUMABLES, MAJOR NAVAL WARSHIP, MEDICAL TREATMENT FACILITY. (6545-20-A0U-9002) x1"
6515-CF-002-3035,"ELECTRODE, PEDIATRIC, USED WITH DEFIBRILLATORS 6515-01-540-3238 ZOLL AED PLUS AND 6515-20-A0F-1567 AED PRO.",PR,1,1,145.13,C,WHSE,,"TREATMENT KIT, MAJOR MEDICAL EQUIPMENT AND RELATED CONSUMABLES, MAJOR NAVAL WARSHIP, MEDICAL TREATMENT FACILITY. (6545-20-A0U-9002) x1"
6515-CF-002-5080,TRAY INSTRMNT MINOR LAC,EA,9,1,7.58,D,WHSE,,"KIT, TMT CRASH CART, MAJOR WARSHIP, MEDICAL TREATMENT FACILITY (6545-20-A0U-7793) x9"
6515-CF-002-5094,INTRDCR TRACH DISP 15FR,EA,4,1,13.6,C,WHSE,,"KIT, TMT CRASH CART, MAJOR WARSHIP, MEDICAL TREATMENT FACILITY (6545-20-A0U-7793) x4"
6515-CF-002-6004,POUCH EMPTY NYLON WINDOW,EA,1,1,23.62,C,WHSE,,"KIT, MEDICAL, C.A.F. DIVE TEAM (6545-20-A0M-1006) x1"
6515-CF-002-6084,MASK HI FIO2 ADUL W/ADAP,EA,5,1,6.54,C,WHSE,,"TREATMENT KIT, MAJOR MEDICAL EQUIPMENT AND RELATED CONSUMABLES, MAJOR NAVAL WARSHIP, MEDICAL TREATMENT FACILITY. (6545-20-A0U-9002) x5"
6515-CF-002-6085,MASK HI FIO2 PED W/ADAPT,EA,2,1,9.95,C,WHSE,,"TREATMENT KIT, MAJOR MEDICAL EQUIPMENT AND RELATED CONSUMABLES, MAJOR NAVAL WARSHIP, MEDICAL TREATMENT FACILITY. (6545-20-A0U-9002) x2"
6515-CF-002-6093,LANCET MED BLD 21G 1.8MM,EA,210,2,0.24,C,WHSE,,"KIT, TMT CRASH CART, MAJOR WARSHIP, MEDICAL TREATMENT FACILITY (6545-20-A0U-7793) x200; KIT, TREATMENT, MED TECH, BAG (6545-CF-002-1002) x10"
6515-CF-002-6329,EXTENSION SET LIFE SHLD,CA,10,1,3.31,C,WHSE,,"KIT, TMT CRASH CART, MAJOR WARSHIP, MEDICAL TREATMENT FACILITY (6545-20-A0U-7793) x10"
6515-CF-002-6346,INTRODCR TRACH/DUAL LMN,EA,2,1,36,C,WHSE,,"KIT, TMT CRASH CART, MAJOR WARSHIP, MEDICAL TREATMENT FACILITY (6545-20-A0U-7793) x2"
6515-CF-002-6356,"ADAPTER SNAP 6"" FOR ECG",PG,1,1,140.01,C,WHSE,,"TREATMENT KIT, MAJOR MEDICAL EQUIPMENT AND RELATED CONSUMABLES, MAJOR NAVAL WARSHIP, MEDICAL TREATMENT FACILITY. (6545-20-A0U-9002) x1"
6515-CF-002-6912,OXIMETER CARBON MONOXIDE,EA,2,1,5161.07,B,WHSE,,"TREATMENT KIT, MAJOR MEDICAL EQUIPMENT AND RELATED CONSUMABLES, MAJOR NAVAL WARSHIP, MEDICAL TREATMENT FACILITY. (6545-20-A0U-9002) x2"
6515-CF-002-7192,"REGULATOR 0-25 LPM, USED WITH RESUS 6515-21-886-4424",EA,8,1,146,D,WHSE,,"TREATMENT KIT, MAJOR MEDICAL EQUIPMENT AND RELATED CONSUMABLES, MAJOR NAVAL WARSHIP, MEDICAL TREATMENT FACILITY. (6545-20-A0U-9002) x8"
6515-CF-002-7194,NEEDLE BLOOD COLL SAFE,EA,12,2,0.29,C,WHSE,,TRANSIT UNIT MEDICAL SPECIMEN FATAL ACCIDENT (6545-21-912-4986) x6; TRANSIT UNIT MEDICAL SPECIMEN NON-FATAL ACCIDENT (6545-21-912-4985) x6
6515-CF-002-7226,"GLOVES, SURGICAL, STERILE, CARDINAL HEALTH, POLYISPRENE, SIZE 8.5, CREAM",PR,2,1,1.97,C,WHSE,,"KIT, MARITIME R1 MTF, MASCAL, EVACUATION, TRAUMA (6545-CF-005-0438) x2"
6515-CF-002-7228,"GLOVES, SURGICAL, STERILE, CARDINAL HEALTH, POLYISPRENE, SIZE 9, CREAM",PR,2,1,1.97,C,WHSE,,"KIT, MARITIME R1 MTF, MASCAL, EVACUATION, TRAUMA (6545-CF-005-0438) x2"
6515-CF-002-7242,"GLOVES, SURGICAL, STERILE, CARDINAL HEALTH, SYNTHETIC NEOPRENE, SIZE 5.5, CREAM",PR,5,1,1.86,C,WHSE,,"TREATMENT KIT, HYGIENE AND PPE (6545-20-A0U-8764) x5"
6515-CF-002-7243,"GLOVES, SURGICAL, STERILE, CARDINAL HEALTH, SYNTHETIC NEOPRENE, SIZE 6, CREAM",PR,5,1,1.86,C,WHSE,,"TREATMENT KIT, HYGIENE AND PPE (6545-20-A0U-8764) x5"
6515-CF-002-7244,"GLOVES, SURGICAL, STERILE, CARDINAL HEALTH, SYNTHETIC NEOPRENE, SIZE 6.5, CREAM",PR,5,1,1.86,C,WHSE,,"TREATMENT KIT, HYGIENE AND PPE (6545-20-A0U-8764) x5"
6515-CF-002-7245,"GLOVES, SURGICAL, STERILE, CARDINAL HEALTH, SYNTHETIC NEOPRENE, SIZE 7, CREAM",PR,5,1,1.86,C,WHSE,,"TREATMENT KIT, HYGIENE AND PPE (6545-20-A0U-8764) x5"
6515-CF-002-7246,"GLOVES, SURGICAL, STERILE, CARDINAL HEALTH, SYNTHETIC NEOPRENE, SIZE 7.5, CREAM",PR,42,2,1.86,C,WHSE,,"TREATMENT KIT, HYGIENE AND PPE (6545-20-A0U-8764) x40; KIT, MARITIME R1 MTF, MASCAL, EVACUATION, TRAUMA (6545-CF-005-0438) x2"
6515-CF-002-7247,"GLOVES, SURGICAL, STERILE, CARDINAL HEALTH, SYNTHETIC NEOPRENE, SIZE 8, CREAM",PR,42,2,1.86,C,WHSE,,"TREATMENT KIT, HYGIENE AND PPE (6545-20-A0U-8764) x40; KIT, MARITIME R1 MTF, MASCAL, EVACUATION, TRAUMA (6545-CF-005-0438) x2"
6515-CF-002-7248,"GLOVES, SURGICAL, STERILE, CARDINAL HEALTH, SYNTHETIC NEOPRENE, SIZE 8.5, CREAM",PR,40,1,1.86,C,WHSE,,"TREATMENT KIT, HYGIENE AND PPE (6545-20-A0U-8764) x40"
6515-CF-002-7249,"GLOVES, SURGICAL, STERILE, CARDINAL HEALTH, SYNTHETIC NEOPRENE, SIZE 9, CREAM",PR,40,1,1.86,C,WHSE,,"TREATMENT KIT, HYGIENE AND PPE (6545-20-A0U-8764) x40"
6515-CF-002-7539,SUCTION DVC TACT AIRWAY,EA,8,3,59.28,C,WHSE,,"KIT, MEDICAL, C.A.F. DIVE TEAM (6545-20-A0M-1006) x2; KIT, TMT CRASH CART, MAJOR WARSHIP, MEDICAL TREATMENT FACILITY (6545-20-A0U-7793) x5; KIT, TREATMENT, MED TECH, BAG (6545-CF-002-1002) x1"
6515-CF-002-7569,CANNULA NASAL 7FT O2,EA,51,2,0.7,C,WHSE,,"KIT, MEDICAL, C.A.F. DIVE TEAM (6545-20-A0M-1006) x1; KIT, TMT CRASH CART, MAJOR WARSHIP, MEDICAL TREATMENT FACILITY (6545-20-A0U-7793) x50"
6515-CF-002-7589,"GLOVES, EXAMINATION, NON-STERILE, NITRILE, LARGE, BLUE, CHEMO-APPROVED, 12"" EXTENDED CUFF",BX,0.32,1,21.97,C,WHSE,,"KIT, TREATMENT, MED TECH, BAG (6545-CF-002-1002) x0.32"
6515-CF-002-7714,OXIMETER NONIN 9550,EA,3,2,911.94,D,WHSE,,"TREATMENT KIT, DIAGNOSTIC AND SCOPES, MAJOR NAVAL WARSHIP (6545-20-A0U-8767) x2; KIT, TREATMENT, MED TECH, BAG (6545-CF-002-1002) x1"
6515-CF-002-7804,RESUSCITATOR BVM DIS RED,EA,2,1,21.48,C,WHSE,,"KIT, TMT CRASH CART, MAJOR WARSHIP, MEDICAL TREATMENT FACILITY (6545-20-A0U-7793) x2"
6515-CF-002-7942,"KIT, PROBE AND WELL, RECTAL, 4FT USE WITH 6515-01-513-3518",EA,2,2,102.66,D,WHSE,,"TREATMENT KIT, DIAGNOSTIC AND SCOPES, MAJOR NAVAL WARSHIP (6545-20-A0U-8767) x1; TREATMENT KIT, INSTRUMENTS, MAJOR NAVAL WARSHIP (6545-20-A0U-8762) x1"
6515-CF-002-7957,KIT FIRST RESPONDER AED,KT,2,1,50.58,C,WHSE,,"TREATMENT KIT, MAJOR MEDICAL EQUIPMENT AND RELATED CONSUMABLES, MAJOR NAVAL WARSHIP, MEDICAL TREATMENT FACILITY. (6545-20-A0U-9002) x2"
6515-CF-002-7958,DEVICE INHALER ASSISTANC,EA,1,1,4.92,C,WHSE,,"KIT, TREATMENT, MEDICATIONS, MED TECH BAG (6545-CF-002-8529) x1"
6515-CF-002-8016,DEVICE LANCET SAFETY,EA,200,1,0.25,C,WHSE,,"TREATMENT KIT, LAB POC AND TESTING KITS (6545-20-A0U-8758) x200"
6515-CF-002-8058,BLADE MILLER SZ 3 DISPOS,EA,1,1,6.88,C,WHSE,,"KIT, MARITIME R1 MTF, MASCAL, EVACUATION, TRAUMA (6545-CF-005-0438) x1"
6515-CF-002-8059,BLADE MILLER SZ 4 DISPOS,EA,1,1,8.28,C,WHSE,,"KIT, MARITIME R1 MTF, MASCAL, EVACUATION, TRAUMA (6545-CF-005-0438) x1"
6515-CF-002-8062,BLADE MAC SZ 3 DISPOS,EA,1,1,5.4,C,WHSE,,"KIT, MARITIME R1 MTF, MASCAL, EVACUATION, TRAUMA (6545-CF-005-0438) x1"
6515-CF-002-8063,BLADE MAC SZ 4 DISPOS,EA,1,1,8.05,C,WHSE,,"KIT, MARITIME R1 MTF, MASCAL, EVACUATION, TRAUMA (6545-CF-005-0438) x1"
6515-CF-002-8064,HANDLE LARYNGOSCOPE DISP,EA,1,1,19.85,D,WHSE,,"KIT, MARITIME R1 MTF, MASCAL, EVACUATION, TRAUMA (6545-CF-005-0438) x1"
6515-CF-002-8065,"LARYNGOSCOPE HANDLE, USED WITH 6515-CF-002-8065, PART OF LARYNGOSCOPE EMERG SET 6515-CF-002-8054",EA,1,1,176.71,C,WHSE,,"KIT, MARITIME R1 MTF, MASCAL, EVACUATION, TRAUMA (6545-CF-005-0438) x1"
6515-CF-002-8072,RESUS HANDHELD PORTA CA,EA,4,1,2492.48,B,WHSE,,"TREATMENT KIT, MAJOR MEDICAL EQUIPMENT AND RELATED CONSUMABLES, MAJOR NAVAL WARSHIP, MEDICAL TREATMENT FACILITY. (6545-20-A0U-9002) x4"
6515-CF-002-8154,"BAG MED BVS COYOTE BROWN W/ ""NICE"" FRAME",EA,2,2,1599.05,D,WHSE,,"KIT, TMT CRASH CART, MAJOR WARSHIP, MEDICAL TREATMENT FACILITY (6545-20-A0U-7793) x1; TREATMENT KIT, ENT, UROLOGY, OPHTHALMO, CHEST, GI AND GENERAL (6545-20-A0U-8765) x1"
6515-CF-002-8161,"KIT, SUTURE REMOVAL WITH LITTAUER SCISSORS, FINE-TIPPED FORCEP AND A 2IN(5CM) X 2IN(5CM)GAUZE.",KT,12,1,1.93,C,WHSE,,"TREATMENT KIT, SUTURES AND TAPES (6545-20-A0U-8763) x12"
6515-CF-002-8171,KIT WOUND MANAGE DISP TR,KT,5,1,6.65,D,WHSE,,"TREATMENT KIT, BANDAGES/DRESSINGS AND TRAYS, MAJOR NAVAL WARSHIP, MEDICAL TREATMENT FACILITY (6545-20-A0U-8755) x5"
6515-CF-002-8173,TRAY MINOR PROCED DISP,KT,10,1,20.84,D,WHSE,,"KIT, TMT CRASH CART, MAJOR WARSHIP, MEDICAL TREATMENT FACILITY (6545-20-A0U-7793) x10"
6515-CF-002-8318,INFUSOR PRESSURE 1000ML,EA,2,1,22.85,C,WHSE,,"KIT, TMT CRASH CART, MAJOR WARSHIP, MEDICAL TREATMENT FACILITY (6545-20-A0U-7793) x2"
6515-CF-002-8362,"DEVICE, MUCOSAL ATOMIZATION, WITH LUER LOCK AND 3ML SYRINGE",EA,12,2,7.15,C,WHSE,,"KIT, TMT CRASH CART, MAJOR WARSHIP, MEDICAL TREATMENT FACILITY (6545-20-A0U-7793) x10; KIT, TREATMENT, MEDICATIONS, MED TECH BAG (6545-CF-002-8529) x2"
6515-CF-002-8512,HANDLE FOR OTOSCOPE 6515-CF-002-8513 OR 6515-CF-002-7372 AND OPHTHALMOSCOPE 6540-01-239-5474,EA,1,1,198.81,C,WHSE,,"TREATMENT KIT, DIAGNOSTIC AND SCOPES, MAJOR NAVAL WARSHIP (6545-20-A0U-8767) x1"
6515-CF-002-8513,"OTOSCOPE HEAD, 3.5V, FIBER OPTIC, MACROVIEW",EA,2,2,340.88,C,WHSE,,"TREATMENT KIT, DIAGNOSTIC AND SCOPES, MAJOR NAVAL WARSHIP (6545-20-A0U-8767) x1; KIT, MARITIME R1 MTF, MASCAL, EVACUATION, TRAUMA (6545-CF-005-0438) x1"
6515-CF-002-8526,SHIELD EYE ALU WITH PROTECT CLOTH COVER LF,EA,2,1,1.81,C,WHSE,,"KIT, TREATMENT, MED TECH, BAG (6545-CF-002-1002) x2"
6515-CF-002-8539,"KIT, TEMPERATURE MONITORING, CONSTANT",EA,1,1,694.73,C,WHSE,,"KIT, MEDICAL, C.A.F. DIVE TEAM (6545-20-A0M-1006) x1"
6515-CF-002-8547,"ADAPTER, AIRWAY, ADULT & PEDIATRIC FOR CO2 MONITOR 6515-CF-002-8546",BX,1,1,285,C,WHSE,,"TREATMENT KIT, MAJOR MEDICAL EQUIPMENT AND RELATED CONSUMABLES, MAJOR NAVAL WARSHIP, MEDICAL TREATMENT FACILITY. (6545-20-A0U-9002) x1"
6515-CF-002-8554,SCALPEL DISP 10 SAFETY SHIELD,EA,60,2,2.89,C,WHSE,,"KIT, TMT CRASH CART, MAJOR WARSHIP, MEDICAL TREATMENT FACILITY (6545-20-A0U-7793) x50; TREATMENT KIT, INSTRUMENTS, MAJOR NAVAL WARSHIP (6545-20-A0U-8762) x10"
6515-CF-002-8556,SCALPEL DISP 15 SAFETY SHIELD,EA,63,3,2.89,C,WHSE,,"KIT, TMT CRASH CART, MAJOR WARSHIP, MEDICAL TREATMENT FACILITY (6545-20-A0U-7793) x50; KIT, R1, DENTAL EMERGENCY, PA/MO (6545-CF-005-0890) x3; TREATMENT KIT, INSTRUMENTS, MAJOR NAVAL WARSHIP (6545-20-A0U-8762) x10"
6515-CF-002-8619,"PADS, HEAT, OXYGEN ACTIVATED, SET OF 4 USED WITH BLANKET 6532-CF-003-0369",SE,11,4,107.85,C,WHSE,,"KIT, TMT, C.A.F. DIVE TEAM C-SPINE IMMOBILIZATION (6545-20-A0M-1004) x1; KIT, MEDICAL, C.A.F. DIVE TEAM (6545-20-A0M-1006) x1; TREATMENT KIT, MAJOR MEDICAL EQUIPMENT AND RELATED CONSUMABLES, MAJOR NAVAL WARSHIP, MEDICAL TREATMENT FACILITY. (6545-20-A0U-9002) x4; KIT, MARITIME R1 MTF, MASCAL, EVACUATION, TRAUMA (6545-CF-005-0438) x5"
6515-CF-002-8683,NEEDLE HYP SAFETY 22G X 1.5IN,EA,100,1,0.14,C,WHSE,,"KIT, TMT CRASH CART, MAJOR WARSHIP, MEDICAL TREATMENT FACILITY (6545-20-A0U-7793) x100"
6515-CF-002-8686,SET IV INJECTION 23G X 0.75IN WITH TUBING AND LUER ADAPTER,SE,100,2,1.53,C,WHSE,,"TREATMENT KIT, BLOOD COLLECTION (6545-20-A0U-8757) x50; TREATMENT KIT, IV/IO AND FLUIDS, MAJOR NAVAL WARSHIP (6545-20-A0U-8761) x50"
6515-CF-002-8692,NEEDLE HYP SAFETY 18G X 1.5IN,EA,115,3,0.2,C,WHSE,,"KIT, TMT CRASH CART, MAJOR WARSHIP, MEDICAL TREATMENT FACILITY (6545-20-A0U-7793) x100; KIT, MARITIME R1 MTF, MASCAL, EVACUATION, TRAUMA (6545-CF-005-0438) x5; KIT, TREATMENT, MED TECH, BAG (6545-CF-002-1002) x10"
6515-CF-002-8693,NEEDLE HYP SAFETY 21G X 1.5IN,EA,625,3,0.13,C,WHSE,,"KIT, TMT CRASH CART, MAJOR WARSHIP, MEDICAL TREATMENT FACILITY (6545-20-A0U-7793) x100; TREATMENT KIT, IV/IO AND FLUIDS, MAJOR NAVAL WARSHIP (6545-20-A0U-8761) x500; KIT, MARITIME R1 MTF, MASCAL, EVACUATION, TRAUMA (6545-CF-005-0438) x25"
6515-CF-002-8695,NEEDLE HYP SAFETY 22G X 1IN,EA,215,3,0.21,C,WHSE,,"KIT, TMT CRASH CART, MAJOR WARSHIP, MEDICAL TREATMENT FACILITY (6545-20-A0U-7793) x200; KIT, MARITIME R1 MTF, MASCAL, EVACUATION, TRAUMA (6545-CF-005-0438) x10; KIT, TREATMENT, MED TECH, BAG (6545-CF-002-1002) x5"
6515-CF-002-8696,NEEDLE HYP SAFETY 27G X 0.5IN,EA,50,1,0.26,C,WHSE,,"KIT, MARITIME R1 MTF, MASCAL, EVACUATION, TRAUMA (6545-CF-005-0438) x50"
6515-CF-002-8699,NEEDLE HYP SAFETY 25G X 1.5IN,EA,10,1,0.35,C,WHSE,,"KIT, TMT CRASH CART, MAJOR WARSHIP, MEDICAL TREATMENT FACILITY (6545-20-A0U-7793) x10"
6515-CF-002-8701,NEEDLE HYP SAFETY 25G X 0.63IN,EA,500,1,0.22,C,WHSE,,"KIT, TMT CRASH CART, MAJOR WARSHIP, MEDICAL TREATMENT FACILITY (6545-20-A0U-7793) x500"
6515-CF-002-8710,CATHETER IV DUAL PORT SAFETY 18G X 1.25IN,EA,20,1,6.15,C,WHSE,,"KIT, MARITIME R1 MTF, MASCAL, EVACUATION, TRAUMA (6545-CF-005-0438) x20"
6515-CF-002-8731,"NEEDLE, BLUNT, WITH 5 MICRON FILTER, 18G X 1.5IN",EA,100,1,0.24,C,WHSE,,"KIT, TMT CRASH CART, MAJOR WARSHIP, MEDICAL TREATMENT FACILITY (6545-20-A0U-7793) x100"
6515-CF-002-8768,"BRACE, KNEE, HINGED, WRAP, BREATHABLE, M, 47CM TO 53CM",EA,2,1,49.23,C,WHSE,,"TREATMENT KIT, MSK AND BRACES/SPLINTS (6545-20-A0U-8766) x2"
6515-CF-002-8769,"BRACE, KNEE, HINGED, WRAP, BREATHABLE, L, 53CM TO 60CM",EA,2,1,44.35,C,WHSE,,"TREATMENT KIT, MSK AND BRACES/SPLINTS (6545-20-A0U-8766) x2"
6515-CF-002-8770,"BRACE, KNEE, HINGED, WRAP, BREATHABLE, XL, 60CM TO 67CM",EA,2,1,48.19,C,WHSE,,"TREATMENT KIT, MSK AND BRACES/SPLINTS (6545-20-A0U-8766) x2"
6515-CF-002-8785,"BINDER, PELVIC, PELVIS TRAUMA ORTHOTIC DEVICE, ORANGE",EA,2,1,168,C,WHSE,,"KIT, MARITIME R1 MTF, MASCAL, EVACUATION, TRAUMA (6545-CF-005-0438) x2"
6515-CF-002-8809,"SUTURE, TRICLOSAN & POLYGLACT 910, UNDYED BRAIDED, ABSORBABLE, SIZE 0, 40MM REVERSE CUTTING EDGE, THREAD LENGTH 27IN, ANTIBACTERIAL",BX,1,1,192.09,C,WHSE,,"TREATMENT KIT, SUTURES AND TAPES (6545-20-A0U-8763) x1"
6515-CF-002-8905,"CAPNOLINE, SMART, O2 PLUS, ADULT FOR USE WITH 6515-01-693-1239",EA,10,1,21.35,C,WHSE,,"TREATMENT KIT, MAJOR MEDICAL EQUIPMENT AND RELATED CONSUMABLES, MAJOR NAVAL WARSHIP, MEDICAL TREATMENT FACILITY. (6545-20-A0U-9002) x10"
6515-CF-002-8985,"TRANSILLUMINATOR, 3.5V, FINNOFF STYLE, HALOGEN",EA,1,1,97.17,C,WHSE,,"TREATMENT KIT, DIAGNOSTIC AND SCOPES, MAJOR NAVAL WARSHIP (6545-20-A0U-8767) x1"
6515-CF-002-9051,"ELECTRODE, SOLID DISPERSIVE, DISPOSABLE ACCESSORY FOR ELECTROSURGICAL UNIT 6515-CF-002-8371 & 6515-CF-002-9769.",BX,2,1,67,C,WHSE,,"TREATMENT KIT, MAJOR MEDICAL EQUIPMENT AND RELATED CONSUMABLES, MAJOR NAVAL WARSHIP, MEDICAL TREATMENT FACILITY. (6545-20-A0U-9002) x2"
6515-CF-002-9061,"PAPER, REPLACMENT FOR ELCTROCARDIOGRAPH 6515-17-118-4714",PG,2,1,40.52,C,WHSE,,"TREATMENT KIT, MAJOR MEDICAL EQUIPMENT AND RELATED CONSUMABLES, MAJOR NAVAL WARSHIP, MEDICAL TREATMENT FACILITY. (6545-20-A0U-9002) x2"
6515-CF-002-9076,"SET, SOLUTION, 10 DROPS/ML, 3 LEUR VALVES, MALE LUER LOCK, 105IN LONG",EA,59,3,8.4,C,WHSE,,"KIT, TMT CRASH CART, MAJOR WARSHIP, MEDICAL TREATMENT FACILITY (6545-20-A0U-7793) x10; TREATMENT KIT, IV/IO AND FLUIDS, MAJOR NAVAL WARSHIP (6545-20-A0U-8761) x48; KIT, TREATMENT, MED TECH, BAG (6545-CF-002-1002) x1"
6515-CF-002-9111,"GLOVES, MOISTURIZED, 15 PACKS OF 14 GLOVES PER CASE",PG,4,1,4.2,C,WHSE,,"TREATMENT KIT, HYGIENE AND PPE (6545-20-A0U-8764) x4"
6515-CF-002-9112,"BAG, VOMIT GRAV FEEDER 50EA/BX",BX,1,1,40.14,C,WHSE,,"TREATMENT KIT, HYGIENE AND PPE (6545-20-A0U-8764) x1"
6515-CF-002-9113,"BEDPAN SUPPORT COVER, 20EA/CA",CS,1,1,50,C,WHSE,,"TREATMENT KIT, HYGIENE AND PPE (6545-20-A0U-8764) x1"
6515-CF-002-9114,"SUPPORT URINAL ELONGATED, 20EA/CA",CS,1,1,50,C,WHSE,,"TREATMENT KIT, HYGIENE AND PPE (6545-20-A0U-8764) x1"
6515-CF-002-9115,"SUPPORT VOMIT BAG, 20EA/CA",CS,1,1,109.73,C,WHSE,,"TREATMENT KIT, HYGIENE AND PPE (6545-20-A0U-8764) x1"
6515-CF-002-9118,"COVER, URINAL HYGIENIC, 20EA/PK",PG,2,1,11,C,WHSE,,"TREATMENT KIT, HYGIENE AND PPE (6545-20-A0U-8764) x2"
6515-CF-002-9119,"COVER, EMESIS HYGIENIC, 20EA/PK",PG,2,1,16.76,C,WHSE,,"TREATMENT KIT, HYGIENE AND PPE (6545-20-A0U-8764) x2"
6515-CF-002-9120,"PAD ABSORBENT, 30EA/PK",PG,6,1,13.7,C,WHSE,,"TREATMENT KIT, HYGIENE AND PPE (6545-20-A0U-8764) x6"
6515-CF-002-9233,TRIAGE TAGS(SET)INCLUDES DEAD TAG,EA,55,2,5.81,D,WHSE,,"TREATMENT KIT, ENT, UROLOGY, OPHTHALMO, CHEST, GI AND GENERAL (6545-20-A0U-8765) x50; KIT, TREATMENT, MED TECH, BAG (6545-CF-002-1002) x5"
6515-CF-002-9299,"SLEEVE, PROTECTIVE, FOR ANALYZER 6630-CF-002-9295",BX,1,1,25.2,C,WHSE,,"TREATMENT KIT, LAB POC AND TESTING KITS (6545-20-A0U-8758) x1"
6515-CF-002-9369,"STEP UP/STEP DOWN TRANSFORMER, FOR INCUBATOR 6630-CF-001-9871",EA,1,1,109.65,C,ExternalRqn,,"TREATMENT KIT, MAJOR MEDICAL EQUIPMENT AND RELATED CONSUMABLES, MAJOR NAVAL WARSHIP, MEDICAL TREATMENT FACILITY. (6545-20-A0U-9002) x1"
6515-CF-002-9379,"NON-STERILE HANDPIECE SHEATH ACCESSORY FOR 6515-CF-002-8371 & 6515-CF-002-9769 APPARATUS, ELECTROSURGICAL UNIT.",BX,2,1,49,,WHSE,,"TREATMENT KIT, MAJOR MEDICAL EQUIPMENT AND RELATED CONSUMABLES, MAJOR NAVAL WARSHIP, MEDICAL TREATMENT FACILITY. (6545-20-A0U-9002) x2"
6515-CF-002-9388,"SHARP ELECTRODE DERMAL TIP NONSTERILE, 100/BX, ACCESSORY FOR 6515-CF-002-8371 & 6515-CF-002-9769.",BX,1,1,96,C,WHSE,,"TREATMENT KIT, MAJOR MEDICAL EQUIPMENT AND RELATED CONSUMABLES, MAJOR NAVAL WARSHIP, MEDICAL TREATMENT FACILITY. (6545-20-A0U-9002) x1"
6515-CF-002-9389,"BLUNT ELECTRODE DERMAL TIP NONSTERILE, 100 /BX, ACCESSORY FOR 6515-CF-002-8371 & 6515-CF-002-9769.",BX,1,1,96,C,WHSE,,"TREATMENT KIT, MAJOR MEDICAL EQUIPMENT AND RELATED CONSUMABLES, MAJOR NAVAL WARSHIP, MEDICAL TREATMENT FACILITY. (6545-20-A0U-9002) x1"
6515-CF-002-9580,"CATHETER INTRAVENOUS, TEFLON, GREY, 16G X 3.25IN",EA,10,1,11.04,C,WHSE,,"TREATMENT KIT, IV/IO AND FLUIDS, MAJOR NAVAL WARSHIP (6545-20-A0U-8761) x10"
6515-CF-002-9589,"SET, SECONDARY MEDICAL, NEEDLELESS, WITH HANGER AND MALE LUER LOCK ADAPTER, 37IN (94CM)",EA,18,3,2.17,D,WHSE,,"KIT, TMT CRASH CART, MAJOR WARSHIP, MEDICAL TREATMENT FACILITY (6545-20-A0U-7793) x5; TREATMENT KIT, IV/IO AND FLUIDS, MAJOR NAVAL WARSHIP (6545-20-A0U-8761) x12; KIT, TREATMENT, MED TECH, BAG (6545-CF-002-1002) x1"
6515-CF-002-9612,"BAG, DISPOSABLE, 1000ML FOR SUCTION UNIT 6515-CF-002-9795",EA,1,1,27.72,C,WHSE,,"TREATMENT KIT, MAJOR MEDICAL EQUIPMENT AND RELATED CONSUMABLES, MAJOR NAVAL WARSHIP, MEDICAL TREATMENT FACILITY. (6545-20-A0U-9002) x1"
6515-CF-002-9769,ELECTROSURGICAL UNIT,EA,1,1,10754.63,A,WHSE,,"TREATMENT KIT, MAJOR MEDICAL EQUIPMENT AND RELATED CONSUMABLES, MAJOR NAVAL WARSHIP, MEDICAL TREATMENT FACILITY. (6545-20-A0U-9002) x1"
6515-CF-002-9795,"SUCTION UNIT, PORTABLE (NEW)",EA,1,1,1111.49,B,WHSE,,"TREATMENT KIT, MAJOR MEDICAL EQUIPMENT AND RELATED CONSUMABLES, MAJOR NAVAL WARSHIP, MEDICAL TREATMENT FACILITY. (6545-20-A0U-9002) x1"
6515-CF-002-9856,"TRAY, THORACENTESIS, SAFETY, NO NEEDLE",EA,1,1,17.71,C,WHSE,,"TREATMENT KIT, ENT, UROLOGY, OPHTHALMO, CHEST, GI AND GENERAL (6545-20-A0U-8765) x1"
6515-CF-003-0008,APPLICATOR DISPOSABLE,BX,0.7,4,13.05,C,WHSE,,"TREATMENT KIT, ENT, UROLOGY, OPHTHALMO, CHEST, GI AND GENERAL (6545-20-A0U-8765) x0.2; FIRST AID KIT GENERAL PURPOSE NO.1 FOR 1 TO 9 PERSONS (6545-21-111-8439) x0.1; KIT, MARITIME R1 MTF, MASCAL, EVACUATION, TRAUMA (6545-CF-005-0438) x0.3; KIT, TREATMENT, MED TECH, BAG (6545-CF-002-1002) x0.1"
6515-CF-005-0019,"FINGER COT, SURGICAL, NON-LATEX, POWDER-FREE, NITRILE",EA,720,1,0.11,C,WHSE,,"TREATMENT KIT, BANDAGES/DRESSINGS AND TRAYS, MAJOR NAVAL WARSHIP, MEDICAL TREATMENT FACILITY (6545-20-A0U-8755) x720"
6515-CF-005-0020,"DRESSING RETAINER, TUBULAR, ELASTIC, LATEX-FREE. LARGE HEAD SHOULDER THIGH 25YD(22.8M)/ROLL. SZ 6",EA,2,1,29.22,C,WHSE,,"TREATMENT KIT, BANDAGES/DRESSINGS AND TRAYS, MAJOR NAVAL WARSHIP, MEDICAL TREATMENT FACILITY (6545-20-A0U-8755) x2"
6515-CF-005-0029,"MANUAL SUCTION UNIT, STARTER KIT",EA,2,2,116.83,C,WHSE,,"KIT, TMT CRASH CART, MAJOR WARSHIP, MEDICAL TREATMENT FACILITY (6545-20-A0U-7793) x1; KIT, MARITIME R1 MTF, MASCAL, EVACUATION, TRAUMA (6545-CF-005-0438) x1"
6515-CF-005-0113,COCOON WARMING BLANKET DISPOSABLE UPPER BODY-ARMS OUT,EA,2,1,9.95,C,WHSE,,"TREATMENT KIT, MAJOR MEDICAL EQUIPMENT AND RELATED CONSUMABLES, MAJOR NAVAL WARSHIP, MEDICAL TREATMENT FACILITY. (6545-20-A0U-9002) x2"
6515-CF-005-0114,COCOON WARMING BLANKET DISPOSABLE FULL BODY,EA,2,1,9.95,C,WHSE,,"TREATMENT KIT, MAJOR MEDICAL EQUIPMENT AND RELATED CONSUMABLES, MAJOR NAVAL WARSHIP, MEDICAL TREATMENT FACILITY. (6545-20-A0U-9002) x2"
6515-CF-005-0115,COCOON WARMING BLANKET DISPOSABLE LOWER BODY,EA,2,1,9.95,C,WHSE,,"TREATMENT KIT, MAJOR MEDICAL EQUIPMENT AND RELATED CONSUMABLES, MAJOR NAVAL WARSHIP, MEDICAL TREATMENT FACILITY. (6545-20-A0U-9002) x2"
6515-CF-005-0117,COCOON WARMING BLANKET DISPOSABLE PAEDIACTRIC FULL BODY,EA,1,1,9.95,C,WHSE,,"TREATMENT KIT, MAJOR MEDICAL EQUIPMENT AND RELATED CONSUMABLES, MAJOR NAVAL WARSHIP, MEDICAL TREATMENT FACILITY. (6545-20-A0U-9002) x1"
6515-CF-005-0119,COCOON WARMING BLANKET DISPOSABLE ADULT FULL ACCESS UNDER BODY,EA,2,1,30,C,WHSE,,"TREATMENT KIT, MAJOR MEDICAL EQUIPMENT AND RELATED CONSUMABLES, MAJOR NAVAL WARSHIP, MEDICAL TREATMENT FACILITY. (6545-20-A0U-9002) x2"
6515-CF-005-0120,COCOON WARMING BLANKET DISPOSABLE FULL BODY LARGE,EA,2,1,18.4,C,WHSE,,"TREATMENT KIT, MAJOR MEDICAL EQUIPMENT AND RELATED CONSUMABLES, MAJOR NAVAL WARSHIP, MEDICAL TREATMENT FACILITY. (6545-20-A0U-9002) x2"
6515-CF-005-0182,CATHETER INSYTE AG 20GX1.88 IN PINK - AUTOGUARD BC PRO,BX,0.8,1,155.75,C,WHSE,,"TREATMENT KIT, IV/IO AND FLUIDS, MAJOR NAVAL WARSHIP (6545-20-A0U-8761) x0.8"
6515-CF-005-0209,"ELECTROCARDIOGRAPH, 12 LEAD - SCHILLER AT-102 G2",EA,1,1,5876,A,WHSE,,"TREATMENT KIT, MAJOR MEDICAL EQUIPMENT AND RELATED CONSUMABLES, MAJOR NAVAL WARSHIP, MEDICAL TREATMENT FACILITY. (6545-20-A0U-9002) x1"
6515-CF-005-0272,MINI-WRIGHT STANDARD ATS SCALE PEAK FLOW METER,EA,1,1,34.2,C,WHSE,,"TREATMENT KIT, DIAGNOSTIC AND SCOPES, MAJOR NAVAL WARSHIP (6545-20-A0U-8767) x1"
6515-CF-005-0273,"MINI WRIGHT PEAK FLOW METER MOUTHPIECE, DISPOSABLE",PG,1,1,54,C,WHSE,,"TREATMENT KIT, DIAGNOSTIC AND SCOPES, MAJOR NAVAL WARSHIP (6545-20-A0U-8767) x1"
6515-CF-005-0356,"LINER, BEDPAN, SUPER-ABSORBENT PAD",EA,40,1,0.85,C,WHSE,,"TREATMENT KIT, HYGIENE AND PPE (6545-20-A0U-8764) x40"
6515-CF-005-0387,"CONDOM, POLYISOPRENE, LATEX-FREE, LUBRICATED",EA,1440,1,0.47,C,WHSE,,"TREATMENT KIT, HYGIENE AND PPE (6545-20-A0U-8764) x1440"
6515-CF-005-0473,QINFLOW WARRIOR LITE EXTENDED SET FLUID WARMER,EA,1,1,7300,A,WHSE,,"TREATMENT KIT, MAJOR MEDICAL EQUIPMENT AND RELATED CONSUMABLES, MAJOR NAVAL WARSHIP, MEDICAL TREATMENT FACILITY. (6545-20-A0U-9002) x1"
6515-CF-005-0474,QINFLOW COMPACT DISPOSABLE UNIT FLUID WARMER,EA,6,1,135.84,C,WHSE,,"TREATMENT KIT, MAJOR MEDICAL EQUIPMENT AND RELATED CONSUMABLES, MAJOR NAVAL WARSHIP, MEDICAL TREATMENT FACILITY. (6545-20-A0U-9002) x6"
6515-CF-005-0607,"GLOVE, EXAM NITRILE NON-STERILE CHEMO TESTED SMALL",BX,20,1,22.28,C,WHSE,,"TREATMENT KIT, HYGIENE AND PPE (6545-20-A0U-8764) x20"
6515-CF-005-0608,"GLOVE, EXAM NITRILE NON-STERILE CHEMO TESTED MEDIUM",BX,22,2,22.28,C,WHSE,,"TREATMENT KIT, HYGIENE AND PPE (6545-20-A0U-8764) x20; KIT, MARITIME R1 MTF, MASCAL, EVACUATION, TRAUMA (6545-CF-005-0438) x2"
6515-CF-005-0609,"GLOVE, EXAM NITRILE NON-STERILE CHEMO TESTED LARGE",BX,22.44,4,22.28,C,WHSE,,"KIT, MEDICAL, C.A.F. DIVE TEAM (6545-20-A0M-1006) x0.4; FIRST AID KIT GENERAL PURPOSE NO.1 FOR 1 TO 9 PERSONS (6545-21-111-8439) x0.04; TREATMENT KIT, HYGIENE AND PPE (6545-20-A0U-8764) x20; KIT, MARITIME R1 MTF, MASCAL, EVACUATION, TRAUMA (6545-CF-005-0438) x2"
6515-CF-005-0610,"GLOVE, EXAM NITRILE NON-STERILE CHEMO TESTED XLARGE",BX,7,2,19.31,C,WHSE,,"TREATMENT KIT, HYGIENE AND PPE (6545-20-A0U-8764) x5; KIT, MARITIME R1 MTF, MASCAL, EVACUATION, TRAUMA (6545-CF-005-0438) x2"
6515-CF-005-0619,"SILICONE PENROSE DRAIN FOR CLOSED WOUND DRAINAGE 1/4"" X 12""",EA,10,1,9.99,C,WHSE,,"TREATMENT KIT, ENT, UROLOGY, OPHTHALMO, CHEST, GI AND GENERAL (6545-20-A0U-8765) x10"
6515-CF-005-0648,MCGRATH MAC VL VIDEO LARYNGOSCOPE,EA,1,1,2200,B,WHSE,,"TREATMENT KIT, MAJOR MEDICAL EQUIPMENT AND RELATED CONSUMABLES, MAJOR NAVAL WARSHIP, MEDICAL TREATMENT FACILITY. (6545-20-A0U-9002) x1"
6515-CF-005-0650,"OXIMETER, FINGER PULSE, EDAN",EA,21,2,36,C,WHSE,,"KIT, MEDICAL, C.A.F. DIVE TEAM (6545-20-A0M-1006) x1; KIT, TMT CRASH CART, MAJOR WARSHIP, MEDICAL TREATMENT FACILITY (6545-20-A0U-7793) x20"
6515-CF-005-0805,"RESUSCITATOR, BVM ADULT, SPUR II, WITH MEDIUM MASK, PEEP VALVE",EA,13,2,0,C,WHSE,,"KIT, MEDICAL, C.A.F. DIVE TEAM (6545-20-A0M-1006) x1; KIT, TMT CRASH CART, MAJOR WARSHIP, MEDICAL TREATMENT FACILITY (6545-20-A0U-7793) x12"
6515-CF-005-0818,MCGRATH 3.6V BATTERY,EA,1,1,55,C,WHSE,,"TREATMENT KIT, MAJOR MEDICAL EQUIPMENT AND RELATED CONSUMABLES, MAJOR NAVAL WARSHIP, MEDICAL TREATMENT FACILITY. (6545-20-A0U-9002) x1"
6515-CF-005-0819,MCGRATH MAC BLADE SIZE 3 50/BOX,EA,5,1,10,C,WHSE,,"TREATMENT KIT, MAJOR MEDICAL EQUIPMENT AND RELATED CONSUMABLES, MAJOR NAVAL WARSHIP, MEDICAL TREATMENT FACILITY. (6545-20-A0U-9002) x5"
6515-CF-005-0820,MCGRATH MAC BLADE SIZE 4 50/BOX,EA,5,1,10,C,WHSE,,"TREATMENT KIT, MAJOR MEDICAL EQUIPMENT AND RELATED CONSUMABLES, MAJOR NAVAL WARSHIP, MEDICAL TREATMENT FACILITY. (6545-20-A0U-9002) x5"
6515-CF-005-0821,MCGRATH MAC BLADE SIZE 2 50/BOX,EA,2,1,10,C,WHSE,,"TREATMENT KIT, MAJOR MEDICAL EQUIPMENT AND RELATED CONSUMABLES, MAJOR NAVAL WARSHIP, MEDICAL TREATMENT FACILITY. (6545-20-A0U-9002) x2"
6515-CF-005-0822,MCGRATH MAC BLADE SIZE 1 50/BOX,EA,2,1,10,C,WHSE,,"TREATMENT KIT, MAJOR MEDICAL EQUIPMENT AND RELATED CONSUMABLES, MAJOR NAVAL WARSHIP, MEDICAL TREATMENT FACILITY. (6545-20-A0U-9002) x2"
6515-CF-005-0823,MCGRATH X3 BLADE 10/BOX,EA,5,1,15,C,WHSE,,"TREATMENT KIT, MAJOR MEDICAL EQUIPMENT AND RELATED CONSUMABLES, MAJOR NAVAL WARSHIP, MEDICAL TREATMENT FACILITY. (6545-20-A0U-9002) x5"
6515-CF-005-0855,"3M LITTMANN CORE DIGITAL STETHOSCOPE CHESTPIECE, TUBE, STEM, AND HEADSET - 69CM",BX,1,1,410,C,WHSE,,"TREATMENT KIT, DIAGNOSTIC AND SCOPES, MAJOR NAVAL WARSHIP (6545-20-A0U-8767) x1"
6515-CF-005-1012,"TUBE, BLOOD/URINE COLLECTION, VACUTAINER, NO ADDITIVE, 13X100MM, 6ML, HEMOGARD CLOSURE (100EA/BX)",EA,20,1,0,C,WHSE,,"TREATMENT KIT, BLOOD COLLECTION (6545-20-A0U-8757) x20"
6515-CF-005-1042,"TEST KIT, ONE-STEP hCG COMBO LATERAL FLOW, QUICKVUE+",BX,3,1,130.36,C,WHSE,,"TREATMENT KIT, LAB POC AND TESTING KITS (6545-20-A0U-8758) x3"
6515-CF-005-1328,"POUCH, TT TAC POUCH, 8.1 HIP BAG, W/ REMOVABLE WAIST BELT, BLACK",EA,1,1,76.79,C,WHSE,,"KIT, FIRST AID, TCCC, ALL SERVICE MEMBERS (ASM), MARITIME VARIANT (6545-CF-005-0860) x1"
6515-CF-005-1346,"OPTICAL SCREWDRIVER SET - FOUR REVERSIBLE BLADES, FOUR PHILIPS AND FOUR STRAIGHT BLADES",EA,1,1,21.3,C,WHSE,,"TREATMENT KIT, GENERAL SUPPLY (DSC) (6545-20-A0U-8770) x1"
6515-CF-005-1464,"MASK, CPR FACESHIELD WITH ONE-WAY VALVE",BG,0.04,1,96.65,C,WHSE,,FIRST AID KIT GENERAL PURPOSE NO.1 FOR 1 TO 9 PERSONS (6545-21-111-8439) x0.04
6515-CF-005-1470,"CPR MASK, POCKET VENTILLATOR, W/HEADSTRAP, ONE-WAY VALVE AND OXYGEN INLET",EA,13,4,5.4,C,WHSE,,"KIT, MEDICAL, C.A.F. DIVE TEAM (6545-20-A0M-1006) x2; KIT, TMT CRASH CART, MAJOR WARSHIP, MEDICAL TREATMENT FACILITY (6545-20-A0U-7793) x6; KIT, MARITIME R1 MTF, MASCAL, EVACUATION, TRAUMA (6545-CF-005-0438) x4; KIT, TREATMENT, MED TECH, BAG (6545-CF-002-1002) x1"
6520-CF-001-9218,(D)NEEDLE 27 GAUGE LONG,BX,0.05,1,19.1,C,WHSE,,"KIT, R1, DENTAL EMERGENCY, PA/MO (6545-CF-005-0890) x0.05"
6520-CF-003-0064,ORTHODONTIC WAX,EA,3,1,1.57,C,WHSE,,"KIT, R1, DENTAL EMERGENCY, PA/MO (6545-CF-005-0890) x3"
6520-CF-005-0592,EXAM SET-UP 4-IN-1 BUNDLE ASSORTMENT DISPOSABLE,EA,3,1,2.46,C,WHSE,,"KIT, R1, DENTAL EMERGENCY, PA/MO (6545-CF-005-0890) x3"
6520-CF-005-1129,"FORM, MANAGEMENT OF DENTAL EMERGENCIES, FLOWCHART, CFHS, 8.5"" x 11""",EA,1,1,0,C,WHSE,,"KIT, R1, DENTAL EMERGENCY, PA/MO (6545-CF-005-0890) x1"
6520-CF-005-1409,FLOSS WAXED 200 YARDS,EA,1,1,0,C,WHSE,,"KIT, R1, DENTAL EMERGENCY, PA/MO (6545-CF-005-0890) x1"
6530-00-770-6425,BAG HOT WATER/ICE(FIELD),EA,6,1,7.83,C,WHSE,,"TREATMENT KIT, ENT, UROLOGY, OPHTHALMO, CHEST, GI AND GENERAL (6545-20-A0U-8765) x6"
6530-00-771-0225,"BASIN WASH ROUND 14""DIA",EA,2,1,71.91,D,WHSE,,"TREATMENT KIT, HYGIENE AND PPE (6545-20-A0U-8764) x2"
6530-01-006-4516,BRUSH SURG SCRUB 11X4CM,EA,15,1,2.53,C,WHSE,,"TREATMENT KIT, HYGIENE AND PPE (6545-20-A0U-8764) x15"
6530-01-038-4587,STERI-DRAPE 57 X 66 CM,EA,10,1,2.76,C,WHSE,,"TREATMENT KIT, ENT, UROLOGY, OPHTHALMO, CHEST, GI AND GENERAL (6545-20-A0U-8765) x10"
6530-01-173-8892,"CONTAINER, SHARPS, BIOHAZARD, 7.6L",EA,1,1,7.49,C,WHSE,,"TREATMENT KIT, IV/IO AND FLUIDS, MAJOR NAVAL WARSHIP (6545-20-A0U-8761) x1"
6530-01-219-8615,BEDPAN PLASTIC W/HANDLE,EA,1,1,5.51,C,WHSE,,"TREATMENT KIT, HYGIENE AND PPE (6545-20-A0U-8764) x1"
6530-01-450-7213,RESTRAINT HEAD UNIVERSAL,EA,1,1,237.43,C,WHSE,,"KIT, TMT, C.A.F. DIVE TEAM C-SPINE IMMOBILIZATION (6545-20-A0M-1004) x1"
6530-01-518-3577,PROBE COVER ORAL THERMO,PG,2,1,1.16,C,WHSE,,"TREATMENT KIT, DIAGNOSTIC AND SCOPES, MAJOR NAVAL WARSHIP (6545-20-A0U-8767) x2"
6530-20-001-2849,COVER PROBE THERMOMETER,PG,6,3,3.93,C,WHSE,,"TREATMENT KIT, DIAGNOSTIC AND SCOPES, MAJOR NAVAL WARSHIP (6545-20-A0U-8767) x4; KIT, MARITIME R1 MTF, MASCAL, EVACUATION, TRAUMA (6545-CF-005-0438) x1; KIT, TREATMENT, MED TECH, BAG (6545-CF-002-1002) x1"
6530-20-011-4406,"DISPOSAL CONTAINER, HYPODERMIC NEEDLE AND SYRINGE, 0.15L",EA,1,1,3.52,C,WHSE,,"KIT, TREATMENT, MED TECH, BAG (6545-CF-002-1002) x1"
6530-20-012-7761,ASSORTED SAFETY PINS,PG,6,2,0.75,C,WHSE,,"TREATMENT KIT, BANDAGES/DRESSINGS AND TRAYS, MAJOR NAVAL WARSHIP, MEDICAL TREATMENT FACILITY (6545-20-A0U-8755) x5; KIT, MARITIME R1 MTF, MASCAL, EVACUATION, TRAUMA (6545-CF-005-0438) x1"
6530-21-116-0406,CUSHION RING INFLATABLE,EA,2,1,15.18,C,WHSE,,"TREATMENT KIT, ENT, UROLOGY, OPHTHALMO, CHEST, GI AND GENERAL (6545-20-A0U-8765) x2"
6530-21-116-2810,"BOWL, SURGICAL SPONGE (C",EA,6,1,10.28,C,WHSE,,"TREATMENT KIT, INSTRUMENTS, MAJOR NAVAL WARSHIP (6545-20-A0U-8762) x6"
6530-21-116-2847,JAR SET(5)GLASS SUNDRIES,SE,1,1,88.92,C,WHSE,,"TREATMENT KIT, ENT, UROLOGY, OPHTHALMO, CHEST, GI AND GENERAL (6545-20-A0U-8765) x1"
6530-21-116-2942,"TRAY INSTRUMENT 9X5X2""",EA,5,1,16.91,C,WHSE,,"TREATMENT KIT, INSTRUMENTS, MAJOR NAVAL WARSHIP (6545-20-A0U-8762) x5"
6530-21-116-5137,DISPENSER INDICATOR TAPE,EA,1,1,206.53,D,WHSE,,"TREATMENT KIT, MAJOR MEDICAL EQUIPMENT AND RELATED CONSUMABLES, MAJOR NAVAL WARSHIP, MEDICAL TREATMENT FACILITY. (6545-20-A0U-9002) x1"
6530-21-116-5139,DISPENSER EZ SCRUB BRUSH,EA,1,1,41.4,D,WHSE,,"TREATMENT KIT, HYGIENE AND PPE (6545-20-A0U-8764) x1"
6530-21-116-5202,STAND (MAYO) W/TRAY,EA,1,1,140.71,D,WHSE,,"TREATMENT KIT, INSTRUMENTS, MAJOR NAVAL WARSHIP (6545-20-A0U-8762) x1"
6530-21-845-0872,TAPE STEAM STERILIZE INDICATOR 18MM,RO,2,1,4.23,C,ExternalRqn,,"TREATMENT KIT, MAJOR MEDICAL EQUIPMENT AND RELATED CONSUMABLES, MAJOR NAVAL WARSHIP, MEDICAL TREATMENT FACILITY. (6545-20-A0U-9002) x2"
6530-21-846-9540,CUP MEDICINE CLEAR PLASTIC 1OZ/30CC GRADUATED IN 'CC' AND 'ML' W/LINE MARKINGS (SPOON SIZES),EA,200,1,0.01,C,WHSE,,"TREATMENT KIT, PHARMACY (6545-20-A0U-8760) x200"
6530-21-848-4626,PAD PROTECTIVE BED,EA,25,1,0.21,C,WHSE,,"TREATMENT KIT, ENT, UROLOGY, OPHTHALMO, CHEST, GI AND GENERAL (6545-20-A0U-8765) x25"
6530-21-851-1647,BASIN EMESIS (PLASTIC),EA,4,1,2.23,C,WHSE,,"TREATMENT KIT, HYGIENE AND PPE (6545-20-A0U-8764) x4"
6530-21-851-1648,"BASIN WASH ROUND 13""DIA",EA,4,1,4.48,C,WHSE,,"TREATMENT KIT, HYGIENE AND PPE (6545-20-A0U-8764) x4"
6530-21-851-1652,URINAL MALE (1.75 QT),EA,1,1,7.46,C,WHSE,,"TREATMENT KIT, HYGIENE AND PPE (6545-20-A0U-8764) x1"
6530-21-852-5336,CUP IODINE 170CC(6 OZ.),EA,10,1,5.17,C,WHSE,,"TREATMENT KIT, INSTRUMENTS, MAJOR NAVAL WARSHIP (6545-20-A0U-8762) x10"
6530-21-862-7859,TRAY COUNTING CAPS/TABS,EA,2,1,13.27,C,WHSE,,"TREATMENT KIT, PHARMACY (6545-20-A0U-8760) x2"
6530-21-868-4459,PAPER SHEETING (TABLE),RO,6,1,2.86,C,WHSE,,"TREATMENT KIT, PHARMACY (6545-20-A0U-8760) x6"
6530-21-870-7889,URINAL FEMALE (1.00 QT),EA,1,1,5.34,C,WHSE,,"TREATMENT KIT, HYGIENE AND PPE (6545-20-A0U-8764) x1"
6530-21-874-0093,"STOOL W/FOOTREST 25-32""",EA,1,1,645.79,D,WHSE,,"TREATMENT KIT, ENT, UROLOGY, OPHTHALMO, CHEST, GI AND GENERAL (6545-20-A0U-8765) x1"
6530-21-878-4381,"BAG BIOHAZARD DISPOSAL, 16IN WIDE X 24IN LONG, 1.5MM THICK",CS,1,1,669.67,C,WHSE,,"TREATMENT KIT, ENT, UROLOGY, OPHTHALMO, CHEST, GI AND GENERAL (6545-20-A0U-8765) x1"
6530-21-880-6717,PAD COLD TMT,EA,42,2,0.94,C,WHSE,,"TREATMENT KIT, MSK AND BRACES/SPLINTS (6545-20-A0U-8766) x40; KIT, TREATMENT, MED TECH, BAG (6545-CF-002-1002) x2"
6530-21-880-6718,PAD HEAT TMT,EA,20,1,1.53,C,WHSE,,"TREATMENT KIT, MSK AND BRACES/SPLINTS (6545-20-A0U-8766) x20"
6530-21-893-6958,ENVELOP HEAT SEAL 7.6CM,RO,1,1,11.6,C,WHSE,,"TREATMENT KIT, MAJOR MEDICAL EQUIPMENT AND RELATED CONSUMABLES, MAJOR NAVAL WARSHIP, MEDICAL TREATMENT FACILITY. (6545-20-A0U-9002) x1"
6530-21-893-6959,ENVELOP HEAT SEAL 15.2CM,RO,1,1,14.12,C,WHSE,,"TREATMENT KIT, MAJOR MEDICAL EQUIPMENT AND RELATED CONSUMABLES, MAJOR NAVAL WARSHIP, MEDICAL TREATMENT FACILITY. (6545-20-A0U-9002) x1"
6530-21-893-6960,ENVELOPE HEAT SEAL,RO,1,1,30,C,WHSE,,"TREATMENT KIT, MAJOR MEDICAL EQUIPMENT AND RELATED CONSUMABLES, MAJOR NAVAL WARSHIP, MEDICAL TREATMENT FACILITY. (6545-20-A0U-9002) x1"
6530-21-903-0012,"SPONGE/SCRUB ""PRE-OP II""",EA,30,1,1.4,C,WHSE,,"TREATMENT KIT, HYGIENE AND PPE (6545-20-A0U-8764) x30"
6530-21-907-7372,BOTTLE URINE W/CAP 60ML,EA,10,1,0.33,C,WHSE,,"TREATMENT KIT, ENT, UROLOGY, OPHTHALMO, CHEST, GI AND GENERAL (6545-20-A0U-8765) x10"
6530-21-909-0770,BOTTLE PLASTIC 500ML,EA,2,1,0.66,C,WHSE,,"TREATMENT KIT, ENT, UROLOGY, OPHTHALMO, CHEST, GI AND GENERAL (6545-20-A0U-8765) x2"
6530-CF-001-7420,SPLINT TRACTION FEMORAL,EA,1,1,140,D,WHSE,,"TREATMENT KIT, MSK AND BRACES/SPLINTS (6545-20-A0U-8766) x1"
6530-CF-001-7680,CONCENTRATOR OXYGEN,EA,1,1,780.77,B,WHSE,,"TREATMENT KIT, MAJOR MEDICAL EQUIPMENT AND RELATED CONSUMABLES, MAJOR NAVAL WARSHIP, MEDICAL TREATMENT FACILITY. (6545-20-A0U-9002) x1"
6530-CF-001-7719,SEALER HEAT LIFTSL 18IN,EA,1,1,3660.82,B,WHSE,,"TREATMENT KIT, MAJOR MEDICAL EQUIPMENT AND RELATED CONSUMABLES, MAJOR NAVAL WARSHIP, MEDICAL TREATMENT FACILITY. (6545-20-A0U-9002) x1"
6530-CF-001-7724,"BOARD, SPINAL FRACTURE, PLASTIC, YELLOW, 2,500LBS DISTRIBUTED WEIGHT CAPACITY WITH MOLDED-IN SPEED CLIP PINS",EA,1,1,298.22,D,WHSE,,"KIT, TMT, C.A.F. DIVE TEAM C-SPINE IMMOBILIZATION (6545-20-A0M-1004) x1"
6530-CF-001-7725,RESTRAINT QUICK FASTRAP,EA,1,1,149.3,C,WHSE,,"KIT, TMT, C.A.F. DIVE TEAM C-SPINE IMMOBILIZATION (6545-20-A0M-1004) x1"
6530-CF-001-8608,STERILIZER STEAM SURG,EA,1,1,5153.72,A,WHSE,,"TREATMENT KIT, MAJOR MEDICAL EQUIPMENT AND RELATED CONSUMABLES, MAJOR NAVAL WARSHIP, MEDICAL TREATMENT FACILITY. (6545-20-A0U-9002) x1"
6530-CF-001-8723,RESTRAINT WRIST LEATHER,PR,1,1,209.99,C,WHSE,,"TREATMENT KIT, MSK AND BRACES/SPLINTS (6545-20-A0U-8766) x1"
6530-CF-001-8724,RESTRAINT ANKLE LEATHER,PR,1,1,214.77,C,WHSE,,"TREATMENT KIT, MSK AND BRACES/SPLINTS (6545-20-A0U-8766) x1"
6530-CF-001-9532,CONTAINER SPECIMEN 90ML,EA,6,2,0.19,C,WHSE,,TRANSIT UNIT MEDICAL SPECIMEN FATAL ACCIDENT (6545-21-912-4986) x2; TRANSIT UNIT MEDICAL SPECIMEN NON-FATAL ACCIDENT (6545-21-912-4985) x4
6530-CF-002-0474,TRAY INSTR W/O COVER,EA,1,1,18.67,C,WHSE,,"TREATMENT KIT, INSTRUMENTS, MAJOR NAVAL WARSHIP (6545-20-A0U-8762) x1"
6530-CF-002-0475,TRAY INSTRUMENT CATHETER,EA,1,1,36.58,C,WHSE,,"TREATMENT KIT, INSTRUMENTS, MAJOR NAVAL WARSHIP (6545-20-A0U-8762) x1"
6530-CF-002-6607,CLEANER ULTRASONIC SMALL,EA,1,1,1320.75,B,WHSE,,"TREATMENT KIT, MAJOR MEDICAL EQUIPMENT AND RELATED CONSUMABLES, MAJOR NAVAL WARSHIP, MEDICAL TREATMENT FACILITY. (6545-20-A0U-9002) x1"
6530-CF-005-0088,"PATIENT WARMER MACHINE, 34-43 DEG C",EA,2,1,1330,A,WHSE,,"TREATMENT KIT, MAJOR MEDICAL EQUIPMENT AND RELATED CONSUMABLES, MAJOR NAVAL WARSHIP, MEDICAL TREATMENT FACILITY. (6545-20-A0U-9002) x2"
6530-CF-005-0359,"BAG, URINARY DRAINAGE, 2000ML,",EA,6,1,8.76,C,WHSE,,"TREATMENT KIT, ENT, UROLOGY, OPHTHALMO, CHEST, GI AND GENERAL (6545-20-A0U-8765) x6"
6530-CF-005-0361,"VIAL, CHILD-PROOF SAFETY CAP, 20DR",EA,350,1,0.26,C,WHSE,,"TREATMENT KIT, PHARMACY (6545-20-A0U-8760) x350"
6530-CF-005-0367,"BACKBOARD, W/10PINS, YELLOW",EA,2,1,306.86,D,WHSE,,"TREATMENT KIT, MAJOR MEDICAL EQUIPMENT AND RELATED CONSUMABLES, MAJOR NAVAL WARSHIP, MEDICAL TREATMENT FACILITY. (6545-20-A0U-9002) x2"
6530-CF-005-0377,"VIAL, 8.5DR, TO USE WITH CENTOR SCREW LOC CAP 6530-CF-005-0378",EA,200,1,0.09,C,WHSE,,"TREATMENT KIT, PHARMACY (6545-20-A0U-8760) x200"
6530-CF-005-0378,"CENTOR SCREW LOC CLOSURE, 8.5DR, USE WITH VIAL 6530-CF-005-0377",EA,200,1,0.07,C,WHSE,,"TREATMENT KIT, PHARMACY (6545-20-A0U-8760) x200"
6532-01-665-6728,"BLANKET, SELF-HEATING, READY-HEAT",EA,10,1,54,D,WHSE,,"KIT, MARITIME R1 MTF, MASCAL, EVACUATION, TRAUMA (6545-CF-005-0438) x10"
6532-CF-003-0369,BLANKET CASUALTY HYPOTHERMIA WITH 4 HEAT PADS,EA,11,4,205,D,WHSE,,"KIT, TMT, C.A.F. DIVE TEAM C-SPINE IMMOBILIZATION (6545-20-A0M-1004) x1; KIT, MEDICAL, C.A.F. DIVE TEAM (6545-20-A0M-1006) x1; TREATMENT KIT, MAJOR MEDICAL EQUIPMENT AND RELATED CONSUMABLES, MAJOR NAVAL WARSHIP, MEDICAL TREATMENT FACILITY. (6545-20-A0U-9002) x4; KIT, MARITIME R1 MTF, MASCAL, EVACUATION, TRAUMA (6545-CF-005-0438) x5"
6540-01-239-5474,"OPHTHALMOSCOPE HEAD, 3.5V COAXIAL, HALOGEN",EA,3,1,221.14,D,WHSE,,"TREATMENT KIT, DIAGNOSTIC AND SCOPES, MAJOR NAVAL WARSHIP (6545-20-A0U-8767) x3"
6540-01-296-2130,LENS OPHTH IRRIG MORGAN,EA,10,1,69.44,C,WHSE,,"TREATMENT KIT, ENT, UROLOGY, OPHTHALMO, CHEST, GI AND GENERAL (6545-20-A0U-8765) x10"
6540-01-629-4401,"SHIELD, OPHTHALMIC TONOMETER",BX,1,1,213.77,C,WHSE,,"TREATMENT KIT, MAJOR MEDICAL EQUIPMENT AND RELATED CONSUMABLES, MAJOR NAVAL WARSHIP, MEDICAL TREATMENT FACILITY. (6545-20-A0U-9002) x1"
6540-21-116-3036,"CHART, VISION ACUITY TES",EA,1,1,32.73,C,WHSE,,"TREATMENT KIT, DIAGNOSTIC AND SCOPES, MAJOR NAVAL WARSHIP (6545-20-A0U-8767) x1"
6540-CF-001-9523,SLIT LAMP COMPACT,EA,1,1,2212.38,B,WHSE,,"TREATMENT KIT, MAJOR MEDICAL EQUIPMENT AND RELATED CONSUMABLES, MAJOR NAVAL WARSHIP, MEDICAL TREATMENT FACILITY. (6545-20-A0U-9002) x1"
6540-CF-002-8468,TONOMETER PEN HANDHELD,EA,1,1,10441.61,A,WHSE,,"TREATMENT KIT, MAJOR MEDICAL EQUIPMENT AND RELATED CONSUMABLES, MAJOR NAVAL WARSHIP, MEDICAL TREATMENT FACILITY. (6545-20-A0U-9002) x1"
6540-CF-005-0456,"OCCLUDER, MULTI-PINHOLE",EA,1,1,36.4,C,WHSE,,"TREATMENT KIT, DIAGNOSTIC AND SCOPES, MAJOR NAVAL WARSHIP (6545-20-A0U-8767) x1"
6545-00-912-9890,CASE (BACKPACK) AIRBORNE,EA,1,1,65,D,WHSE,,"TREATMENT KIT, ENT, UROLOGY, OPHTHALMO, CHEST, GI AND GENERAL (6545-20-A0U-8765) x1"
6545-01-522-1031,"BAG, MEDICAL COVERAGE",EA,1,1,270.4,D,WHSE,,"KIT, MARITIME R1 MTF, MASCAL, EVACUATION, TRAUMA (6545-CF-005-0438) x1"
6545-01-617-5668,BAG MEDICAL RATS BVS,EA,5,1,1093.21,D,WHSE,,"MASTER KIT LIST, SICKBAY (ALL HOLDINGS) (6545-CF-005-1238) x5"
6545-20-011-8366,"HOLSTER, SHEATH, SCISSORS, BELT",EA,23,2,25.38,C,WHSE,,"TREATMENT KIT, ENT, UROLOGY, OPHTHALMO, CHEST, GI AND GENERAL (6545-20-A0U-8765) x20; KIT, MARITIME R1 MTF, MASCAL, EVACUATION, TRAUMA (6545-CF-005-0438) x3"
6545-20-A0M-1004,"KIT, TMT, C.A.F. DIVE TEAM C-SPINE IMMOBILIZATION",KT,2,2,655.45,D,WHSE,Y,"KIT, MEDICAL, C.A.F. DIVE TEAM (6545-20-A0M-1006) x1; MASTER KIT LIST, SICKBAY (ALL HOLDINGS) (6545-CF-005-1238) x1"
6545-20-A0M-1006,"KIT, MEDICAL, C.A.F. DIVE TEAM",KT,1,1,2343.33,D,WHSE,Y,"MASTER KIT LIST, SICKBAY (ALL HOLDINGS) (6545-CF-005-1238) x1"
6545-20-A0U-7793,"KIT, TMT CRASH CART, MAJOR WARSHIP, MEDICAL TREATMENT FACILITY",KT,1,1,35427.51,D,WHSE,Y,"MASTER KIT LIST, SICKBAY (ALL HOLDINGS) (6545-CF-005-1238) x1"
6545-20-A0U-8722,"TREATMENT, SET, CORE, MAJOR NAVAL WARSHIP, MEDICAL TREATMENT FACILITY.",SE,1,1,91622.86,C,WHSE,Y,"MASTER KIT LIST, SICKBAY (ALL HOLDINGS) (6545-CF-005-1238) x1"
6545-20-A0U-8754,"TREATMENT KIT, MEDICATIONS, MAJOR NAVAL WARSHIP",KT,1,1,15264.6,D,WHSE,Y,"TREATMENT, SET, CORE, MAJOR NAVAL WARSHIP, MEDICAL TREATMENT FACILITY. (6545-20-A0U-8722) x1"
6545-20-A0U-8755,"TREATMENT KIT, BANDAGES/DRESSINGS AND TRAYS, MAJOR NAVAL WARSHIP, MEDICAL TREATMENT FACILITY",KT,1,1,7818.37,C,WHSE,Y,"TREATMENT, SET, CORE, MAJOR NAVAL WARSHIP, MEDICAL TREATMENT FACILITY. (6545-20-A0U-8722) x1"
6545-20-A0U-8757,"TREATMENT KIT, BLOOD COLLECTION",KT,1,1,213.73,D,WHSE,Y,"TREATMENT, SET, CORE, MAJOR NAVAL WARSHIP, MEDICAL TREATMENT FACILITY. (6545-20-A0U-8722) x1"
6545-20-A0U-8758,"TREATMENT KIT, LAB POC AND TESTING KITS",KT,1,1,1534.73,D,WHSE,Y,"TREATMENT, SET, CORE, MAJOR NAVAL WARSHIP, MEDICAL TREATMENT FACILITY. (6545-20-A0U-8722) x1"
6545-20-A0U-8759,"TREATMENT KIT, WATER TESTING",KT,1,1,4645.8,D,WHSE,Y,"TREATMENT, SET, CORE, MAJOR NAVAL WARSHIP, MEDICAL TREATMENT FACILITY. (6545-20-A0U-8722) x1"
6545-20-A0U-8760,"TREATMENT KIT, PHARMACY",KT,1,1,168.02,D,WHSE,Y,"TREATMENT, SET, CORE, MAJOR NAVAL WARSHIP, MEDICAL TREATMENT FACILITY. (6545-20-A0U-8722) x1"
6545-20-A0U-8761,"TREATMENT KIT, IV/IO AND FLUIDS, MAJOR NAVAL WARSHIP",KT,1,1,7808.24,D,WHSE,Y,"TREATMENT, SET, CORE, MAJOR NAVAL WARSHIP, MEDICAL TREATMENT FACILITY. (6545-20-A0U-8722) x1"
6545-20-A0U-8762,"TREATMENT KIT, INSTRUMENTS, MAJOR NAVAL WARSHIP",KT,1,1,5592.14,D,WHSE,Y,"TREATMENT, SET, CORE, MAJOR NAVAL WARSHIP, MEDICAL TREATMENT FACILITY. (6545-20-A0U-8722) x1"
6545-20-A0U-8763,"TREATMENT KIT, SUTURES AND TAPES",KT,1,1,2253.04,D,WHSE,Y,"TREATMENT, SET, CORE, MAJOR NAVAL WARSHIP, MEDICAL TREATMENT FACILITY. (6545-20-A0U-8722) x1"
6545-20-A0U-8764,"TREATMENT KIT, HYGIENE AND PPE",KT,1,1,2692.73,D,WHSE,Y,"TREATMENT, SET, CORE, MAJOR NAVAL WARSHIP, MEDICAL TREATMENT FACILITY. (6545-20-A0U-8722) x1"
6545-20-A0U-8765,"TREATMENT KIT, ENT, UROLOGY, OPHTHALMO, CHEST, GI AND GENERAL",KT,1,1,9111.49,D,WHSE,Y,"TREATMENT, SET, CORE, MAJOR NAVAL WARSHIP, MEDICAL TREATMENT FACILITY. (6545-20-A0U-8722) x1"
6545-20-A0U-8766,"TREATMENT KIT, MSK AND BRACES/SPLINTS",KT,1,1,4926.15,D,WHSE,Y,"TREATMENT, SET, CORE, MAJOR NAVAL WARSHIP, MEDICAL TREATMENT FACILITY. (6545-20-A0U-8722) x1"
6545-20-A0U-8767,"TREATMENT KIT, DIAGNOSTIC AND SCOPES, MAJOR NAVAL WARSHIP",KT,1,1,9777.72,D,WHSE,Y,"TREATMENT, SET, CORE, MAJOR NAVAL WARSHIP, MEDICAL TREATMENT FACILITY. (6545-20-A0U-8722) x1"
6545-20-A0U-8770,"TREATMENT KIT, GENERAL SUPPLY (DSC)",KT,1,1,473.47,D,WHSE,Y,"TREATMENT, SET, CORE, MAJOR NAVAL WARSHIP, MEDICAL TREATMENT FACILITY. (6545-20-A0U-8722) x1"
6545-20-A0U-9002,"TREATMENT KIT, MAJOR MEDICAL EQUIPMENT AND RELATED CONSUMABLES, MAJOR NAVAL WARSHIP, MEDICAL TREATMENT FACILITY.",KT,1,1,29858.22,D,WHSE,Y,"TREATMENT, SET, CORE, MAJOR NAVAL WARSHIP, MEDICAL TREATMENT FACILITY. (6545-20-A0U-8722) x1"
6545-21-111-8439,FIRST AID KIT GENERAL PURPOSE NO.1 FOR 1 TO 9 PERSONS,KT,10,1,21.45,D,WHSE,Y,"MASTER KIT LIST, SICKBAY (ALL HOLDINGS) (6545-CF-005-1238) x10"
6545-21-116-4722,SURG INSTRUM SET (TRANS),SE,1,1,443.38,D,WHSE,,"TREATMENT KIT, INSTRUMENTS, MAJOR NAVAL WARSHIP (6545-20-A0U-8762) x1"
6545-21-912-4985,TRANSIT UNIT MEDICAL SPECIMEN NON-FATAL ACCIDENT,KT,2,1,538.33,D,WHSE,Y,"MASTER KIT LIST, SICKBAY (ALL HOLDINGS) (6545-CF-005-1238) x2"
6545-21-912-4986,TRANSIT UNIT MEDICAL SPECIMEN FATAL ACCIDENT,KT,2,1,1754.12,D,WHSE,Y,"MASTER KIT LIST, SICKBAY (ALL HOLDINGS) (6545-CF-005-1238) x2"
6545-21-920-2280,TREATMENT KIT HIV POST-EXPOSURE PROPHYLAXIS,KT,1,1,842.26,D,WHSE,Y,"MASTER KIT LIST, SICKBAY (ALL HOLDINGS) (6545-CF-005-1238) x1"
6545-25-137-9465,DRESSING ADHESIVE 9X15CM,BX,2,1,22.56,C,WHSE,,"TREATMENT KIT, BANDAGES/DRESSINGS AND TRAYS, MAJOR NAVAL WARSHIP, MEDICAL TREATMENT FACILITY (6545-20-A0U-8755) x2"
6545-CF-001-1440,WHIRL PACK SAMPLING BAGS,EA,4,1,126.78,C,WHSE,,TRANSIT UNIT MEDICAL SPECIMEN FATAL ACCIDENT (6545-21-912-4986) x4
6545-CF-001-1441,WHIRL PACK SAMPLING BAGS,EA,4,1,178.22,C,WHSE,,TRANSIT UNIT MEDICAL SPECIMEN FATAL ACCIDENT (6545-21-912-4986) x4
6545-CF-002-0270,KIT PEDIATRIC RESUS,KT,1,1,2789.08,D,WHSE,,"MASTER KIT LIST, SICKBAY (ALL HOLDINGS) (6545-CF-005-1238) x1"
6545-CF-002-0271,KIT 8 AIRWAYS (OPA'S),KT,12,3,20.01,C,WHSE,,"KIT, MEDICAL, C.A.F. DIVE TEAM (6545-20-A0M-1006) x1; KIT, TMT CRASH CART, MAJOR WARSHIP, MEDICAL TREATMENT FACILITY (6545-20-A0U-7793) x10; KIT, TREATMENT, MED TECH, BAG (6545-CF-002-1002) x1"
6545-CF-002-0552,INJECTION SET I.V. (FIELD USE) W/O FILTER CHAMBER DISPOSABLE STERILE,KT,2,1,11.12,C,WHSE,,"KIT, MARITIME R1 MTF, MASCAL, EVACUATION, TRAUMA (6545-CF-005-0438) x2"
6545-CF-002-1002,"KIT, TREATMENT, MED TECH, BAG",KT,5,1,5591.52,D,WHSE,Y,"MASTER KIT LIST, SICKBAY (ALL HOLDINGS) (6545-CF-005-1238) x5"
6545-CF-002-8126,KIT CHEST TUBE IN DISP,KT,1,1,54.56,D,WHSE,,"TREATMENT KIT, ENT, UROLOGY, OPHTHALMO, CHEST, GI AND GENERAL (6545-20-A0U-8765) x1"
6545-CF-002-8271,CASE CARRY MEDICATION,EA,1,1,40.1,D,WHSE,,"KIT, TREATMENT, MED TECH, BAG (6545-CF-002-1002) x1"
6545-CF-002-8272,CASE EMPTY FAK 26CMX18CM,EA,2,2,5.86,C,WHSE,,FIRST AID KIT GENERAL PURPOSE NO.1 FOR 1 TO 9 PERSONS (6545-21-111-8439) x1; TREATMENT KIT HIV POST-EXPOSURE PROPHYLAXIS (6545-21-920-2280) x1
6545-CF-002-8529,"KIT, TREATMENT, MEDICATIONS, MED TECH BAG",KT,5,1,1270.46,D,WHSE,Y,"MASTER KIT LIST, SICKBAY (ALL HOLDINGS) (6545-CF-005-1238) x5"
6545-CF-005-0438,"KIT, MARITIME R1 MTF, MASCAL, EVACUATION, TRAUMA",KT,5,1,11571.93,D,WHSE,Y,"MASTER KIT LIST, SICKBAY (ALL HOLDINGS) (6545-CF-005-1238) x5"
6545-CF-005-0858,"KIT, FIRST AID, TCCC, ALL SERVICE MEMBERS (ASM), CONTENTS ONLY",KT,1,1,0,D,WHSE,,"KIT, FIRST AID, TCCC, ALL SERVICE MEMBERS (ASM), MARITIME VARIANT (6545-CF-005-0860) x1"
6545-CF-005-0860,"KIT, FIRST AID, TCCC, ALL SERVICE MEMBERS (ASM), MARITIME VARIANT",KT,20,1,0,D,WHSE,Y,"MASTER KIT LIST, SICKBAY (ALL HOLDINGS) (6545-CF-005-1238) x20"
6545-CF-005-0890,"KIT, R1, DENTAL EMERGENCY, PA/MO",KT,1,1,0,D,WHSE,Y,"MASTER KIT LIST, SICKBAY (ALL HOLDINGS) (6545-CF-005-1238) x1"
6545-CF-005-1452,"BAG, TRAUMA RESPONDER II, 9""W(23CM) x 17""L(43CM) x 15.5""H(39CM), MODEL 5103",EA,1,1,0,C,WHSE,,"KIT, R1, DENTAL EMERGENCY, PA/MO (6545-CF-005-0890) x1"
6550-00-261-9053,"KIT, GRAM STAINING, 4 X 250ML BOTTLES GRAM CRYSTAL VIOLET, STABILIZED IODINE DECOLORIZER AND SAFRANIN",BX,1,1,281.82,C,WHSE,,"TREATMENT KIT, LAB POC AND TESTING KITS (6545-20-A0U-8758) x1"
6550-01-093-4010,CONTROL STRIPS (VISUAL),BT,2,1,74.95,C,WHSE,,"TREATMENT KIT, LAB POC AND TESTING KITS (6545-20-A0U-8758) x2"
6550-01-165-6732,STAIN SOLN WRIGHT/GIEMSA,BT,1,1,174.19,C,WHSE,,"TREATMENT KIT, LAB POC AND TESTING KITS (6545-20-A0U-8758) x1"
6550-01-221-5400,TEST STRIP MULTI-2300A,BT,1,1,48.3,C,WHSE,,"TREATMENT KIT, LAB POC AND TESTING KITS (6545-20-A0U-8758) x1"
6550-01-456-8981,"REAGENT, DPD FREE CHLORINE, POWDER PILLOW, 10ML, 0.02- 2.00 MG/L, FOR USE WITH COLORIMETER 6630-01-623-0976",PG,2,1,55.24,C,WHSE,,"TREATMENT KIT, WATER TESTING (6545-20-A0U-8759) x2"
6550-01-460-7597,"REAGENT, DPD TOTAL CHLORINE, POWDER PILLOW, 10ML, 0.02-2.00 mg/L, FOR USE WITH COLORIMETER 6630-01-623-0976",PG,2,1,66.29,C,WHSE,,"TREATMENT KIT, WATER TESTING (6545-20-A0U-8759) x2"
6550-01-504-0944,"CHLORINE TEST, REAGENT",SE,1,1,398,C,WHSE,,"TREATMENT KIT, WATER TESTING (6545-20-A0U-8759) x1"
6550-21-870-8620,TEST KIT STREPTOCOCCAL EXOENZYME ANTIBODY,KT,1,1,117.84,C,WHSE,,"TREATMENT KIT, LAB POC AND TESTING KITS (6545-20-A0U-8758) x1"
6550-CF-002-0621,"PROTHROMBIN PT/INR, CARTRIDGE, SINGLE-USE, DISPOSABLE, FOR USE WITH ANALYZER 6630-20-A0H-9358",EA,24,1,12.17,C,WHSE,,"TREATMENT KIT, MAJOR MEDICAL EQUIPMENT AND RELATED CONSUMABLES, MAJOR NAVAL WARSHIP, MEDICAL TREATMENT FACILITY. (6545-20-A0U-9002) x24"
6550-CF-002-2005,CONTROL SLTN PT/INR LVL1,BX,1,1,88.85,C,WHSE,,"TREATMENT KIT, MAJOR MEDICAL EQUIPMENT AND RELATED CONSUMABLES, MAJOR NAVAL WARSHIP, MEDICAL TREATMENT FACILITY. (6545-20-A0U-9002) x1"
6550-CF-002-2006,CONTROL SLTN PT/INR LVL2,BX,1,1,88.85,C,WHSE,,"TREATMENT KIT, MAJOR MEDICAL EQUIPMENT AND RELATED CONSUMABLES, MAJOR NAVAL WARSHIP, MEDICAL TREATMENT FACILITY. (6545-20-A0U-9002) x1"
6550-CF-002-6028,TEST KT MONO CLEARVW IM,KT,1,1,135,C,WHSE,,"TREATMENT KIT, LAB POC AND TESTING KITS (6545-20-A0U-8758) x1"
6550-CF-002-6329,"CARTRIDGE, I-STAT CHEM8+",EA,25,1,23.18,C,WHSE,,"TREATMENT KIT, MAJOR MEDICAL EQUIPMENT AND RELATED CONSUMABLES, MAJOR NAVAL WARSHIP, MEDICAL TREATMENT FACILITY. (6545-20-A0U-9002) x25"
6550-CF-002-7803,REAGENT MI TROPONIN I,BX,2,2,683,C,WHSE,,"KIT, TMT CRASH CART, MAJOR WARSHIP, MEDICAL TREATMENT FACILITY (6545-20-A0U-7793) x1; TREATMENT KIT, LAB POC AND TESTING KITS (6545-20-A0U-8758) x1"
6550-CF-002-8127,TEST KIT OCCULT BLOOD,KT,1,1,7.24,C,WHSE,,"TREATMENT KIT, LAB POC AND TESTING KITS (6545-20-A0U-8758) x1"
6550-CF-002-8514,"CARTRIDGE, TEST, CARDIAC MARKER, TROPONIN I, I-STAT",EA,25,1,22.47,C,WHSE,,"TREATMENT KIT, MAJOR MEDICAL EQUIPMENT AND RELATED CONSUMABLES, MAJOR NAVAL WARSHIP, MEDICAL TREATMENT FACILITY. (6545-20-A0U-9002) x25"
6550-CF-002-8515,"CONTROL, TROPONIN I, LEVEL 1,CARDIAC LEVEL 1 AQUEOUS CONTROL, 1ML BOTTLE FOR ISTAT CARTRIDGE 6550-CF-002-8514",BX,1,1,200.32,C,WHSE,,"TREATMENT KIT, MAJOR MEDICAL EQUIPMENT AND RELATED CONSUMABLES, MAJOR NAVAL WARSHIP, MEDICAL TREATMENT FACILITY. (6545-20-A0U-9002) x1"
6550-CF-002-8516,"CONTROL, TROPONIN I, LEVEL 3,CARDIAC LEVEL 3 AQUEOUS CONTROL, 1ML BOTTLE FOR ISTAT CARTRIDGE 6550-CF-002-8514",BX,1,1,200.32,C,WHSE,,"TREATMENT KIT, MAJOR MEDICAL EQUIPMENT AND RELATED CONSUMABLES, MAJOR NAVAL WARSHIP, MEDICAL TREATMENT FACILITY. (6545-20-A0U-9002) x1"
6550-CF-002-8995,"CONTROL LEVEL 1, 10 AMPS X 1.7ML, USED WITH ANALYZER 6630-20-A0H-9358",BX,1,1,36.38,C,WHSE,,"TREATMENT KIT, MAJOR MEDICAL EQUIPMENT AND RELATED CONSUMABLES, MAJOR NAVAL WARSHIP, MEDICAL TREATMENT FACILITY. (6545-20-A0U-9002) x1"
6550-CF-002-8996,"CONTROL LEVEL 2, 10 AMPS X 1.7ML, USED WITH ANALYZER 6630-20-A0H-9358",BX,1,1,36.27,C,WHSE,,"TREATMENT KIT, MAJOR MEDICAL EQUIPMENT AND RELATED CONSUMABLES, MAJOR NAVAL WARSHIP, MEDICAL TREATMENT FACILITY. (6545-20-A0U-9002) x1"
6550-CF-002-8997,"CONTROL LEVEL 3, 10 AMPS X 1.7ML, USED WITH ANALYZER 6630-20-A0H-9358",BX,1,1,36.27,C,WHSE,,"TREATMENT KIT, MAJOR MEDICAL EQUIPMENT AND RELATED CONSUMABLES, MAJOR NAVAL WARSHIP, MEDICAL TREATMENT FACILITY. (6545-20-A0U-9002) x1"
6550-CF-002-9296,"TEST STRIP, BLOOD GLUCOSE FOR ANALYZER 6630-CF-002-9295",BX,2,1,27.86,C,WHSE,,"TREATMENT KIT, LAB POC AND TESTING KITS (6545-20-A0U-8758) x2"
6550-CF-002-9297,"CONTROL SOLUTION, BLOOD GLUCOSE MONITORING, FOR ANALYZER 6630-CF-002-9295",PG,1,1,10.25,C,WHSE,,"TREATMENT KIT, LAB POC AND TESTING KITS (6545-20-A0U-8758) x1"
6550-CF-002-9298,"LINEARITY KIT, BLOOD GLUCOSE MONITOR, FOR ANALYZER 6630-CF-002-9295",EA,1,1,172.71,C,WHSE,,"TREATMENT KIT, LAB POC AND TESTING KITS (6545-20-A0U-8758) x1"
6550-CF-002-9329,"SOLUTION, LOW CONTROL (LEVEL 1), FOR GLUCOSE MONITOR 6630-CF-002-9326",EA,2,2,15.85,C,WHSE,,"KIT, TMT CRASH CART, MAJOR WARSHIP, MEDICAL TREATMENT FACILITY (6545-20-A0U-7793) x1; KIT, TREATMENT, MED TECH, BAG (6545-CF-002-1002) x1"
6550-CF-002-9330,"SOLUTION, NORMAL CONTROL (LEVEL 2), FOR GLUCOSE MONITOR 6630-CF-002-9326",EA,2,2,15.85,C,WHSE,,"KIT, TMT CRASH CART, MAJOR WARSHIP, MEDICAL TREATMENT FACILITY (6545-20-A0U-7793) x1; KIT, TREATMENT, MED TECH, BAG (6545-CF-002-1002) x1"
6550-CF-002-9331,"SOLUTION, HIGH CONTROL (LEVEL 3), FOR GLUCOSE MONITOR 6630-CF-002-9326",EA,2,2,15.85,C,WHSE,,"KIT, TMT CRASH CART, MAJOR WARSHIP, MEDICAL TREATMENT FACILITY (6545-20-A0U-7793) x1; KIT, TREATMENT, MED TECH, BAG (6545-CF-002-1002) x1"
6550-CF-002-9332,"TEST STRIPS,(50'S) FOR GLUCOSE MONITOR 6630-CF-005-0307",BT,2,2,43.66,C,WHSE,,"KIT, TMT CRASH CART, MAJOR WARSHIP, MEDICAL TREATMENT FACILITY (6545-20-A0U-7793) x1; KIT, TREATMENT, MED TECH, BAG (6545-CF-002-1002) x1"
6550-CF-002-9346,"POSITIVE/NEGATIVE CONTROL SET (SWABS), USED WITH 6550-21-870-8620.",BX,1,1,95.73,C,WHSE,,"TREATMENT KIT, LAB POC AND TESTING KITS (6545-20-A0U-8758) x1"
6550-CF-002-9596,"CONTROL, I-STAT CTNI LEVEL 2",BX,1,1,200.32,C,WHSE,,"TREATMENT KIT, MAJOR MEDICAL EQUIPMENT AND RELATED CONSUMABLES, MAJOR NAVAL WARSHIP, MEDICAL TREATMENT FACILITY. (6545-20-A0U-9002) x1"
6550-CF-005-0041,"CONTROL, QUALITY, LEVELS 1 & 2 FOR TROPONIN I",BX,2,2,270,C,WHSE,,"KIT, TMT CRASH CART, MAJOR WARSHIP, MEDICAL TREATMENT FACILITY (6545-20-A0U-7793) x1; TREATMENT KIT, LAB POC AND TESTING KITS (6545-20-A0U-8758) x1"
6550-CF-005-0306,CARTRIDGE TEST CG4+ (I-STAT ANALYSER)LACTATE/PH/PCO2/PO2/TCO2/HCO3/BE/SO2,BX,1,1,301.25,C,WHSE,,"TREATMENT KIT, MAJOR MEDICAL EQUIPMENT AND RELATED CONSUMABLES, MAJOR NAVAL WARSHIP, MEDICAL TREATMENT FACILITY. (6545-20-A0U-9002) x1"
6630-00-404-2220,HOLDER BLOOD TUBE 16MM,EA,8,3,0.32,C,WHSE,,"TRANSIT UNIT MEDICAL SPECIMEN FATAL ACCIDENT (6545-21-912-4986) x2; KIT, MARITIME R1 MTF, MASCAL, EVACUATION, TRAUMA (6545-CF-005-0438) x2; TRANSIT UNIT MEDICAL SPECIMEN NON-FATAL ACCIDENT (6545-21-912-4985) x4"
6630-01-012-4093,"TEST PAPER, CHLORINE",EA,1,1,10.78,C,WHSE,,"TREATMENT KIT, WATER TESTING (6545-20-A0U-8759) x1"
6630-01-362-8299,COLILERT TEST (200 - TEST PACK),PG,1,1,1992.02,C,WHSE,,"TREATMENT KIT, WATER TESTING (6545-20-A0U-8759) x1"
6630-01-388-4098,COMPARATOR PRES/ABS IDEX,EA,1,1,16.03,C,WHSE,,"TREATMENT KIT, WATER TESTING (6545-20-A0U-8759) x1"
6630-01-504-0940,"CELL,COLORIMETER",PG,1,1,74.4,C,WHSE,,"TREATMENT KIT, WATER TESTING (6545-20-A0U-8759) x1"
6630-01-520-8479,"SAMPLE CELL,COLORIMETER",EA,1,1,75.2,C,WHSE,,"TREATMENT KIT, WATER TESTING (6545-20-A0U-8759) x1"
6630-01-708-2306,"COLORIMETER, PHOTOELECTRIC, HAND-HELD, DR900",EA,1,1,3038,D,ExternalRqn,,"TREATMENT KIT, WATER TESTING (6545-20-A0U-8759) x1"
6630-20-A0H-9358,"ANALYSER, CLINICAL, PORTABLE, I-STAT1 MODEL, WITH THERMAL CONTROL",EA,1,1,11185.91,A,WHSE,,"TREATMENT KIT, MAJOR MEDICAL EQUIPMENT AND RELATED CONSUMABLES, MAJOR NAVAL WARSHIP, MEDICAL TREATMENT FACILITY. (6545-20-A0U-9002) x1"
6630-20-A0U-5012,"TEST STRIPS, CHLORINE, MICRO CHECK, 0.5-10 PPM (50EA/BT)",BT,1,1,72.74,C,WHSE,,"TREATMENT KIT, WATER TESTING (6545-20-A0U-8759) x1"
6630-CF-001-9151,TUBE BLOOD RED 10ML,EA,131,3,0.33,C,WHSE,,"TREATMENT KIT, BLOOD COLLECTION (6545-20-A0U-8757) x100; TRANSIT UNIT MEDICAL SPECIMEN FATAL ACCIDENT (6545-21-912-4986) x6; KIT, MARITIME R1 MTF, MASCAL, EVACUATION, TRAUMA (6545-CF-005-0438) x25"
6630-CF-002-0890,HOLD NEEDLE BD QUICK REL,EA,25,2,2.15,C,WHSE,,"TREATMENT KIT, BLOOD COLLECTION (6545-20-A0U-8757) x5; TREATMENT KIT, IV/IO AND FLUIDS, MAJOR NAVAL WARSHIP (6545-20-A0U-8761) x20"
6630-CF-002-9295,"ANALYZER, BLOOD GLUCOSE, HAND-HELD",EA,1,1,1114.27,D,WHSE,,"TREATMENT KIT, LAB POC AND TESTING KITS (6545-20-A0U-8758) x1"
6630-CF-005-0307,CONTOUR NEXT GEN GLUCOMETER BLOOD GLUCOSE MONITORING SYSTEM,EA,3,2,26,C,WHSE,,"KIT, TMT CRASH CART, MAJOR WARSHIP, MEDICAL TREATMENT FACILITY (6545-20-A0U-7793) x2; KIT, TREATMENT, MED TECH, BAG (6545-CF-002-1002) x1"
6640-00-234-0185,INCUBATOR PORTABLE 115V,EA,1,1,4032.24,B,WHSE,,"TREATMENT KIT, MAJOR MEDICAL EQUIPMENT AND RELATED CONSUMABLES, MAJOR NAVAL WARSHIP, MEDICAL TREATMENT FACILITY. (6545-20-A0U-9002) x1"
6640-01-378-0086,TUBE BLOOD LAVENDER 4ML,EA,125,2,0.2,C,WHSE,,"TREATMENT KIT, BLOOD COLLECTION (6545-20-A0U-8757) x100; KIT, MARITIME R1 MTF, MASCAL, EVACUATION, TRAUMA (6545-CF-005-0438) x25"
6640-01-389-7029,SAMPLING BOTTLE IDEXX,CS,1,1,274.65,C,WHSE,,"TREATMENT KIT, WATER TESTING (6545-20-A0U-8759) x1"
6640-01-441-5338,RACK (HALF) TUBES 9/13MM,EA,1,1,24.52,C,WHSE,,"TREATMENT KIT, BLOOD COLLECTION (6545-20-A0U-8757) x1"
6640-01-504-2681,PLASTIC DROPPER,PG,1,1,30.6,C,WHSE,,"TREATMENT KIT, WATER TESTING (6545-20-A0U-8759) x1"
6640-01-585-6657,"TEST TUBE, BLOOD COLLECTING",EA,100,1,0.24,C,WHSE,,"TREATMENT KIT, BLOOD COLLECTION (6545-20-A0U-8757) x100"
6640-20-010-9275,"KIT, SEXUAL ASSAULT DETERMINATION, BIOLOGY",KT,6,1,109.4,C,WHSE,,"MASTER KIT LIST, SICKBAY (ALL HOLDINGS) (6545-CF-005-1238) x6"
6640-20-010-9276,"KIT, SEXUAL ASSAULT DETERMINATION, TOXICOLOGY",KT,2,1,37.65,C,WHSE,,"MASTER KIT LIST, SICKBAY (ALL HOLDINGS) (6545-CF-005-1238) x2"
6640-21-879-9888,TUBE BIO AMIES W/O CHARC,BX,1,1,55.91,C,WHSE,,"TREATMENT KIT, BLOOD COLLECTION (6545-20-A0U-8757) x1"
6640-CF-002-8680,TUBE BLOOD COLLECT GREY 10ML,EA,12,2,0.19,C,WHSE,,TRANSIT UNIT MEDICAL SPECIMEN FATAL ACCIDENT (6545-21-912-4986) x4; TRANSIT UNIT MEDICAL SPECIMEN NON-FATAL ACCIDENT (6545-21-912-4985) x8
6640-CF-002-9108,"TUBE, PLASMA COLLECTION, VACUUM, PLASTIC 16 X 100MM X 10Ml, WIT HEPARIN SPRAY COATED, GREEN TOP",EA,12,2,0.47,C,WHSE,,TRANSIT UNIT MEDICAL SPECIMEN FATAL ACCIDENT (6545-21-912-4986) x4; TRANSIT UNIT MEDICAL SPECIMEN NON-FATAL ACCIDENT (6545-21-912-4985) x8
6680-01-520-8009,REGULATR O2 K OR H CYLDR,EA,1,1,573.24,D,WHSE,,"TREATMENT KIT, MAJOR MEDICAL EQUIPMENT AND RELATED CONSUMABLES, MAJOR NAVAL WARSHIP, MEDICAL TREATMENT FACILITY. (6545-20-A0U-9002) x1"
6685-20-001-2846,THERMOMETER SELF INDICAT,EA,11,3,10.2,C,WHSE,,"TREATMENT KIT, DIAGNOSTIC AND SCOPES, MAJOR NAVAL WARSHIP (6545-20-A0U-8767) x8; KIT, MARITIME R1 MTF, MASCAL, EVACUATION, TRAUMA (6545-CF-005-0438) x2; KIT, TREATMENT, MED TECH, BAG (6545-CF-002-1002) x1"
6760-01-491-2710,"CASE, PELICAN 1550, ORANGE WITH FOAM, 18.4IN X 14IN X 7.6IN",EA,1,1,712.05,D,WHSE,,"KIT, MEDICAL, C.A.F. DIVE TEAM (6545-20-A0M-1006) x1"
6810-01-183-4634,"REAGENT, DPD TOTAL CHLORINE, POWDER PILLOW, 25ML, 0.1-10 MG/L, FOR USE WITH COLORIMETER 6630-01-623-0976",PG,1,1,63.42,C,WHSE,,"TREATMENT KIT, WATER TESTING (6545-20-A0U-8759) x1"
6810-01-457-5431,"SOLUTION, PHENOL RED INDICATOR, 6.5-8.5 PH, 50ML, SPEC GRADE",BT,2,1,35.2,C,WHSE,,"TREATMENT KIT, WATER TESTING (6545-20-A0U-8759) x2"
6810-01-494-3679,"REAGENT, DPD FREE CHLORINE, POWDER PILLOW, 25ML, 0.1-10 MG/L, FOR USE WITH COLORIMETER 6630-01-623-0976",PG,1,1,61.31,C,WHSE,,"TREATMENT KIT, WATER TESTING (6545-20-A0U-8759) x1"
6850-CF-001-2034,ULTRAS CLNR SOL MIC576,BT,2,1,55.2,C,WHSE,,"TREATMENT KIT, MAJOR MEDICAL EQUIPMENT AND RELATED CONSUMABLES, MAJOR NAVAL WARSHIP, MEDICAL TREATMENT FACILITY. (6545-20-A0U-9002) x2"
7330-21-865-5782,ICE PACK RIGID 1.0LB,EA,4,2,3.49,D,ExternalRqn,,TRANSIT UNIT MEDICAL SPECIMEN FATAL ACCIDENT (6545-21-912-4986) x2; TRANSIT UNIT MEDICAL SPECIMEN NON-FATAL ACCIDENT (6545-21-912-4985) x2
7330-CF-002-7147,"CHEST, COOLER, INSULATED, 15.1L, RED, ATTACHED WHITE LID, MOLDED HANDLE",EA,2,2,50.6,C,WHSE,,TRANSIT UNIT MEDICAL SPECIMEN FATAL ACCIDENT (6545-21-912-4986) x1; TRANSIT UNIT MEDICAL SPECIMEN NON-FATAL ACCIDENT (6545-21-912-4985) x1
7510-20-A03-9054,MARKER BLCK FINE SHARPIE,EA,2,2,1.25,C,ExternalRqn,,TRANSIT UNIT MEDICAL SPECIMEN FATAL ACCIDENT (6545-21-912-4986) x1; TRANSIT UNIT MEDICAL SPECIMEN NON-FATAL ACCIDENT (6545-21-912-4985) x1
7510-21-561-5126,PENCIL COPYING INDELIBLE,,0.08,1,,C,ExternalRqn,,"KIT, MARITIME R1 MTF, MASCAL, EVACUATION, TRAUMA (6545-CF-005-0438) x0.08"
7510-CF-005-0045,"LEAFLET, SOP FOR LIFESIGN TROPONIN I",EA,2,2,0.05,C,WHSE,,"KIT, TMT CRASH CART, MAJOR WARSHIP, MEDICAL TREATMENT FACILITY (6545-20-A0U-7793) x1; TREATMENT KIT, LAB POC AND TESTING KITS (6545-20-A0U-8758) x1"
7520-21-884-4614,DISPENSER WARNING LABELS,EA,1,1,106.88,C,WHSE,,"TREATMENT KIT, PHARMACY (6545-20-A0U-8760) x1"
7530-21-844-6267,LABEL PLAIN WHITE PAPER,RO,5,2,0.05,C,ExternalRqn,,TRANSIT UNIT MEDICAL SPECIMEN FATAL ACCIDENT (6545-21-912-4986) x3; TRANSIT UNIT MEDICAL SPECIMEN NON-FATAL ACCIDENT (6545-21-912-4985) x2
7530-21-901-0569,"FORM PRINTED (FIELD)5X8""",EA,10,1,0,C,ExternalRqn,,"KIT, MARITIME R1 MTF, MASCAL, EVACUATION, TRAUMA (6545-CF-005-0438) x10"
7530-21-903-1240,ENVELOPE WALLET FIELD,EA,10,1,2.95,C,ExternalRqn,,"KIT, MARITIME R1 MTF, MASCAL, EVACUATION, TRAUMA (6545-CF-005-0438) x10"
7530-21-903-1443,FORM PRINTED WHITE,EA,2,1,0.6,C,ExternalRqn,,"KIT, TREATMENT, MED TECH, BAG (6545-CF-002-1002) x2"
7530-21-920-4737,FORM REPORT INJ/EXP TOX,,4,1,0.01,C,ExternalRqn,,TRANSIT UNIT MEDICAL SPECIMEN NON-FATAL ACCIDENT (6545-21-912-4985) x4
7530-21-921-2933,"FORM, FIRST AID TREATMENT REGISTER, 3.25IN X 6IN",BK,1,1,0,C,ExternalRqn,,FIRST AID KIT GENERAL PURPOSE NO.1 FOR 1 TO 9 PERSONS (6545-21-111-8439) x1
7530-CF-002-8906,"PAPER, PRINTER, CHART, 80MM, WHITE FOR USE WITH 6515-01-693-1239",RO,6,1,6.63,C,WHSE,,"TREATMENT KIT, MAJOR MEDICAL EQUIPMENT AND RELATED CONSUMABLES, MAJOR NAVAL WARSHIP, MEDICAL TREATMENT FACILITY. (6545-20-A0U-9002) x6"
7610-CF-003-0392,"SET, POSTER, ACLS, AHA 2020",SE,1,1,74.4,C,ExternalRqn,,"KIT, TMT CRASH CART, MAJOR WARSHIP, MEDICAL TREATMENT FACILITY (6545-20-A0U-7793) x1"
7610-CF-003-0393,2020 HANDBOOK OF EMERGENCY CARDIOVASCULAR CARE FOR HEALTHCARE PROVIDERS,EA,1,1,39.5,C,ExternalRqn,,"KIT, TMT CRASH CART, MAJOR WARSHIP, MEDICAL TREATMENT FACILITY (6545-20-A0U-7793) x1"
7690-21-883-2495,LABEL PAPER PRESCRIPTION,RO,1.04,2,0,C,WHSE,,"KIT, TMT CRASH CART, MAJOR WARSHIP, MEDICAL TREATMENT FACILITY (6545-20-A0U-7793) x1; KIT, TREATMENT, MED TECH, BAG (6545-CF-002-1002) x0.04"
7930-20-012-2541,"WIPE DISINFECTING TOWELLETTE, ACCEL WIPES",CN,6,1,18.44,C,WHSE,,"TREATMENT KIT, HYGIENE AND PPE (6545-20-A0U-8764) x6"
8105-21-900-0912,"BAG ZIP-LOC 4 X 3""",PG,0.1,1,2.13,C,ExternalRqn,,"KIT, TREATMENT, MED TECH, BAG (6545-CF-002-1002) x0.1"
8105-21-900-0913,"BAG, PLASTIC, ZIPLOCK CLOSURE, 4IN X 6IN",PG,0.46,2,0.06,C,ExternalRqn,,TRANSIT UNIT MEDICAL SPECIMEN FATAL ACCIDENT (6545-21-912-4986) x0.3; TRANSIT UNIT MEDICAL SPECIMEN NON-FATAL ACCIDENT (6545-21-912-4985) x0.16
8105-21-900-0916,"BAG, PLASTICK, WITH ZIPLOCK CLOSURE, 10IN X 8IN",PG,0.3,1,6.33,C,ExternalRqn,,TRANSIT UNIT MEDICAL SPECIMEN FATAL ACCIDENT (6545-21-912-4986) x0.3
8115-01-672-9067,"CASE, MAILING, LABORATORY SPECIMEN, 3 TUBE",PR,7,2,1.18,C,WHSE,,TRANSIT UNIT MEDICAL SPECIMEN FATAL ACCIDENT (6545-21-912-4986) x3; TRANSIT UNIT MEDICAL SPECIMEN NON-FATAL ACCIDENT (6545-21-912-4985) x4
8115-21-913-5632,CONTAINER ASSY MSTU KIT,EA,2,2,432.5,C,WHSE,,TRANSIT UNIT MEDICAL SPECIMEN FATAL ACCIDENT (6545-21-912-4986) x1; TRANSIT UNIT MEDICAL SPECIMEN NON-FATAL ACCIDENT (6545-21-912-4985) x1
8145-01-582-0735,"TRANSPORT CASE, PELICAN WITH FOAM AND WHEELS. MODEL 1630",EA,1,1,533.36,D,WHSE,,"KIT, MARITIME R1 MTF, MASCAL, EVACUATION, TRAUMA (6545-CF-005-0438) x1"
8145-01-620-7942,DR COLORIMETER CARRYING CASE,EA,1,1,380,C,WHSE,,"TREATMENT KIT, WATER TESTING (6545-20-A0U-8759) x1"
8145-01-682-0894,"SHIPPING AND STORAGE CONTAINER,MISCELLANEOUS EQUIPMENT",EA,12,3,0.81,C,WHSE,,"KIT, TMT CRASH CART, MAJOR WARSHIP, MEDICAL TREATMENT FACILITY (6545-20-A0U-7793) x5; KIT, MARITIME R1 MTF, MASCAL, EVACUATION, TRAUMA (6545-CF-005-0438) x5; KIT, TREATMENT, MED TECH, BAG (6545-CF-002-1002) x2"
8145-20-004-2639,"CASE, PELICAN NO 1630 WITH WHEELS - NO FOAM.",EA,1,1,478.25,D,WHSE,,"KIT, MARITIME R1 MTF, MASCAL, EVACUATION, TRAUMA (6545-CF-005-0438) x1"
8465-01-600-7837,"POUCH, LONG POCKET, COYOTE BROWN, 5.75IN H X 10.25IN W X 2IN D",EA,1,1,94.5,C,WHSE,,"KIT, MARITIME R1 MTF, MASCAL, EVACUATION, TRAUMA (6545-CF-005-0438) x1"
9320-CF-003-0334,"RUBBER SHEET, SELF-ADHESIVE, FOR SPLINTING. DIMENSIONS 1/8IN x 18IN X 24IN(3.2MM X 45.7CM X 60.9CM)",SH,0.5,1,15.59,C,WHSE,,"TREATMENT KIT, GENERAL SUPPLY (DSC) (6545-20-A0U-8770) x0.5"
9330-21-859-2658,"PLASTIC WRAP, ROLL, POLYVINYL CHLORIDE, 29.5CM WIDE, 90M LONG",EA,6,3,3.99,C,ExternalRqn,,"TREATMENT KIT, BANDAGES/DRESSINGS AND TRAYS, MAJOR NAVAL WARSHIP, MEDICAL TREATMENT FACILITY (6545-20-A0U-8755) x1; KIT, MARITIME R1 MTF, MASCAL, EVACUATION, TRAUMA (6545-CF-005-0438) x4; KIT, TREATMENT, MED TECH, BAG (6545-CF-002-1002) x1"
9930-01-331-6244,"POUCH, HUMAN REMAINS, 140 IN. ENVELOPE (2-WAY) ZIPPER W/2 PULLS; HOLDS 300 LBS, 6 HANDLESTRAPS PLUS ADDITIONAL STRAPS EACH SIDE, PACKAGED IN 24 X 24 IN. HEAVY-DUTY VISCERA BAG",EA,1,1,0,C,ExternalRqn,,"KIT, TMT, C.A.F. DIVE TEAM C-SPINE IMMOBILIZATION (6545-20-A0M-1004) x1"
BOOK40,MILIARY FIRST AID (F/A BOOK - UTILIZED ON COURSES) 0500-70-PTO-01,,1,1,19.95,,ExternalRqn,,"KIT, MARITIME R1 MTF, MASCAL, EVACUATION, TRAUMA (6545-CF-005-0438) x1"
BOOKLET4,COPY OF KIT DEFINITION MSTU NON-FATAL,,1,1,0.25,,Resource,,TRANSIT UNIT MEDICAL SPECIMEN NON-FATAL ACCIDENT (6545-21-912-4985) x1
BOOOKLET5,COPY OF KIT DEFINITION MSTU FATAL,,1,1,0.25,,Resource,,TRANSIT UNIT MEDICAL SPECIMEN FATAL ACCIDENT (6545-21-912-4986) x1
CARD2,CARD KIT LIST,,1,1,0.08,,ExternalRqn,,FIRST AID KIT GENERAL PURPOSE NO.1 FOR 1 TO 9 PERSONS (6545-21-111-8439) x1
LABEL1,EXEMPT HUMAN SPECIMEN,,4,1,0.1,,ExternalRqn,,TRANSIT UNIT MEDICAL SPECIMEN NON-FATAL ACCIDENT (6545-21-912-4985) x4
LABEL2,UN 3373 BIOLOGICAL SUBSTANCE CATEGORY B,,4,1,0.1,,ExternalRqn,,TRANSIT UNIT MEDICAL SPECIMEN NON-FATAL ACCIDENT (6545-21-912-4985) x4
LABEL5,EXEMPT HUMAN SPECIMEN,,4,1,0.1,,ExternalRqn,,TRANSIT UNIT MEDICAL SPECIMEN FATAL ACCIDENT (6545-21-912-4986) x4
LABEL6,UN 3373 BIOLOGICAL SUBSTANCE CATEGORY B,,4,1,0.1,,ExternalRqn,,TRANSIT UNIT MEDICAL SPECIMEN FATAL ACCIDENT (6545-21-912-4986) x4
MED TECH TRIAL BAGS PRINTOUT,Med Tech Trial Bags Printout.,,1,1,1.2,,Resource,,"KIT, TREATMENT, MED TECH, BAG (6545-CF-002-1002) x1"
PAMPHLET1,AMA DIRECTIVE 300-02 MEDICAL INVESTIGATION AND REPORTING OF FLIGHT SAFETY OCCURRENCES,,1,1,1.6,,Resource,,TRANSIT UNIT MEDICAL SPECIMEN NON-FATAL ACCIDENT (6545-21-912-4985) x1
PAMPHLET10,EXTERNAL SPECIMEN CHAIN OF CUSTODY FORM AC8025-3,,1,1,0.04,,Resource,,TRANSIT UNIT MEDICAL SPECIMEN FATAL ACCIDENT (6545-21-912-4986) x1
PAMPHLET11,AEC PROTOCOLS PAMPHLET,,1,1,3.1,,Resource,,"KIT, TREATMENT, MEDICATIONS, MED TECH BAG (6545-CF-002-8529) x1"
PAMPHLET14,Preventive and Management of occupational exposure to blood borne pathogens in Canadian Forces Health Services Centres 24 Nov 2017 CDCP 2005-01,,1,1,2.39,,ExternalRqn,,TREATMENT KIT HIV POST-EXPOSURE PROPHYLAXIS (6545-21-920-2280) x1
PAMPHLET2,POST-CRASH - MEMO POST-INCIDENT AND POST-CRASH PROCEDURES,,1,1,0.25,,Resource,,TRANSIT UNIT MEDICAL SPECIMEN NON-FATAL ACCIDENT (6545-21-912-4985) x1
PAMPHLET3,AC 8025-3 EXTERNAL SPECIMEN CHAIN OF CUSTODY FORM,,1,1,0.25,,Resource,,TRANSIT UNIT MEDICAL SPECIMEN NON-FATAL ACCIDENT (6545-21-912-4985) x1
PAMPHLET4,C.F PROCEDURES FOR COLLECTING AND SHIPPING TOXICOLOGY SPECIMENS FROM NON FATAL OCCURRENCES TO FEDERAL AVIATION ADMINISTRATION CIVIL AEROSPACE MEDICAL INSTITUTE.,,1,1,1,,Resource,,TRANSIT UNIT MEDICAL SPECIMEN NON-FATAL ACCIDENT (6545-21-912-4985) x1
PAMPHLET5,EXEMPT SPECIMEN - PHAC MARKING & LABELLING,,1,1,0.5,,Resource,,TRANSIT UNIT MEDICAL SPECIMEN NON-FATAL ACCIDENT (6545-21-912-4985) x1
PAMPHLET6,AMA DIRECTIVE 300-02 MEDICAL INVESTIGATION AND REPORTING OF FLIGHT SAFETY OCCURRENCES.,,1,1,1.6,,Resource,,TRANSIT UNIT MEDICAL SPECIMEN FATAL ACCIDENT (6545-21-912-4986) x1
PAMPHLET7,CF PROCEDURES FOR COLLECTING AND SHIPPING TOXICOLOGY SPECIMENS FROM FATAL OCCURRENCES TO FEDERAL AVIATION ADMINISTRATION CIVIL AEROSPACE MEDICAL INSTITUTE,,1,1,1,,Resource,,TRANSIT UNIT MEDICAL SPECIMEN FATAL ACCIDENT (6545-21-912-4986) x1
PAMPHLET8,POST-INCIDENT AND CRASH PROCEDURES,,1,1,0.02,,Resource,,TRANSIT UNIT MEDICAL SPECIMEN FATAL ACCIDENT (6545-21-912-4986) x1
PAMPHLET9,PHAC MARKING AND LABELLING,,1,1,0.03,,Resource,,TRANSIT UNIT MEDICAL SPECIMEN FATAL ACCIDENT (6545-21-912-4986) x1
